,,,,,,,,,,,,,,,,
,,,,,,,,,,,,,,,,
,,,,,,,,,,,,,,,,
,,,,,,,,,,,,,,,,
"Второй раздел – виды спорта, развитие которых осуществляется на общероссийском уровне, и их спортивные дисциплины",,,,,,,,,,,,,,,,
,,,,,,,,,,,,,,,,
№ п/п,Наименование вида спорта ,Номер-код вида спорта,,,,,,,Наименование спортивной дисциплины ,Номер-код спортивной дисциплины,,,,,,
1,Авиамодельный спорт,152,000,1,4,1,1,Я,класс F-1A,152,001,1,8,1,1,Я
,,,,,,,,,класс F-1B,152,002,1,8,1,1,Я
,,,,,,,,,класс F-1С,152,003,1,8,1,1,Л
,,,,,,,,,класс F-1D,152,004,1,8,1,1,Я
,,,,,,,,,класс F-1E,152,005,1,8,1,1,Я
,,,,,,,,,класс F-1G,152,006,1,8,1,1,Я
,,,,,,,,,класс F-1H,152,007,1,8,1,1,Я
,,,,,,,,,класс F-1P,152,008,1,8,1,1,Н
,,,,,,,,,класс F-2A,152,009,1,8,1,1,Я
,,,,,,,,,класс F-2B,152,010,1,8,1,1,Я
,,,,,,,,,класс F-2C,152,011,1,8,1,1,Я
,,,,,,,,,класс F-2D,152,012,1,8,1,1,Я
,,,,,,,,,класс F-3A,152,013,1,8,1,1,Я
,,,,,,,,,класс F-3B,152,014,1,8,1,1,Я
,,,,,,,,,класс F-3C,152,015,1,8,1,1,Я
,,,,,,,,,класс F-3D,152,016,1,8,1,1,Я
,,,,,,,,,класс F-3E,152,024,1,8,1,1,Я
,,,,,,,,,класс 1/2 F-3D,152,017,1,8,1,1,Я
,,,,,,,,,класс F-3J,152,018,1,8,1,1,Я
,,,,,,,,,класс F-3К,152,036,1,8,1,1,Я
,,,,,,,,,класс F-4B,152,019,1,8,1,1,Я
,,,,,,,,,класс F-4C,152,020,1,8,1,1,Я
,,,,,,,,,класс F-5A,152,021,1,8,1,1,Я
,,,,,,,,,класс F-5B,152,022,1,8,1,1,Я
,,,,,,,,,класс F-5C,152,023,1,8,1,1,Я
,,,,,,,,,класс F-5-D,152,027,1,8,1,1,Н
,,,,,,,,,класс F-5J,152,026,1,8,1,1,Я
,,,,,,,,,класс F-9U,152,025,1,8,1,1,Я
,,,,,,,,,класс  S - 1,152,028,1,8,1,1,Я
,,,,,,,,,класс  S - 3,152,029,1,8,1,1,Я
,,,,,,,,,класс  S - 4,152,030,1,8,1,1,Я
,,,,,,,,,класс  S - 5,152,031,1,8,1,1,Я
,,,,,,,,,класс  S - 6,152,032,1,8,1,1,Я
,,,,,,,,,класс  S - 7,152,033,1,8,1,1,Я
,,,,,,,,,класс  S - 8,152,034,1,8,1,1,Я
,,,,,,,,,класс  S - 9,152,035,1,8,1,1,Я
2,Авиационные гонки,059,000,1,4,1,1,Л,класс - летательный аппарат массой до 115 кг с поршневым двигателем,059,001,1,8,1,1,Л
,,,,,,,,,класс - летательный аппарат массой до 115 кг с реактивным двигателем,059,002,1,8,1,1,Л
,,,,,,,,,класс - самолет поршневой,059,003,1,8,1,1,Л
,,,,,,,,,класс - самолет реактивный,059,004,1,8,1,1,Л
,,,,,,,,,класс - самолет реактивный - высший пилотаж,059,005,1,8,1,1,Л
,,,,,,,,,класс - самолет реактивный - высший пилотаж - известная программа - 1,059,006,1,8,1,1,Л
,,,,,,,,,класс - самолет реактивный - высший пилотаж - известная программа - 2,059,007,1,8,1,1,Л
,,,,,,,,,двоеборье,059,008,1,8,1,1,Л
3,Автомобильный спорт,166,000,5,5,1,1,Я,автомногоборье,166,005,1,8,1,1,Я
,,,,,,,,,"горные гонки - ""1600""",166,001,1,8,1,1,Л
,,,,,,,,,"горные гонки - ""ДЗ""",166,002,1,8,1,1,Л
,,,,,,,,,"горные гонки - ""Свободный""",166,004,1,8,1,1,Л
,,,,,,,,,джип-триал Д1,166,089,1,8,1,1,Л
,,,,,,,,,джип-триал Д2,166,090,1,8,1,1,Л
,,,,,,,,,джип-триал Д3,166,091,1,8,1,1,Л
,,,,,,,,,джип-триал Д4,166,092,1,8,1,1,Л
,,,,,,,,,джип-триал Д5,166,093,1,8,1,1,Л
,,,,,,,,,дрифт,166,014,1,8,1,1,Л
,,,,,,,,,"дрэг-рейсинг ""FSA""",166,095,1,8,1,1,Л
,,,,,,,,,"дрэг-рейсинг ""FSB""",166,096,1,8,1,1,Л
,,,,,,,,,"дрэг-рейсинг ""FSL""",166,094,1,8,1,1,Л
,,,,,,,,,"дрэг-рейсинг ""US""",166,097,1,8,1,1,Л
,,,,,,,,,двоеборье,166,109,2,8,1,1,Л
,,,,,,,,,интерактивные гонки (1-7 группа),166,101,1,8,1,1,Л
,,,,,,,,,"ледовые гонки ""1400""",166,007,3,8,1,1,Л
,,,,,,,,,"ледовые гонки ""1600""",166,008,3,8,1,1,Л
,,,,,,,,,"ледовые гонки ""2000""",166,087,3,8,1,1,Л
,,,,,,,,,"ледовые гонки ""Свободный""",166,009,3,8,1,1,Л
,,,,,,,,,"картинг ""Пионер""",166,011,1,8,1,1,H
,,,,,,,,,"картинг ""Кадет""",166,012,1,8,1,1,H
,,,,,,,,,"картинг ""Мини""",166,013,1,8,1,1,Н
,,,,,,,,,"картинг ""Ротакс Макс""",166,006,1,8,1,1,Я
,,,,,,,,,"картинг ""Национальный""",166,015,1,8,1,1,Я
,,,,,,,,,"картинг ""Супер-мини""",166,003,1,8,1,1,Н
,,,,,,,,,"картинг ""ОК""",166,016,1,8,1,1,Л
,,,,,,,,,"картинг ""OK-j""",166,022,1,8,1,1,Н
,,,,,,,,,"картинг ""KZ1""",166,019,1,8,1,1,Л
,,,,,,,,,"картинг ""KZ2""",166,018,1,8,1,1,Л
,,,,,,,,,"кольцевые гонки ""Спортпрототип CN""",166,021,1,8,1,1,Л
,,,,,,,,,"кольцевые гонки ""Группа F""",166,056,1,8,1,1,Л
,,,,,,,,,"кольцевые гонки ""Формула 3""        ",166,020,1,8,1,1,Л
,,,,,,,,,"кольцевые гонки ""Супер-продакшн""    ",166,098,1,8,1,1,Л
,,,,,,,,,"кольцевые гонки ""Туринг""  ",166,023,1,8,1,1,Л
,,,,,,,,,"кольцевые гонки ""Лада""         ",166,025,1,8,1,1,Л
,,,,,,,,,"кольцевые гонки ""S1600""",166,026,1,8,1,1,Я
,,,,,,,,,"кольцевые гонки ""S2000""",166,074,1,8,1,1,Л
,,,,,,,,,"кольцевые гонки ""Формула 4""",166,027,1,8,1,1,Я
,,,,,,,,,"кольцевые гонки ""Туринг-лайт""    ",166,028,1,8,1,1,Л
,,,,,,,,,"кольцевые гонки ""GT3"" (1-4 группа)",166,072,1,8,1,1,Л
,,,,,,,,,"кольцевые гонки ""GT4"" (1-3 группа)",166,029,1,8,1,1,Л
,,,,,,,,,"кольцевые гонки ""LMP"" (1-2 группа)",166,073,1,8,1,1,Л
,,,,,,,,,"кольцевые гонки ""Формула один""",166,105,1,8,1,1,М
,,,,,,,,,"кольцевые гонки ""Формула Е""",166,108,1,8,1,1,М
,,,,,,,,,"кольцевые гонки ""Формула 2""",166,106,1,8,1,1,Л
,,,,,,,,,"кросс ""Багги 600""",166,010,1,8,1,1,Н
,,,,,,,,,"кросс ""Суперавто""",166,031,1,8,1,1,Л
,,,,,,,,,"кросс ""Супер 1600""",166,030,1,8,1,1,Л
,,,,,,,,,"кросс ""Туринг автокросс""",166,075,1,8,1,1,Л
,,,,,,,,,"кросс ""Д2 - 2500""",166,079,1,8,1,1,Л
,,,,,,,,,"кросс ""Д2 - классика""",166,070,1,8,1,1,Л
,,,,,,,,,"кросс ""Д2 - юниор""",166,039,1,8,1,1,Н
,,,,,,,,,"кросс ""Д2Н""",166,099,1,8,1,1,Л
,,,,,,,,,"кросс ""Д3 - 250""",166,100,1,8,1,1,Н
,,,,,,,,,"кросс ""Д3 - мини""",166,038,1,8,1,1,Н
,,,,,,,,,"кросс ""Д3 - спринт""",166,034,1,8,1,1,Л
,,,,,,,,,"кросс ""Д3 - юниор""",166,035,1,8,1,1,Н
,,,,,,,,,"кросс ""Супер багги""",166,033,1,8,1,1,Л
,,,,,,,,,"кросс ""Багги 1600""",166,032,1,8,1,1,Л
,,,,,,,,,"кросс ""Т1-2500""",166,040,1,8,1,1,Л
,,,,,,,,,"кросс ""Т4-1""",166,041,1,8,1,1,Л
,,,,,,,,,"кросс ""Т4-2""",166,042,1,8,1,1,Л
,,,,,,,,,"кросс ""Т4-3""",166,043,1,8,1,1,Л
,,,,,,,,,"ралли ""R1""",166,044,1,8,1,1,Л
,,,,,,,,,"ралли ""R2""",166,045,1,8,1,1,Л
,,,,,,,,,"ралли ""R3""",166,046,1,8,1,1,Л
,,,,,,,,,"ралли ""N4""",166,047,1,8,1,1,Л
,,,,,,,,,"ралли ""1400H""",166,048,1,8,1,1,Л
,,,,,,,,,"ралли ""1600H""",166,049,1,8,1,1,Л
,,,,,,,,,"ралли ""2000H""",166,050,1,8,1,1,Л
,,,,,,,,,"ралли ""4000H""",166,051,1,8,1,1,Л
,,,,,,,,,"ралли ""абсолютный""",166,102,1,8,1,1,Л
,,,,,,,,,"ралли ""Р9""",166,052,1,8,1,1,Л
,,,,,,,,,ралли 3-й категории,166,088,1,8,1,1,Л
,,,,,,,,,"ралли - кросс ""Суперавто""",166,058,1,8,1,1,Л
,,,,,,,,,"ралли - кросс ""Супер 1600""",166,057,1,8,1,1,Л
,,,,,,,,,"ралли - кросс ""Д2Н""",166,086,1,8,1,1,Л
,,,,,,,,,"ралли - кросс ""Национальный""",166,059,1,8,1,1,Л
,,,,,,,,,"ралли - кросс ""Д2-юниор""",166,060,1,8,1,1,H
,,,,,,,,,"ралли - рейд ""N"" до 1000 км",166,061,1,8,1,1,Л
,,,,,,,,,"ралли - рейд ""N"" свыше 1000 км",166,017,1,8,1,1,Л
,,,,,,,,,"ралли - рейд ""N2"" до 1000 км",166,103,1,8,1,1,Л
,,,,,,,,,"ралли - рейд ""N2"" свыше 1000 км",166,024,1,8,1,1,Л
,,,,,,,,,"ралли - рейд ""T1"" до 1000 км",166,064,1,8,1,1,Л
,,,,,,,,,"ралли - рейд ""Т1"" свыше 1000 км",166,036,1,8,1,1,Л
,,,,,,,,,"ралли - рейд ""T2"" до 1000 км",166,062,1,8,1,1,Л
,,,,,,,,,"ралли - рейд ""Т2"" свыше 1000 км",166,037,1,8,1,1,Л
,,,,,,,,,"ралли - рейд ""T3"" до 1000 км",166,063,1,8,1,1,Л
,,,,,,,,,"ралли - рейд ""Т3"" свыше 1000 км",166,053,1,8,1,1,Л
,,,,,,,,,"ралли - рейд ""T5"" до 1000 км",166,065,1,8,1,1,Л
,,,,,,,,,"ралли - рейд ""Т5"" свыше 1000 км",166,054,1,8,1,1,Л
,,,,,,,,,"ралли - рейд ""абсолютный"" до 1000 км",166,066,1,8,1,1,Л
,,,,,,,,,"ралли - рейд ""абсолютный"" свыше 1000 км",166,055,1,8,1,1,Л
,,,,,,,,,"ралли - рейд ""R"" до 1000 км",166,067,1,8,1,1,Л
,,,,,,,,,"ралли - рейд ""R"" свыше 1000 км",166,071,1,8,1,1,Л
,,,,,,,,,"ралли - спринт ""1400""",166,068,1,8,1,1,Л
,,,,,,,,,"ралли - спринт ""1600""",166,069,1,8,1,1,Л
,,,,,,,,,"ралли - спринт ""2000""",166,084,1,8,1,1,Л
,,,,,,,,,"ралли-спринт ""свободный""",166,085,1,8,1,1,Л
,,,,,,,,,"трековые гонки ""N-1600"" ",166,078,3,8,1,1,Л
,,,,,,,,,"трековые гонки ""А-1600"" ",166,076,3,8,1,1,Л
,,,,,,,,,"трековые гонки ""Национальный""",166,077,3,8,1,1,Л
,,,,,,,,,"трековые гонки ""Лада""",166,080,3,8,1,1,Л
,,,,,,,,,"трофи - рейд ""абсолютный""",166,104,1,8,1,1,Л
,,,,,,,,,"трофи - рейд ""ТР1""",166,081,1,8,1,1,Л
,,,,,,,,,"трофи - рейд ""ТР2""",166,082,1,8,1,1,Л
,,,,,,,,,"трофи - рейд ""ТР3""",166,083,1,8,1,1,Л
4,Айкидо,070,000,1,4,1,1,Я,кихон-вадза - парный разряд,070,001,1,8,1,1,Я
,,,,,,,,,дзюи-вадза - групповой разряд,070,003,1,8,1,1,Я
,,,,,,,,,дзюи-вадза - парный разряд,070,002,1,8,1,1,Я
,,,,,,,,,комплекс - техника,070,004,1,8,1,1,Я
5,Акробатический рок-н-ролл,150,000,1,4,1,1,Я,А класс - микст,150,002,1,8,1,1,Я
,,,,,,,,,В класс - микст,150,003,1,8,1,1,Я
,,,,,,,,,М класс - микст,150,001,1,8,1,1,Л
,,,,,,,,,буги-вуги,150,005,1,8,1,1,Я
,,,,,,,,,формейшн - микст,150,004,1,8,1,1,Я
,,,,,,,,,формейшн,150,007,1,8,1,1,Б
6,Альпинизм,055,000,5,6,1,1,Я,класс - скальный,055,001,1,8,1,1,Л
,,,,,,,,,класс - технический,055,002,1,8,1,1,Л
,,,,,,,,,класс - высотно-технический,055,003,1,8,1,1,Л
,,,,,,,,,класс - высотный,055,004,1,8,1,1,Л
,,,,,,,,,класс - ледово-снежный,055,006,3,8,1,1,Л
,,,,,,,,,класс - первопрохождений,055,007,1,8,1,1,Л
,,,,,,,,,ледолазание - скорость,055,008,3,8,1,1,Я
,,,,,,,,,ледолазание - трудность,055,009,3,8,1,1,Я
,,,,,,,,,ледолазание - комбинация,055,017,3,8,1,1,Я
,,,,,,,,,скайраннинг - вертикальный километр,055,013,1,8,1,1,Л
,,,,,,,,,скайраннинг - гонка,055,012,1,8,1,1,Л
,,,,,,,,,скайраннинг - марафон,055,005,1,8,1,1,Л
,,,,,,,,,ски - альпинизм - спринт,055,015,3,6,1,1,Я
,,,,,,,,,ски - альпинизм - гонка,055,010,3,8,1,1,Я
,,,,,,,,,ски - альпинизм -  гонка вертикальная,055,014,3,8,1,1,Я
,,,,,,,,,ски - альпинизм - командная гонка,055,011,3,8,1,1,Л
,,,,,,,,,ски - альпинизм - эстафета,055,016,3,6,1,1,Я
7,Американский футбол,061,000,2,3,1,1,Г,американский футбол,061,001,2,8,1,1,А
,,,,,,,,,флаг - футбол,061,002,2,8,1,1,Г
8,Армрестлинг,099,000,1,4,1,1,Я,весовая категория 40 кг,099,001,1,8,1,1,Д
,,,,,,,,,весовая категория 45 кг,099,003,1,8,1,1,Н
,,,,,,,,,весовая категория 50 кг,099,006,1,8,1,1,С
,,,,,,,,,весовая категория 55 кг,099,009,1,8,1,1,Я
,,,,,,,,,весовая категория 60 кг,099,011,1,8,1,1,Я
,,,,,,,,,весовая категория 65 кг,099,013,1,8,1,1,Я
,,,,,,,,,весовая категория 70 кг,099,019,1,8,1,1,Я
,,,,,,,,,весовая категория 70+ кг,099,020,1,8,1,1,Н
,,,,,,,,,весовая категория 75 кг,099,021,1,8,1,1,А
,,,,,,,,,весовая категория 80 кг,099,015,1,8,1,1,Г
,,,,,,,,,весовая категория 80+ кг,099,022,1,8,1,1,Э
,,,,,,,,,весовая категория 85 кг,099,023,1,8,1,1,А
,,,,,,,,,весовая категория 90 кг,099,024,1,8,1,1,Г
,,,,,,,,,весовая категория 90+ кг,099,014,1,8,1,1,Э
,,,,,,,,,весовая категория 100 кг,099,025,1,8,1,1,М
,,,,,,,,,весовая категория 110 кг,099,027,1,8,1,1,М
,,,,,,,,,весовая категория 110+ кг,099,026,1,8,1,1,М
,,,,,,,,,ПОДА - весовая категория 50 кг (PIU),099,002,1,7,1,1,Д
,,,,,,,,,ПОДА - весовая категория 50+ кг (PIU),099,004,1,7,1,1,Д
,,,,,,,,,ПОДА - весовая категория 55 кг (PID),099,005,1,7,1,1,М
,,,,,,,,,ПОДА - весовая категория 55 кг (PIU),099,007,1,7,1,1,Ю
,,,,,,,,,ПОДА - весовая категория 55+ кг (PIU),099,008,1,7,1,1,Ю
,,,,,,,,,ПОДА - весовая категория 60 кг (PIU),099,010,1,7,1,1,М
,,,,,,,,,ПОДА - весовая категория 65 кг (PID),099,012,1,7,1,1,Л
,,,,,,,,,ПОДА - весовая категория 65 кг (PIU),099,016,1,7,1,1,Ж
,,,,,,,,,ПОДА - весовая категория 65+ кг (PID),099,037,1,7,1,1,Ж
,,,,,,,,,ПОДА - весовая категория 65+ кг (PIU),099,017,1,7,1,1,Ж
,,,,,,,,,ПОДА - весовая категория 70 кг (PIU),099,018,1,7,1,1,М
,,,,,,,,,ПОДА - весовая категория 75 кг (PID),099,028,1,7,1,1,М
,,,,,,,,,ПОДА - весовая категория 75+ кг (PID),099,029,1,7,1,1,М
,,,,,,,,,"ПОДА - весовая категория 85 кг, правая рука (PIDH)",099,030,1,7,1,1,М
,,,,,,,,,"ПОДА - весовая категория 85 кг, правая рука (PIUH)",099,038,1,7,1,1,М
,,,,,,,,,"ПОДА - весовая категория 85 кг, левая рука (PIDH)",099,031,1,7,1,1,М
,,,,,,,,,"ПОДА - весовая категория 85 кг, левая рука (PIUH)",099,039,1,7,1,1,М
,,,,,,,,,ПОДА - весовая категория 80 кг (PIU),099,032,1,7,1,1,М
,,,,,,,,,"ПОДА - весовая категория 85+ кг, правая рука (PIDH)",099,033,1,7,1,1,М
,,,,,,,,,"ПОДА - весовая категория 85+ кг, правая рука (PIUH)",099,040,1,7,1,1,М
,,,,,,,,,"ПОДА - весовая категория 85+ кг, левая рука (PIDH)",099,034,1,7,1,1,М
,,,,,,,,,"ПОДА - весовая категория 85+ кг, левая рука (PIUH)",099,041,1,7,1,1,М
,,,,,,,,,ПОДА - весовая категория 90 кг (PIU),099,035,1,7,1,1,М
,,,,,,,,,ПОДА - весовая категория 90+ кг (PIU),099,036,1,7,1,1,М
9,Бадминтон,024,000,2,6,1,1,Я,одиночный разряд,024,001,2,6,1,1,Я
,,,,,,,,,парный разряд,024,002,2,6,1,1,Я
,,,,,,,,,смешанный парный разряд,024,003,2,6,1,1,Я
,,,,,,,,,командные соревнования,024,004,2,8,1,1,Я
10,Баскетбол,014,000,2,6,1,1,Я,баскетбол,014,001,2,6,1,1,Я
,,,,,,,,,мини-баскетбол,014,003,2,8,1,1,Н
,,,,,,,,,баскетбол 3х3,014,002,2,6,1,1,Я
,,,,,,,,,баскетбольное двоеборье,014,005,2,8,1,1,М
,,,,,,,,,интерактивный баскетбол,014,004,2,8,1,1,М
11,Бейсбол,018,000,2,6,1,1,Я,бейсбол,018,001,2,6,1,1,Г
,,,,,,,,,бейсбол - 5 - смешанный,018,002,2,8,1,1,Я
12,Биатлон,040,000,5,6,1,1,Я,"гонка 3,6 км или 4,8 км",040,001,3,8,1,1,Д
,,,,,,,,,"гонка 4,5 км или 6 км",040,002,3,8,1,1,Ю
,,,,,,,,,"гонка 7,5 км",040,003,3,8,1,1,Д
,,,,,,,,,гонка 10 км,040,004,3,8,1,1,Н
,,,,,,,,,"гонка 12,5 км",040,005,3,8,1,1,Н
,,,,,,,,,гонка 15 км,040,006,3,6,1,1,Э
,,,,,,,,,гонка 20 км,040,007,3,6,1,1,М
,,,,,,,,,гонка 30 км,040,008,3,8,1,1,Ж
,,,,,,,,,гонка 40 км,040,009,3,8,1,1,М
,,,,,,,,,"командная гонка 4,5 км",040,010,3,8,1,1,Д
,,,,,,,,,командная гонка 6 км,040,011,3,8,1,1,Н
,,,,,,,,,"командная гонка 7,5 км",040,012,3,8,1,1,С
,,,,,,,,,командная гонка 10 км,040,013,3,8,1,1,А
,,,,,,,,,масстарт 3 км или 4 км,040,014,3,8,1,1,Д
,,,,,,,,,"масстарт 3,6 км или 4,8 км",040,015,3,8,1,1,Ю
,,,,,,,,,масстарт 6 км,040,016,3,8,1,1,Д
,,,,,,,,,"масстарт 7,5 км",040,017,3,8,1,1,Н
,,,,,,,,,масстарт 10 км,040,018,3,8,1,1,Н
,,,,,,,,,"масстарт 12,5 км",040,019,3,6,1,1,Э
,,,,,,,,,масстарт 15 км,040,020,3,6,1,1,М
,,,,,,,,,масстарт - большой 9 км,040,122,3,8,1,1,Д
,,,,,,,,,масстарт - большой 12 км,040,125,3,8,1,1,Э
,,,,,,,,,масстарт - большой 15 км,040,126,3,8,1,1,М
,,,,,,,,,патрульная гонка 15 км,040,021,3,8,1,1,Д
,,,,,,,,,патрульная гонка 20 км,040,022,3,8,1,1,Э
,,,,,,,,,патрульная гонка 25 км,040,023,3,8,1,1,М
,,,,,,,,,"гонка преследования 3,0 км или 4 км",040,024,3,8,1,1,Д
,,,,,,,,,"гонка преследования 3,6 км или 4,8 км",040,025,3,8,1,1,Ю
,,,,,,,,,гонка преследования 6 км,040,026,3,8,1,1,Д
,,,,,,,,,"гонка преследования 7,5 км",040,027,3,8,1,1,Н
,,,,,,,,,гонка преследования 10 км,040,028,3,6,1,1,С
,,,,,,,,,"гонка преследования 12,5 км",040,029,3,6,1,1,А
,,,,,,,,,спринт 3 км,040,030,3,8,1,1,Д
,,,,,,,,,"спринт 3,6 км",040,031,3,8,1,1,Н
,,,,,,,,,"спринт 4,5 км",040,032,3,8,1,1,Н
,,,,,,,,,спринт 6 км,040,033,3,8,1,1,Н
,,,,,,,,,"спринт 7,5 км",040,034,3,6,1,1,С
,,,,,,,,,спринт 10 км,040,035,3,6,1,1,А
,,,,,,,,,суперперсьют 6 км,040,036,3,8,1,1,Б
,,,,,,,,,"суперперсьют 7,5 км",040,037,3,8,1,1,А
,,,,,,,,,"суперспринт 7,5 км",040,062,3,8,1,1,Я
,,,,,,,,,суперспринт 5 км,040,038,3,8,1,1,Я
,,,,,,,,,эстафета (3 человека х 3 км),040,039,3,8,1,1,Д
,,,,,,,,,"эстафета (3 человека х 3,6 км)",040,040,3,8,1,1,Н
,,,,,,,,,"эстафета (3 человека х 4,5 км)",040,041,3,8,1,1,Н
,,,,,,,,,эстафета (3 человека х 6 км),040,042,3,8,1,1,Н
,,,,,,,,,"эстафета (3 человека х 7,5 км)",040,043,3,8,1,1,Ю
,,,,,,,,,эстафета (4 человека х 6 км),040,044,3,6,1,1,Ж
,,,,,,,,,"эстафета (4 человека х 7,5 км)",040,045,3,6,1,1,А
,,,,,,,,,"эстафета - смешанная (1 ж х 4,8 км + 1 м х 6,0 км)",040,121,3,8,1,1,Н
,,,,,,,,,"эстафета - смешанная (1 ж х 6,0 км + 1 м х 7,5 км)",040,120,3,8,1,1,Я
,,,,,,,,,эстафета - смешанная (1 ж х 4 км + 1 м х 5 км),040,046,3,8,1,1,Н
,,,,,,,,,"эстафета - смешанная (2 ж х 3,6 км + 2 м х 3,6 км)",040,127,3,8,1,1,Н
,,,,,,,,,"эстафета - смешанная (2 ж х 4,5 км + 2 м х 4,5 км)",040,047,3,8,1,1,Н
,,,,,,,,,эстафета - смешанная (2 ж х 6 км + 2 м х 6 км),040,048,3,6,1,1,Я
,,,,,,,,,"кросс - гонка 2,4 км",040,049,1,8,1,1,Д
,,,,,,,,,кросс - гонка 3 км,040,050,1,8,1,1,Н
,,,,,,,,,"кросс - гонка 4,8 км",040,051,1,8,1,1,Ю
,,,,,,,,,кросс - гонка 5 км,040,052,1,8,1,1,Д
,,,,,,,,,кросс - гонка 6 км,040,053,1,8,1,1,Ю
,,,,,,,,,"кросс-гонка 7,5 км",040,054,1,8,1,1,Б
,,,,,,,,,кросс - гонка 10 км,040,055,1,8,1,1,А
,,,,,,,,,"кросс - масстарт 2,4 км",040,124,1,8,1,1,Д
,,,,,,,,,"кросс - масстарт 3,2 км",040,056,1,8,1,1,Д
,,,,,,,,,"кросс - масстарт 3,0 км",040,057,1,8,1,1,Н
,,,,,,,,,кросс - масстарт 4 км,040,058,1,8,1,1,Н
,,,,,,,,,кросс - масстарт 5 км,040,059,1,8,1,1,Ю
,,,,,,,,,кросс - масстарт 6 км,040,060,1,8,1,1,Б
,,,,,,,,,"кросс - масстарт 7,5 км",040,061,1,8,1,1,А
,,,,,,,,,"кросс - спринт 1,8 км",040,068,1,8,1,1,Д
,,,,,,,,,"кросс - спринт 2,4 км",040,069,1,8,1,1,Н
,,,,,,,,,кросс - спринт 3 км,040,070,1,8,1,1,Н
,,,,,,,,,"кросс - спринт 3,6 км",040,071,1,8,1,1,Ю
,,,,,,,,,"кросс - спринт  4,5 км",040,072,1,8,1,1,Б
,,,,,,,,,кросс - спринт  6 км,040,073,1,8,1,1,А
,,,,,,,,,"кросс - эстафета (3 человека х 1,8 км)",040,074,1,8,1,1,Д
,,,,,,,,,кросс - эстафета (3 человека х 3 км),040,075,1,8,1,1,Н
,,,,,,,,,"кросс - эстафета (3 человека х 3,6 км)",040,076,1,8,1,1,Ю
,,,,,,,,,"кросс - эстафета (3 человека х 4,5 км)",040,077,1,8,1,1,Д
,,,,,,,,,"кросс - эстафета (4 человека х 4,5 км)",040,078,1,8,1,1,Ж
,,,,,,,,,кросс - эстафета (4 человека х 6 км),040,079,1,8,1,1,А
,,,,,,,,,"кросс - эстафета - смешанная (2 ж х 2,4 км + 2 м х 2,4 км)",040,080,1,8,1,1,Н
,,,,,,,,,кросс - эстафета - смешанная (2 ж х 3 км + 2 м х 3 км),040,081,1,8,1,1,Н
,,,,,,,,,"кросс - эстафета - смешанная (2 ж х 4,5 км + 2 м х 4,5 км)",040,082,1,8,1,1,Я
,,,,,,,,,"роллеры - гонка 3,6 км или 4,8 км",040,083,1,8,1,1,Д
,,,,,,,,,"роллеры - гонка 4,5 км или 6 км",040,084,1,8,1,1,Ю
,,,,,,,,,"роллеры - гонка 7,5 км",040,085,1,8,1,1,Д
,,,,,,,,,роллеры - гонка 10 км,040,086,1,8,1,1,Н
,,,,,,,,,"роллеры - гонка 12,5 км",040,087,1,8,1,1,Н
,,,,,,,,,роллеры - гонка 15 км,040,088,1,8,1,1,Э
,,,,,,,,,роллеры - гонка 20 км,040,089,1,8,1,1,М
,,,,,,,,,роллеры - масстарт 3 км или 4 км,040,090,1,8,1,1,Д
,,,,,,,,,"роллеры - масстарт 3,6 км или 4,8 км",040,091,1,8,1,1,Ю
,,,,,,,,,роллеры - масстарт 6 км,040,092,1,8,1,1,Д
,,,,,,,,,"роллеры - масстарт 7,5 км",040,093,1,8,1,1,Н
,,,,,,,,,роллеры - масстарт 10 км,040,094,1,8,1,1,Н
,,,,,,,,,"роллеры - масстарт 12,5 км",040,095,1,8,1,1,Э
,,,,,,,,,роллеры - масстарт 15 км,040,096,1,8,1,1,М
,,,,,,,,,роллеры - гонка преследования 3 км или  4 км,040,097,1,8,1,1,Д
,,,,,,,,,"роллеры - гонка преследования 3,6 км или 4,8 км",040,098,1,8,1,1,Ю
,,,,,,,,,роллеры - гонка преследования 6 км,040,099,1,8,1,1,Д
,,,,,,,,,"роллеры - гонка преследования 7,5 км",040,100,1,8,1,1,Н
,,,,,,,,,роллеры - гонка преследования 10 км,040,101,1,8,1,1,С
,,,,,,,,,"роллеры - гонка преследования 12,5 км",040,102,1,8,1,1,А
,,,,,,,,,роллеры - спринт 3 км,040,103,1,8,1,1,Д
,,,,,,,,,"роллеры - спринт 3,6 км",040,104,1,8,1,1,Н
,,,,,,,,,"роллеры - спринт 4,5 км",040,105,1,8,1,1,Н
,,,,,,,,,роллеры - спринт 6 км,040,106,1,8,1,1,Н
,,,,,,,,,"роллеры - спринт 7,5 км",040,107,1,8,1,1,С
,,,,,,,,,роллеры - спринт 10 км,040,108,1,8,1,1,А
,,,,,,,,,роллеры - суперспринт 5 км,040,128,3,8,1,1,Я
,,,,,,,,,"роллеры - суперспринт 7,5 км",040,063,1,8,1,1,Я
,,,,,,,,,роллеры - эстафета (3 человека х 3 км),040,109,1,8,1,1,Д
,,,,,,,,,"роллеры - эстафета (3 человека х 3,6 км)",040,110,1,8,1,1,Н
,,,,,,,,,"роллеры - эстафета (3 человека х 4,5 км)",040,111,1,8,1,1,Н
,,,,,,,,,роллеры - эстафета (3 человека х 6 км),040,112,1,8,1,1,Н
,,,,,,,,,"роллеры - эстафета (3 человека х 7,5 км)",040,113,1,8,1,1,Ю
,,,,,,,,,роллеры - эстафета (4 человека х 6 км),040,114,1,8,1,1,Ж
,,,,,,,,,"роллеры - эстафета (4 человека х 7,5 км)",040,115,1,8,1,1,А
,,,,,,,,,роллеры - эстафета - смешанная (1 ж х 4 км + 1 м х 5 км),040,129,3,8,1,1,Н
,,,,,,,,,"роллеры - эстафета - смешанная (1 ж х 4,8 км + 1 м х 6 км)",040,130,3,8,1,1,Н
,,,,,,,,,"роллеры - эстафета - смешанная (1 ж х 6 км + 1 м х 7,5 км)",040,131,3,8,1,1,Я
,,,,,,,,,роллеры - эстафета - смешанная (2 ж х 3 км + 2 м х 3 км),040,116,1,8,1,1,Н
,,,,,,,,,"роллеры - эстафета - смешанная (2 ж х 3,6 км + 2 м х 3,6 км)",040,117,1,8,1,1,Н
,,,,,,,,,"роллеры - эстафета - смешанная (2 ж х 4,5 км + 2 м х 4,5 км)",040,118,1,8,1,1,Н
,,,,,,,,,роллеры - эстафета - смешанная (2 ж х 6 км + 2 м х 6 км),040,119,1,8,1,1,Я
13,Бильярдный спорт,062,000,2,5,1,1,Я,динамичная пирамида,062,009,2,8,1,1,Я
,,,,,,,,,карамболь 3 борта,062,007,2,8,1,1,А
,,,,,,,,,комбинированная пирамида,062,002,2,8,1,1,Я
,,,,,,,,,пул  8,062,004,2,8,1,1,Я
,,,,,,,,,пул  9,062,005,2,8,1,1,Я
,,,,,,,,,пул 10,062,010,2,8,1,1,Я
,,,,,,,,,пул 14+1,062,006,2,8,1,1,Я
,,,,,,,,,пул – командные соревнования,062,011,2,8,1,1,Я
,,,,,,,,,русская пирамида,062,003,2,8,1,1,Я
,,,,,,,,,свободная пирамида,062,001,2,8,1,1,Я
,,,,,,,,,свободная пирамида с продолжением,062,016,2,8,1,1,Я
,,,,,,,,,пирамида – командные соревнования,062,012,2,8,1,1,Я
,,,,,,,,,снукер – 1 красный,062,013,2,8,1,1,Я
,,,,,,,,,снукер – 6 красных,062,014,2,8,1,1,Я
,,,,,,,,,снукер – 15 красных,062,008,2,8,1,1,Я
,,,,,,,,,снукер – командные соревнования,062,015,2,8,1,1,Л
14,Бобслей,033,000,3,6,1,1,Я,двухместный экипаж,033,001,3,6,1,1,Я
,,,,,,,,,четырехместный экипаж,033,002,3,6,1,1,А
,,,,,,,,,комбинированный заезд,033,007,3,8,1,1,Л
,,,,,,,,,монобоб,033,008,3,6,1,1,С
,,,,,,,,,пара - смешанная,033,009,3,8,1,1,Я
,,,,,,,,,скелетон,033,003,3,6,1,1,Я
,,,,,,,,,бобстарт - 2,033,004,3,8,1,1,Л
,,,,,,,,,бобстарт - 4,033,005,3,8,1,1,М
,,,,,,,,,скелетонстарт,033,006,3,8,1,1,Л
15,Бодибилдинг,164,000,1,4,1,1,Я,бодифитнес - рост 158 см,164,015,1,8,1,1,Ж
,,,,,,,,,бодифитнес - рост 163 см,164,016,1,8,1,1,Б
,,,,,,,,,бодифитнес - рост 163+ см,164,011,1,8,1,1,Д
,,,,,,,,,бодифитнес -  рост 168 см,164,012,1,8,1,1,Ж
,,,,,,,,,бодифитнес -  рост 168+ см,164,014,1,8,1,1,Ж
,,,,,,,,,весовая категория  70 кг,164,005,1,8,1,1,М
,,,,,,,,,весовая категория  75 кг,164,006,1,8,1,1,А
,,,,,,,,,весовая категория  75+ кг,164,018,1,8,1,1,Ю
,,,,,,,,,весовая категория  80 кг,164,007,1,8,1,1,М
,,,,,,,,,весовая категория 85 кг,164,004,1,8,1,1,М
,,,,,,,,,весовая категория  90 кг,164,008,1,8,1,1,М
,,,,,,,,,весовая категория 95 кг,164,029,1,8,1,1,М
,,,,,,,,,весовая категория 100 кг,164,009,1,8,1,1,М
,,,,,,,,,весовая категория 100+ кг,164,010,1,8,1,1,М
,,,,,,,,,весовая категория - абсолютная,164,003,1,8,1,1,Д
,,,,,,,,,ростовая категория 163 см,164,001,1,8,1,1,Ж
,,,,,,,,,ростовая категория 163+ см,164,002,1,8,1,1,Ж
,,,,,,,,,ростовая категория 171 см,164,023,1,8,1,1,М
,,,,,,,,,ростовая категория 175 см,164,024,1,8,1,1,М
,,,,,,,,,ростовая категория 180 см,164,025,1,8,1,1,М
,,,,,,,,,ростовая категория 180+ см,164,026,1,8,1,1,М
,,,,,,,,,ростовая категория - абсолютная,164,022,1,8,1,1,Ю
,,,,,,,,,пляжный бодибилдинг - ростовая категория 176 см,164,030,1,8,1,1,М
,,,,,,,,,пляжный бодибилдинг - ростовая категория 182 см,164,031,1,8,1,1,М
,,,,,,,,,пляжный бодибилдинг - ростовая категория 182+ см,164,032,1,8,1,1,М
,,,,,,,,,пляжный бодибилдинг - ростовая категория - абсолютная,164,033,1,8,1,1,А
,,,,,,,,,атлетик - рост 171 см,164,013,1,8,1,1,М
,,,,,,,,,атлетик - рост 175 см,164,019,1,8,1,1,М
,,,,,,,,,атлетик - рост 180 см,164,020,1,8,1,1,М
,,,,,,,,,атлетик - рост 180+ см,164,021,1,8,1,1,М
,,,,,,,,,фитнес - рост 163 см,164,027,1,8,1,1,Б
,,,,,,,,,фитнес - рост 163+ см,164,028,1,8,1,1,Б
,,,,,,,,,фитнес - абсолютная категория,164,017,1,8,1,1,Ф
,,,,,,,,,фитнес - эстетический - ростовая категория 158 см,164,034,1,8,1,1,Ж
,,,,,,,,,фитнес - эстетический - ростовая категория 160 см,164,035,1,8,1,1,Ж
,,,,,,,,,фитнес - эстетический - ростовая категория 162 см,164,036,1,8,1,1,Ж
,,,,,,,,,фитнес - эстетический - ростовая категория 164 см,164,037,1,8,1,1,Ж
,,,,,,,,,фитнес - эстетический - ростовая категория 166 см,164,038,1,8,1,1,Б
,,,,,,,,,фитнес - эстетический - ростовая категория 166+ см,164,039,1,8,1,1,Д
,,,,,,,,,фитнес - эстетический - ростовая категория 169 см,164,040,1,8,1,1,Ж
,,,,,,,,,фитнес - эстетический - ростовая категория 172 см,164,041,1,8,1,1,Ж
,,,,,,,,,фитнес - эстетический - ростовая категория 172+ см,164,042,1,8,1,1,Ж
16,Бокс,025,000,8,6,1,1,Я,весовая категория  36 кг,025,055,1,8,1,1,Д
,,,,,,,,,весовая категория 38 кг,025,004,1,8,1,1,Д
,,,,,,,,,"весовая категория  38,5 кг",025,001,1,8,1,1,Ю
,,,,,,,,,весовая категория  40 кг,025,002,1,8,1,1,Н
,,,,,,,,,весовая категория  42 кг,025,057,1,8,1,1,Н
,,,,,,,,,весовая категория 44 кг,025,005,1,8,1,1,Н
,,,,,,,,,весовая категория  46 кг,025,006,1,8,1,1,Н
,,,,,,,,,"весовая категория 47,627 кг",025,036,1,8,1,1,Л
,,,,,,,,,весовая категория  48 кг,025,007,1,8,1,1,Я
,,,,,,,,,"весовая категория 48,988 кг",025,037,1,8,1,1,Л
,,,,,,,,,весовая категория  50 кг,025,009,1,6,1,1,С
,,,,,,,,,"весовая категория 50,802 кг",025,038,1,8,1,1,Л
,,,,,,,,,весовая категория  51 кг,025,010,1,6,1,1,Ф
,,,,,,,,,весовая категория  52 кг,025,011,1,8,1,1,С
,,,,,,,,,"весовая категория 52,163 кг ",025,039,1,8,1,1,Л
,,,,,,,,,"весовая категория 53,525 кг",025,040,1,8,1,1,Л
,,,,,,,,,весовая категория  54 кг,025,012,1,6,1,1,Я
,,,,,,,,,"весовая категория 55,225 кг",025,041,1,8,1,1,Л
,,,,,,,,,весовая категория  57 кг,025,014,1,6,1,1,Я
,,,,,,,,,"весовая категория 57,153 кг",025,042,1,8,1,1,Л
,,,,,,,,,"весовая категория 58,967 кг",025,043,1,8,1,1,Л
,,,,,,,,,весовая категория  59 кг,025,015,1,8,1,1,Ю
,,,,,,,,,весовая категория  60 кг,025,016,1,6,1,1,Я
,,,,,,,,,"весовая категория 61,235 кг",025,044,1,8,1,1,Л
,,,,,,,,,весовая категория  63 кг,025,018,1,8,1,1,С
,,,,,,,,,"весовая категория 63,5 кг",025,003,1,6,1,1,А
,,,,,,,,,"весовая категория 63,503 кг",025,045,1,8,1,1,Л
,,,,,,,,,весовая категория  64 кг,025,019,1,8,1,1,Я
,,,,,,,,,весовая категория  65 кг,025,020,1,8,1,1,Ю
,,,,,,,,,весовая категория  66 кг,025,021,1,6,1,1,С
,,,,,,,,,"весовая категория 66,678 кг",025,046,1,8,1,1,Л
,,,,,,,,,весовая категория 67 кг,025,059,1,8,1,1,А
,,,,,,,,,весовая категория  68 кг,025,022,1,8,1,1,Ю
,,,,,,,,,"весовая категория 69,850 кг",025,047,1,8,1,1,Л
,,,,,,,,,весовая категория  70 кг,025,024,1,8,1,1,С
,,,,,,,,,весовая категория 71 кг,025,017,1,6,1,1,А
,,,,,,,,,весовая категория  72 кг,025,025,1,8,1,1,Ю
,,,,,,,,,"весовая категория 72,574 кг",025,048,1,8,1,1,Л
,,,,,,,,,весовая категория  75 кг,025,026,1,6,1,1,Я
,,,,,,,,,весовая категория  76 кг,025,027,1,8,1,1,Ю
,,,,,,,,,"весовая категория 76,203 кг",025,049,1,8,1,1,Л
,,,,,,,,,весовая категория  76+ кг,025,028,1,8,1,1,Ю
,,,,,,,,,"весовая категория 79,378 кг",025,050,1,8,1,1,Л
,,,,,,,,,весовая категория  80 кг,025,029,1,6,1,1,Ф
,,,,,,,,,весовая категория  80+ кг,025,030,1,8,1,1,Н
,,,,,,,,,весовая категория  81 кг,025,031,1,8,1,1,Б
,,,,,,,,,весовая категория  81+ кг,025,032,1,8,1,1,Б
,,,,,,,,,весовая категория 86 кг,025,056,1,8,1,1,А
,,,,,,,,,весовая категория 90 кг,025,053,1,8,1,1,Ю
,,,,,,,,,весовая категория 90+ кг,025,054,1,8,1,1,Ю
,,,,,,,,,"весовая категория 90,718 кг",025,051,1,8,1,1,Л
,,,,,,,,,"весовая категория 90,718+ кг",025,052,1,8,1,1,Л
,,,,,,,,,весовая категория 92 кг,025,033,1,6,1,1,А
,,,,,,,,,весовая категория 92+ кг,025,034,1,6,1,1,А
,,,,,,,,,командные соревнования,025,035,1,8,1,1,Л
,,,,,,,,,кулачный бой - весовая категория 55 кг,025,058,1,8,1,1,М
,,,,,,,,,кулачный бой - весовая категория 60 кг,025,061,1,8,1,1,М
,,,,,,,,,кулачный бой - весовая категория 65 кг,025,062,1,8,1,1,М
,,,,,,,,,кулачный бой - весовая категория 70 кг,025,063,1,8,1,1,М
,,,,,,,,,кулачный бой - весовая категория 75 кг,025,064,1,8,1,1,М
,,,,,,,,,кулачный бой - весовая категория 80 кг,025,065,1,8,1,1,М
,,,,,,,,,кулачный бой - весовая категория 85 кг,025,066,1,8,1,1,М
,,,,,,,,,кулачный бой - весовая категория 100 кг,025,067,1,8,1,1,М
,,,,,,,,,кулачный бой - весовая категория 100+ кг,025,068,1,8,1,1,М
,,,,,,,,,удар на силу - весовая категория 54 кг,025,008,1,8,1,1,М
,,,,,,,,,удар на силу - весовая категория 60 кг,025,013,1,8,1,1,М
,,,,,,,,,удар на силу - весовая категория 67 кг,025,023,1,8,1,1,М
,,,,,,,,,удар на силу - весовая категория 75 кг,025,069,1,8,1,1,М
,,,,,,,,,удар на силу - весовая категория 80 кг,025,070,1,8,1,1,М
,,,,,,,,,удар на силу - весовая категория 86 кг,025,071,1,8,1,1,М
,,,,,,,,,удар на силу - весовая категория 92 кг,025,072,1,8,1,1,М
,,,,,,,,,удар на силу - весовая категория 92+ кг,025,073,1,8,1,1,М
,,,,,,,,,удар на скорость - весовая категория 54 кг,025,074,1,8,1,1,М
,,,,,,,,,удар на скорость - весовая категория 60 кг,025,075,1,8,1,1,М
,,,,,,,,,удар на скорость - весовая категория 67 кг,025,076,1,8,1,1,М
,,,,,,,,,удар на скорость - весовая категория 75 кг,025,077,1,8,1,1,М
,,,,,,,,,удар на скорость - весовая категория 80 кг,025,078,1,8,1,1,М
,,,,,,,,,удар на скорость - весовая категория 86 кг,025,079,1,8,1,1,М
,,,,,,,,,удар на скорость - весовая категория 92 кг,025,080,1,8,1,1,М
,,,,,,,,,удар на скорость - весовая категория 92+ кг,025,081,1,8,1,1,М
,,,,,,,,,интерактивный бокс,025,060,2,8,1,1,Л
17,Борьба на поясах,054,000,1,4,1,1,Я,вольный стиль-весовая категория 36 кг,054,001,1,8,1,1,Ю
,,,,,,,,,вольный стиль-весовая категория 40 кг,054,002,1,8,1,1,Ю
,,,,,,,,,вольный стиль-весовая категория 44 кг,054,003,1,8,1,1,Д
,,,,,,,,,вольный стиль-весовая категория 45 кг,054,037,1,8,1,1,Ю
,,,,,,,,,вольный стиль-весовая категория 48 кг,054,004,1,8,1,1,Д
,,,,,,,,,вольный стиль-весовая категория 50 кг,054,005,1,8,1,1,Ю
,,,,,,,,,вольный стиль-весовая категория 52 кг,054,006,1,8,1,1,Б
,,,,,,,,,вольный стиль-весовая категория 55 кг,054,007,1,8,1,1,Ю
,,,,,,,,,вольный стиль-весовая категория 56 кг,054,008,1,8,1,1,Ю
,,,,,,,,,вольный стиль-весовая категория 57 кг,054,009,1,8,1,1,Ф
,,,,,,,,,вольный стиль-весовая категория 58 кг,054,010,1,8,1,1,Б
,,,,,,,,,вольный стиль-весовая категория 60 кг,054,011,1,8,1,1,Ю
,,,,,,,,,вольный стиль-весовая категория 62 кг,054,012,1,8,1,1,А
,,,,,,,,,вольный стиль-весовая категория 63 кг,054,038,1,8,1,1,Д
,,,,,,,,,вольный стиль-весовая категория 65 кг,054,013,1,8,1,1,Ю
,,,,,,,,,вольный стиль-весовая категория 66 кг,054,014,1,8,1,1,Б
,,,,,,,,,вольный стиль-весовая категория 66+ кг,054,015,1,8,1,1,Б
,,,,,,,,,вольный стиль-весовая категория 68 кг,054,016,1,8,1,1,А
,,,,,,,,,вольный стиль-весовая категория 70 кг,054,017,1,8,1,1,Д
,,,,,,,,,вольный стиль-весовая категория 70+ кг,054,018,1,8,1,1,Д
,,,,,,,,,вольный стиль-весовая категория 71 кг,054,039,1,8,1,1,Ю
,,,,,,,,,вольный стиль-весовая категория 75 кг,054,019,1,8,1,1,А
,,,,,,,,,вольный стиль-весовая категория 76 кг,054,020,1,8,1,1,Б
,,,,,,,,,вольный стиль-весовая категория 76+ кг,054,021,1,8,1,1,Б
,,,,,,,,,вольный стиль-весовая категория 77 кг,054,040,1,8,1,1,Ю
,,,,,,,,,вольный стиль-весовая категория 80 кг,054,022,1,8,1,1,Ю
,,,,,,,,,вольный стиль-весовая категория 82 кг,054,023,1,8,1,1,А
,,,,,,,,,вольный стиль-весовая категория 85 кг,054,041,1,8,1,1,Ю
,,,,,,,,,вольный стиль-весовая категория 90 кг,054,024,1,8,1,1,А
,,,,,,,,,вольный стиль-весовая категория 90+ кг,054,025,1,8,1,1,Ю
,,,,,,,,,вольный стиль-весовая категория 95 кг,054,042,1,8,1,1,Ю
,,,,,,,,,вольный стиль-весовая категория 95+ кг,054,043,1,8,1,1,Ю
,,,,,,,,,вольный стиль-весовая категория 100 кг,054,026,1,8,1,1,А
,,,,,,,,,вольный стиль-весовая категория 100+ кг,054,027,1,8,1,1,А
,,,,,,,,,вольный стиль-командные соревнования,054,028,1,8,1,1,А
,,,,,,,,,вольный стиль-абсолютная категория,054,029,1,8,1,1,М
,,,,,,,,,классический стиль - весовая категория 57 кг,054,044,1,8,1,1,М
,,,,,,,,,классический стиль-весовая категория 62 кг,054,030,1,8,1,1,М
,,,,,,,,,классический стиль-весовая категория 68 кг,054,031,1,8,1,1,М
,,,,,,,,,классический стиль-весовая категория 75 кг,054,032,1,8,1,1,М
,,,,,,,,,классический стиль-весовая категория 82 кг,054,033,1,8,1,1,М
,,,,,,,,,классический стиль-весовая категория 90 кг,054,034,1,8,1,1,А
,,,,,,,,,классический стиль-весовая категория100 кг,054,035,1,8,1,1,А
,,,,,,,,,классический стиль-весовая категория 100+ кг,054,036,1,8,1,1,А
18,Боулинг,063,000,2,5,1,1,Я,личные соревнования,063,001,2,8,1,1,Я
,,,,,,,,,парные соревнования,063,003,2,8,1,1,Я
,,,,,,,,,парные соревнования - смешанные,063,004,2,8,1,1,Л
,,,,,,,,,командные соревнования (3 человека),063,002,2,8,1,1,Я
,,,,,,,,,командные соревнования (4 человека),063,005,2,8,1,1,Я
,,,,,,,,,командные соревнования (4 человека) - смешанные,063,007,2,8,1,1,Я
,,,,,,,,,командные соревнования (5 человек),063,006,2,8,1,1,Л
19,Брейкинг,192,000,1,6,1,1,Я,брейкинг,192,001,1,6,1,1,Я
,,,,,,,,,брейкинг - командные соревнования,192,002,1,8,1,1,Я
20,Велосипедный спорт,008,000,1,6,1,1,Я,"ВМХ - гонка - ""Классик"" (или ""Классик"" - смешанная)",008,001,1,6,1,1,Я
,,,,,,,,,"ВМХ - гонка - ""Крузер""",008,002,1,8,1,1,Я
,,,,,,,,,ВМХ - гонка на время,008,003,1,8,1,1,Я
,,,,,,,,,ВМХ - гонка на время - командная,008,075,1,8,1,1,М
,,,,,,,,,ВМХ - гонка ритм - трек,008,076,1,8,1,1,Л
,,,,,,,,,ВМХ - эстафета,008,004,1,8,1,1,Я
,,,,,,,,,ВМХ - фристайл - дерт,008,005,1,8,1,2,М
,,,,,,,,,ВМХ - фристайл - парк (или парк - смешанный),008,006,1,6,1,2,Я
,,,,,,,,,ВМХ - фристайл - рампа,008,007,1,8,1,2,М
,,,,,,,,,ВМХ - фристайл - флэт,008,008,1,8,1,1,Л
,,,,,,,,,маунтинбайк - байкер - кросс 4-х,008,009,1,8,1,1,Л
,,,,,,,,,маунтинбайк - велокросс,008,010,1,8,1,1,Я
,,,,,,,,,маунтинбайк - кросс-кантри,008,011,1,6,1,1,Я
,,,,,,,,,маунтинбайк - кросс - кантри - короткий круг,008,077,1,8,1,1,Я
,,,,,,,,,маунтинбайк - кросс - кантри марафон,008,012,1,8,1,1,Л
,,,,,,,,,маунтинбайк - кросс - кантри гонка с выбыванием,008,013,1,8,1,1,Я
,,,,,,,,,маунтинбайк - гонка в гору,008,014,1,8,1,1,Я
,,,,,,,,,маунтинбайк - многодневная гонка,008,015,1,8,1,1,Я
,,,,,,,,,маунтинбайк - скоростной спуск,008,016,1,8,1,1,Я
,,,,,,,,,маунтинбайк - триал - 20,008,017,1,8,1,1,Я
,,,,,,,,,маунтинбайк - триал - 26,008,018,1,8,1,1,Я
,,,,,,,,,маунтинбайк - триал командный - 20,008,019,1,8,1,1,Л
,,,,,,,,,маунтинбайк - триал командный - 26 ,008,020,1,8,1,1,Л
,,,,,,,,,маунтинбайк - эстафета,008,021,1,8,1,1,Я
,,,,,,,,,трек - гит с  ходу 200 м,008,022,1,8,1,1,Я
,,,,,,,,,трек - гит с  ходу 500 м,008,023,1,8,1,1,Я
,,,,,,,,,трек - гит с  ходу 1000 м,008,024,1,8,1,1,А
,,,,,,,,,трек - гит с  ходу 1000 м (парами),008,025,1,8,1,1,Я
,,,,,,,,,трек - гит с места 200 м,008,026,1,8,1,1,Я
,,,,,,,,,трек - гит с места 500 м,008,027,1,8,1,1,С
,,,,,,,,,трек - гит с места 1000 м,008,028,1,8,1,1,А
,,,,,,,,,трек - гит с места 1000 м (парами),008,029,1,8,1,1,Н
,,,,,,,,,трек - гонка за лидером,008,030,1,8,1,1,М
,,,,,,,,,трек - гонка по очкам,008,031,1,8,1,1,Я
,,,,,,,,,трек - гонка по очкам - многодневная,008,032,1,8,1,1,Я
,,,,,,,,,трек - гонка с выбыванием,008,033,1,8,1,1,Я
,,,,,,,,,трек - индивидуальная гонка преследования 2 км ,008,034,1,8,1,1,С
,,,,,,,,,трек - индивидуальная гонка преследования 3 км,008,035,1,8,1,1,Г
,,,,,,,,,трек - индивидуальная гонка преследования 4 км ,008,036,1,8,1,1,М
,,,,,,,,,трек - командная гонка преследования 2 км,008,037,1,8,1,1,Я
,,,,,,,,,трек - командная гонка преследования 3 км,008,038,1,8,1,1,Я
,,,,,,,,,трек - командная гонка преследования 4 км,008,039,1,6,1,1,Я
,,,,,,,,,трек - парная гонка преследования 2 км,008,040,1,8,1,1,С
,,,,,,,,,трек - парная гонка преследования 3 км,008,041,1,8,1,1,С
,,,,,,,,,трек - парная гонка преследования 4 км,008,042,1,8,1,1,Г
,,,,,,,,,трек - спринт ,008,043,1,6,1,1,Я
,,,,,,,,,трек - командный спринт,008,044,1,6,1,1,Я
,,,,,,,,,трек - кейрин,008,045,1,6,1,1,Я
,,,,,,,,,трек - мэдисон,008,046,1,6,1,1,Я
,,,,,,,,,трек - мэдисон - многодневная гонка,008,047,1,8,1,1,Я
,,,,,,,,,трек - омниум,008,048,1,6,1,1,Я
,,,,,,,,,трек - скретч,008,049,1,8,1,1,Я
,,,,,,,,,трек - тандем,008,050,1,8,1,1,М
,,,,,,,,,шоссе - индивидуальная гонка на время,008,051,1,6,1,1,Я
,,,,,,,,,шоссе - индивидуальная гонка на время 5 км,008,052,1,8,1,1,Б
,,,,,,,,,шоссе - индивидуальная гонка на время 10 км,008,053,1,8,1,1,Я
,,,,,,,,,шоссе - индивидуальная гонка на время 15 км,008,054,1,8,1,1,Я
,,,,,,,,,шоссе - индивидуальная гонка на время 20 км,008,055,1,8,1,1,Я
,,,,,,,,,шоссе - индивидуальная гонка на время 25 км ,008,056,1,8,1,1,С
,,,,,,,,,шоссе - индивидуальная гонка на время 50 км,008,057,1,8,1,1,М
,,,,,,,,,шоссе - индивидуальная гонка на время в гору,008,058,1,8,1,1,Я
,,,,,,,,,шоссе - групповая гонка,008,060,1,6,1,1,Я
,,,,,,,,,шоссе - групповая гонка до 100 км,008,061,1,8,1,1,Я
,,,,,,,,,шоссе - групповая гонка до 120 км,008,062,1,8,1,1,Я
,,,,,,,,,шоссе - групповая гонка до 170 км,008,063,1,8,1,1,Я
,,,,,,,,,шоссе - групповая гонка 180+ км,008,064,1,8,1,1,М
,,,,,,,,,шоссе - групповая горная гонка,008,065,1,8,1,1,Я
,,,,,,,,,шоссе - командная гонка,008,066,1,8,1,1,Я
,,,,,,,,,шоссе - многодневная гонка,008,067,1,8,1,1,Я
,,,,,,,,,шоссе - парная гонка 25 км,008,068,1,8,1,1,Я
,,,,,,,,,шоссе - парная гонка 50 км,008,069,1,8,1,1,Г
,,,,,,,,,шоссе - парная гонка 75 км,008,070,1,8,1,1,М
,,,,,,,,,шоссе - критериум 20-40 км,008,072,1,8,1,1,С
,,,,,,,,,шоссе - критериум 50-60 км,008,073,1,8,1,1,Л
,,,,,,,,,шоссе - критериум 70-80 км,008,074,1,8,1,1,М
,,,,,,,,,шоссе - смешанная эстафета,008,078,1,8,1,1,Л
21,Вертолетный спорт,154,000,1,4,1,1,Л,навигация,154,001,1,8,1,1,Л
,,,,,,,,,полет на точность,154,002,1,8,1,1,Л
,,,,,,,,,развозка грузов,154,004,1,8,1,1,Л
,,,,,,,,,слалом,154,005,1,8,1,1,Л
,,,,,,,,,многоборье,154,003,1,8,1,1,Л
,,,,,,,,,командные соревнования,154,007,1,8,1,1,Л
,,,,,,,,,фристайл,154,006,1,8,1,1,Л
22,Водно-моторный спорт,148,000,1,5,1,1,Я,"мотолодка  СН-175 (4 гонки х 7,5 миль)",148,001,1,8,1,1,Н
,,,,,,,,,"мотолодка GT-15 (4 гонки х 7,5 миль",148,002,1,8,1,1,Н
,,,,,,,,,"мотолодка GT-30 (4 гонки х 7,5 миль)",148,003,1,8,1,1,Я
,,,,,,,,,"мотолодка  JT-250 (4 гонки х 7,5 миль) ",148,044,1,8,1,1,Н
,,,,,,,,,"мотолодка  С-350 (4 гонки х 7,5 миль)",148,005,1,8,1,1,Л
,,,,,,,,,мотолодка GT-30 (гонка 10 миль),148,004,1,8,1,1,Л
,,,,,,,,,"мотолодка  С-500 (4 гонки х 7,5 миль)",148,007,1,8,1,1,Л
,,,,,,,,,мотолодка  С-500 (гонка 10 миль),148,006,1,8,1,1,Л
,,,,,,,,,"мотолодка  Т-550 (4 гонки х 7,5 миль)",148,009,1,8,1,1,Л
,,,,,,,,,мотолодка  Т-550 (гонка 10 миль),148,008,1,8,1,1,Л
,,,,,,,,,"мотолодка F4S (4 гонки х 7,5 миль)",148,017,1,8,1,1,Л
,,,,,,,,,мотолодка F4S (гонка 10 миль),148,053,1,8,1,1,Л
,,,,,,,,,мотолодка Р-750,148,018,1,8,1,1,Л
,,,,,,,,,"мотолодка FF - скоростное маневрирование («Д», 1-5 класс)",148,025,1,8,1,1,Н
,,,,,,,,,"мотолодка FF - слалом («Д», 1-5 класс)",148,030,1,8,1,1,Н
,,,,,,,,,мотолодка PR1,148,039,1,8,1,1,Л
,,,,,,,,,мотолодка PR2,148,040,1,8,1,1,Л
,,,,,,,,,мотолодка PR3,148,041,1,8,1,1,Л
,,,,,,,,,мотолодка PR4,148,042,1,8,1,1,Л
,,,,,,,,,"скутер О-125 (4 гонки х 7,5 миль)",148,026,1,8,1,1,Л
,,,,,,,,,"скутер О-250 (4 гонки х 7,5 миль)",148,027,1,8,1,1,Л
,,,,,,,,,"скутер F1 (4 гонки х 7,5 миль)",148,011,1,8,1,1,Л
,,,,,,,,,"скутер OSY-400 (4 гонки х 7,5 миль)",148,014,1,8,1,1,Л
,,,,,,,,,скутер OSY-400 (гонка 10 миль),148,013,1,8,1,1,Л
,,,,,,,,,"скутер ОН-500 (4 гонки х 7,5 миль)",148,016,1,8,1,1,Л
,,,,,,,,,скутер ОН-500 (гонка 10 миль),148,015,1,8,1,1,Л
,,,,,,,,,"глиссер Р-1500 (4 гонки х 7,5 миль)",148,020,1,8,1,1,Л
,,,,,,,,,глиссер Р-1500 (гонка 10 миль),148,019,1,8,1,1,Л
,,,,,,,,,"глиссер Р-2000 (4 гонки х 7,5 миль)",148,022,1,8,1,1,Л
,,,,,,,,,глиссер Р-2000 (гонка 10 миль),148,021,1,8,1,1,Л
,,,,,,,,,"глиссер Р-2500 (4 гонки х 7,5 миль)",148,024,1,8,1,1,Л
,,,,,,,,,глиссер Р-2500 (гонка 10 миль),148,023,1,8,1,1,Л
,,,,,,,,,аквабайк - ранэбаут GP3 кольцевые гонки,148,045,1,8,1,1,Л
,,,,,,,,,аквабайк - ранэбаут GP2 кольцевые гонки,148,036,1,8,1,1,Л
,,,,,,,,,аквабайк - ранэбаут GP1 кольцевые гонки,148,047,1,8,1,1,Л
,,,,,,,,,аквабайк - ранэбаут GP1 слалом,148,038,1,8,1,1,Л
,,,,,,,,,аквабайк - ранэбаут GP2 ралли рейд,148,046,1,8,1,1,Л
,,,,,,,,,аквабайк - ранэбаут GP1 ралли рейд,148,035,1,8,1,1,Л
,,,,,,,,,аквабайк - ски дивижин GP3 кольцевые гонки,148,050,1,8,1,1,Я
,,,,,,,,,аквабайк - ски дивижин GP2 кольцевые гонки,148,048,1,8,1,1,Л
,,,,,,,,,аквабайк - ски дивижин GP1 кольцевые гонки,148,037,1,8,1,1,Л
,,,,,,,,,аквабайк - ски дивижин GP1 слалом,148,051,1,8,1,1,Л
,,,,,,,,,аквабайк - ски дивижин GP1 ралли рейд,148,052,1,8,1,1,Л
,,,,,,,,,аквабайк - фристайл фри,148,049,1,8,1,1,Л
,,,,,,,,,аквабайк - фристайл 800,148,028,1,8,1,1,Н
,,,,,,,,,аквабайк HF - полет над водой,148,029,1,8,1,1,Л
,,,,,,,,,доска с водометом GP1,148,030,1,8,1,1,Л
,,,,,,,,,ПОДА - мотолодка FFR - скоростное маневрирование (I-V),148,010,1,7,1,1,Л
,,,,,,,,,ПОДА - мотолодка FFR - слалом (I-V),148,012,1,7,1,1,Л
23,Водное поло,005,000,2,6,1,1,Я,водное поло,005,001,2,6,1,1,Я
,,,,,,,,,мини водное поло,005,002,2,8,1,1,Я
,,,,,,,,,пляжное водное поло,005,003,2,8,1,1,Я
24,Воднолыжный спорт,064,000,1,5,1,1,Я,катер - доска короткая,064,013,1,8,1,1,Я
,,,,,,,,,катер - доска длинная,064,014,1,8,1,1,Я
,,,,,,,,,катер - многоборье,064,001,1,8,1,1,Я
,,,,,,,,,катер - прыжки с трамплина,064,002,1,8,1,1,Я
,,,,,,,,,катер - слалом,064,003,1,8,1,1,Я
,,,,,,,,,катер - фигурное катание,064,004,1,8,1,1,Я
,,,,,,,,,электротяга - многоборье,064,005,1,8,1,1,Я
,,,,,,,,,электротяга - прыжки с трамплина,064,006,1,8,1,1,Я
,,,,,,,,,электротяга - слалом,064,007,1,8,1,1,Я
,,,,,,,,,электротяга - фигурное катание,064,008,1,8,1,1,Я
,,,,,,,,,бассейн - фигурное катание,064,009,1,8,1,1,Я
,,,,,,,,,вейкборд - катер,064,010,1,8,1,1,Я
,,,,,,,,,вейкборд - электротяга,064,011,1,8,1,1,Я
,,,,,,,,,ПОДА - вейкборд - электротяга,064,012,1,8,1,1,М
25,Воздухоплавательный спорт,155,000,1,4,1,1,Я,класс - тепловые  аэростаты,155,001,1,8,1,1,Я
,,,,,,,,,класс - тепловые  дирижабли,155,003,1,8,1,1,Я
26,Воздушная гимнастика,193,000,1,4,1,1,Я,соло - кольцо,193,001,1,8,1,1,С
,,,,,,,,,соло - полотно,193,002,1,8,1,1,С
,,,,,,,,,соло - стропы,193,003,1,8,1,1,Я
,,,,,,,,,двойка - кольцо,193,004,1,8,1,1,Б
,,,,,,,,,двойка - полотно,193,005,1,8,1,1,Б
,,,,,,,,,двойка - стропы,193,006,1,8,1,1,Б
27,Воздушно-силовая атлетика,176,000,1,4,1,1,Л,воркаут фристайл,176,001,1,8,1,1,Я
,,,,,,,,,воркаут фристайл - пара,176,002,1,8,1,1,Я
,,,,,,,,,воркаут фристайл - пара смешанная,176,003,1,8,1,1,Я
,,,,,,,,,воркаут фристайл - группа,176,004,1,8,1,1,Я
,,,,,,,,,воркаут фристайл - группа смешанная,176,005,1,8,1,1,Я
,,,,,,,,,трасса - перелеты в длину,176,006,1,8,1,1,Я
,,,,,,,,,трасса - скоростное преодоление,176,007,1,8,1,1,Я
28,Волейбол,012,000,2,6,1,1,Я,волейбол,012,001,2,6,1,1,Я
,,,,,,,,,пляжный волейбол,012,002,2,6,1,1,Я
,,,,,,,,,волейбол на снегу,012,003,4,8,1,1,Л
29,Восточное боевое единоборство,118,000,1,3,1,1,Я,вьет во дао - весовая категория 40 кг,118,001,1,8,1,1,Д
,,,,,,,,,вьет во дао - весовая категория 44 кг,118,004,1,8,1,1,Д
,,,,,,,,,вьет во дао - весовая категория 48 кг,118,006,1,8,1,1,С
,,,,,,,,,вьет во дао - весовая категория 51 кг,118,027,1,8,1,1,Л
,,,,,,,,,вьет во дао - весовая категория 52 кг,118,068,1,8,1,1,Н
,,,,,,,,,вьет во дао - весовая категория 54 кг,118,028,1,8,1,1,Л
,,,,,,,,,вьет во дао - весовая категория 56 кг,118,069,1,8,1,1,Н
,,,,,,,,,вьет во дао - весовая категория 56+ кг,118,070,1,8,1,1,Д
,,,,,,,,,вьет во дао - весовая категория 57 кг,118,071,1,8,1,1,Л
,,,,,,,,,вьет во дао - весовая категория 60 кг,118,072,1,8,1,1,Я
,,,,,,,,,вьет во дао - весовая категория 60+ кг,118,073,1,8,1,1,Д
,,,,,,,,,вьет во дао - весовая категория 64 кг,118,029,1,8,1,1,А
,,,,,,,,,вьет во дао - весовая категория 64+ кг,118,074,1,8,1,1,Ю
,,,,,,,,,вьет во дао - весовая категория 65 кг,118,075,1,8,1,1,Ж
,,,,,,,,,вьет во дао - весовая категория 65+ кг,118,076,1,8,1,1,Ж
,,,,,,,,,вьет во дао - весовая категория 68 кг,118,077,1,8,1,1,А
,,,,,,,,,вьет во дао - весовая категория 72 кг,118,002,1,8,1,1,А
,,,,,,,,,вьет во дао - весовая категория 72+ кг,118,078,1,8,1,1,Ю
,,,,,,,,,вьет во дао - весовая категория 77 кг,118,003,1,8,1,1,М
,,,,,,,,,вьет во дао - весовая категория 82 кг,118,079,1,8,1,1,М
,,,,,,,,,вьет во дао - весовая категория 90 кг,118,030,1,8,1,1,М
,,,,,,,,,вьет во дао - весовая категория 90+ кг,118,080,1,8,1,1,М
,,,,,,,,,вьет во дао - куэн - атака,118,005,1,8,1,1,Я
,,,,,,,,,"вьет во дао - куэн - ""Дон Тян""",118,007,1,8,1,1,А
,,,,,,,,,вьет во дао - куэн - защита,118,060,1,8,1,1,Я
,,,,,,,,,вьет во дао - куэн - контратака,118,081,1,8,1,1,Б
,,,,,,,,,вьет во дао - куэн - меч,118,058,1,8,1,1,Я
,,,,,,,,,вьет во дао - куэн - предмет,118,061,1,8,1,1,М
,,,,,,,,,вьет во дао - куэн - сабля,118,059,1,8,1,1,Л
,,,,,,,,,вьет во дао - куэн - группа,118,082,1,8,1,1,Г
,,,,,,,,,вьет во дао - спарринг постановочный - захваты,118,083,1,8,1,1,К
,,,,,,,,,вьет во дао - спарринг постановочный - контратака,118,084,1,8,1,1,К
,,,,,,,,,вьет во дао - спарринг постановочный - меч ,118,085,1,8,1,1,Я
,,,,,,,,,вьет во дао - спарринг постановочный - предмет,118,086,1,8,1,1,М
,,,,,,,,,вьет во дао - спарринг постановочный - пара смешанная,118,087,1,8,1,1,Я
,,,,,,,,,вьет во дао - спарринг постановочный - группа,118,088,1,8,1,1,М
,,,,,,,,,вьет во дао - спарринг постановочный - группа - предметы ,118,089,1,8,1,1,М
,,,,,,,,,вьет во дао - спарринг постановочный - группа смешанная,118,090,1,8,1,1,Я
,,,,,,,,,вьет во дао - спарринг постановочный - группа смешанная - предметы,118,091,1,8,1,1,Я
,,,,,,,,,кобудо - весовая категория 36 кг,118,062,1,8,1,1,Н
,,,,,,,,,кобудо - весовая категория 40 кг,118,063,1,8,1,1,Н
,,,,,,,,,кобудо - весовая категория 45 кг,118,064,1,8,1,1,Н
,,,,,,,,,кобудо - весовая категория 45+ кг,118,065,1,8,1,1,Д
,,,,,,,,,кобудо - весовая категория 50 кг ,118,031,1,8,1,1,С
,,,,,,,,,кобудо - весовая категория 55 кг,118,032,1,8,1,1,С
,,,,,,,,,кобудо - весовая категория 55+ кг,118,066,1,8,1,1,Н
,,,,,,,,,кобудо - весовая категория 60 кг,118,033,1,8,1,1,Я
,,,,,,,,,кобудо - весовая категория 60+ кг,118,034,1,8,1,1,Д
,,,,,,,,,кобудо - весовая категория 65 кг,118,035,1,8,1,1,Г
,,,,,,,,,кобудо - весовая категория 65+ кг,118,036,1,8,1,1,Э
,,,,,,,,,кобудо - весовая категория 70 кг,118,067,1,8,1,1,А
,,,,,,,,,кобудо - весовая категория 70+ кг ,118,037,1,8,1,1,Ю
,,,,,,,,,кобудо - весовая категория 75 кг,118,038,1,8,1,1,А
,,,,,,,,,кобудо - весовая категория 80 кг,118,039,1,8,1,1,А
,,,,,,,,,кобудо - весовая категория 80+ кг,118,040,1,8,1,1,Ю
,,,,,,,,,кобудо - весовая категория 85 кг,118,041,1,8,1,1,М
,,,,,,,,,кобудо - весовая категория 85+ кг,118,042,1,8,1,1,М
,,,,,,,,,кобудо - кумите - предмет,118,100,1,8,1,1,Я
,,,,,,,,,кобудо - кумите - предмет - командные соревнования,118,101,1,8,1,1,Я
,,,,,,,,,кобудо - ката - группа,118,044,1,8,1,1,Я
,,,,,,,,,кобудо - ката одиночные,118,043,1,8,1,1,Я
,,,,,,,,,кобудо - ката тайхо-дзюцу,118,045,1,8,1,1,Я
,,,,,,,,,сётокан - кумите,118,018,1,8,1,1,Я
,,,,,,,,,сётокан - кумите - командные соревнования,118,024,1,8,1,1,Я
,,,,,,,,,сётокан - ката одиночные,118,025,1,8,1,1,Я
,,,,,,,,,сётокан - ката - группа,118,026,1,8,1,1,Я
,,,,,,,,,сито-рю - весовая категория 30 кг,118,008,1,8,1,1,Ю
,,,,,,,,,сито-рю - весовая категория 36 кг,118,009,1,8,1,1,Ю
,,,,,,,,,сито-рю - весовая категория 37 кг,118,010,1,8,1,1,Д
,,,,,,,,,сито-рю - весовая категория 38 кг,118,011,1,8,1,1,Ю
,,,,,,,,,сито-рю - весовая категория 42 кг,118,012,1,8,1,1,Д
,,,,,,,,,сито-рю - весовая категория 43 кг,118,013,1,8,1,1,Ю
,,,,,,,,,сито-рю - весовая категория 43+ кг,118,014,1,8,1,1,Ю
,,,,,,,,,сито-рю - весовая категория 44 кг,118,015,1,8,1,1,Ю
,,,,,,,,,сито-рю - весовая категория 45 кг,118,016,1,8,1,1,Д
,,,,,,,,,сито-рю - весовая категория 45+ кг,118,017,1,8,1,1,Д
,,,,,,,,,сито-рю - весовая категория 48 кг,118,019,1,8,1,1,Д
,,,,,,,,,сито-рю - весовая категория 48+ кг,118,020,1,8,1,1,Д
,,,,,,,,,сито-рю - весовая категория 50 кг,118,046,1,8,1,1,С
,,,,,,,,,сито-рю - весовая категория 50+ кг,118,021,1,8,1,1,Ю
,,,,,,,,,сито-рю - весовая категория 53 кг,118,022,1,8,1,1,Ж
,,,,,,,,,сито-рю - весовая категория 55 кг,118,047,1,8,1,1,Н
,,,,,,,,,сито-рю - весовая категория 55+ кг,118,048,1,8,1,1,Д
,,,,,,,,,сито-рю - весовая категория 58 кг,118,023,1,8,1,1,Н
,,,,,,,,,сито-рю - весовая категория 58+ кг,118,092,1,8,1,1,Д
,,,,,,,,,сито-рю - весовая категория 59 кг,118,093,1,8,1,1,Ю
,,,,,,,,,сито-рю - весовая категория 60 кг,118,049,1,8,1,1,Ж
,,,,,,,,,сито-рю - весовая категория 60+ кг,118,050,1,8,1,1,Ж
,,,,,,,,,сито-рю - весовая категория 65 кг,118,051,1,8,1,1,А
,,,,,,,,,сито-рю - весовая категория 67 кг,118,094,1,8,1,1,Ю
,,,,,,,,,сито-рю - весовая категория 67+ кг,118,095,1,8,1,1,Ю
,,,,,,,,,сито-рю - весовая категория 72 кг,118,096,1,8,1,1,А
,,,,,,,,,сито-рю - весовая категория 72+ кг,118,097,1,8,1,1,Ю
,,,,,,,,,сито-рю - весовая категория 75 кг,118,052,1,8,1,1,М
,,,,,,,,,сито-рю - весовая категория 75+ кг,118,053,1,8,1,1,М
,,,,,,,,,сито-рю - весовая категория 80 кг,118,098,1,8,1,1,М
,,,,,,,,,сито-рю - весовая категория 80+ кг,118,099,1,8,1,1,М
,,,,,,,,,сито-рю - абсолютная категория,118,054,1,8,1,1,Я
,,,,,,,,,сито-рю - командные соревнования,118,055,1,8,1,1,Я
,,,,,,,,,сито-рю - ката - группа,118,057,1,8,1,1,Я
,,,,,,,,,сито-рю - ката одиночное,118,056,1,8,1,1,Я
30,Всестилевое каратэ,090,000,1,4,1,1,Я,ОК - весовая категория 38 кг,090,001,1,8,1,1,Ю
,,,,,,,,,ОК - весовая категория 40 кг,090,002,1,8,1,1,Н
,,,,,,,,,ОК - весовая категория 42 кг,090,003,1,8,1,1,Н
,,,,,,,,,ОК - весовая категория 45 кг,090,004,1,8,1,1,Н
,,,,,,,,,ОК - весовая категория 47 кг,090,005,1,8,1,1,Н
,,,,,,,,,ОК - весовая категория 50 кг,090,006,1,8,1,1,Н
,,,,,,,,,ОК - весовая категория 52 кг,090,007,1,8,1,1,Н
,,,,,,,,,ОК - весовая категория 55 кг,090,008,1,8,1,1,С
,,,,,,,,,ОК - весовая категория 57 кг,090,009,1,8,1,1,Д
,,,,,,,,,ОК - весовая категория 58 кг,090,010,1,8,1,1,С
,,,,,,,,,ОК - весовая категория 60 кг,090,011,1,8,1,1,Я
,,,,,,,,,ОК - весовая категория 62 кг,090,012,1,8,1,1,А
,,,,,,,,,ОК - весовая категория 63 кг,090,013,1,8,1,1,С
,,,,,,,,,ОК - весовая категория 65 кг,090,014,1,8,1,1,А
,,,,,,,,,ОК - весовая категория 67 кг,090,015,1,8,1,1,Н
,,,,,,,,,ОК - весовая категория 68 кг,090,016,1,8,1,1,Я
,,,,,,,,,ОК - весовая категория 70 кг,090,017,1,8,1,1,Я
,,,,,,,,,ОК - весовая категория 70+ кг,090,018,1,8,1,1,Б
,,,,,,,,,ОК - весовая категория 73 кг,090,019,1,8,1,1,А
,,,,,,,,,ОК - весовая категория 75 кг,090,020,1,8,1,1,Ф
,,,,,,,,,ОК - весовая категория 78 кг,090,021,1,8,1,1,А
,,,,,,,,,ОК - весовая категория 80 кг,090,022,1,8,1,1,А
,,,,,,,,,ОК - весовая категория 83 кг,090,023,1,8,1,1,А
,,,,,,,,,ОК - весовая категория 90 кг,090,024,1,8,1,1,А
,,,,,,,,,ОК - весовая категория 90+ кг,090,025,1,8,1,1,А
,,,,,,,,,ОК - абсолютная категория,090,026,1,8,1,1,Я
,,,,,,,,,ОК - командные соревнования,090,027,1,8,1,1,Я
,,,,,,,,,ОК - ката - годзю-рю,090,028,1,8,1,1,Я
,,,,,,,,,ОК - ката - вадо-рю,090,029,1,8,1,1,Я
,,,,,,,,,ОК - ката - ренгокай,090,030,1,8,1,1,Я
,,,,,,,,,ОК - ката - группа,090,031,1,8,1,1,Я
,,,,,,,,,ОК - ката - бункай,090,032,1,8,1,1,Я
,,,,,,,,,ОК - двоеборье,090,033,1,8,1,1,Я
,,,,,,,,,ПК - весовая категория 35 кг,090,034,1,8,1,1,Н
,,,,,,,,,ПК - весовая категория 40 кг,090,035,1,8,1,1,Н
,,,,,,,,,ПК - весовая категория 45 кг,090,036,1,8,1,1,Н
,,,,,,,,,ПК - весовая категория 50 кг,090,037,1,8,1,1,Н
,,,,,,,,,ПК - весовая категория 55 кг,090,038,1,8,1,1,С
,,,,,,,,,ПК - весовая категория 60 кг,090,039,1,8,1,1,Я
,,,,,,,,,ПК - весовая категория 65 кг,090,040,1,8,1,1,Я
,,,,,,,,,ПК - весовая категория 70 кг,090,041,1,8,1,1,Я
,,,,,,,,,ПК - весовая категория 75 кг,090,042,1,8,1,1,Ф
,,,,,,,,,ПК - весовая категория 75+ кг,090,043,1,8,1,1,Б
,,,,,,,,,ПК - весовая категория 80 кг,090,044,1,8,1,1,Ф
,,,,,,,,,ПК - весовая категория 85 кг,090,045,1,8,1,1,А
,,,,,,,,,ПК - весовая категория 90 кг,090,046,1,8,1,1,А
,,,,,,,,,ПК - весовая категория 90+ кг,090,047,1,8,1,1,А
,,,,,,,,,ПК - весовая категория 95 кг,090,048,1,8,1,1,Ю
,,,,,,,,,СЗ - весовая категория 36 кг,090,049,1,8,1,1,Д
,,,,,,,,,СЗ - весовая категория 39 кг,090,050,1,8,1,1,Н
,,,,,,,,,СЗ - весовая категория 42 кг,090,051,1,8,1,1,Н
,,,,,,,,,СЗ - весовая категория 45 кг,090,052,1,8,1,1,Н
,,,,,,,,,СЗ - весовая категория 48 кг,090,053,1,8,1,1,С
,,,,,,,,,СЗ - весовая категория 51 кг,090,054,1,8,1,1,С
,,,,,,,,,СЗ - весовая категория 54 кг,090,055,1,8,1,1,С
,,,,,,,,,СЗ - весовая категория 57 кг,090,056,1,8,1,1,Я
,,,,,,,,,СЗ - весовая категория 60 кг,090,057,1,8,1,1,Я
,,,,,,,,,СЗ - весовая категория 64 кг,090,058,1,8,1,1,Я
,,,,,,,,,СЗ - весовая категория 68 кг,090,059,1,8,1,1,Я
,,,,,,,,,СЗ - весовая категория 72 кг,090,060,1,8,1,1,Я
,,,,,,,,,СЗ - весовая категория 76 кг,090,061,1,8,1,1,Я
,,,,,,,,,СЗ - весовая категория 76+ кг,090,062,1,8,1,1,Б
,,,,,,,,,СЗ - весовая категория 80 кг,090,063,1,8,1,1,Ф
,,,,,,,,,СЗ - весовая категория 85 кг,090,064,1,8,1,1,Ф
,,,,,,,,,СЗ - весовая категория 90 кг,090,065,1,8,1,1,А
,,,,,,,,,СЗ - весовая категория 90+ кг,090,066,1,8,1,1,А
,,,,,,,,,СЗ - ката - соло,090,067,1,8,1,1,Я
,,,,,,,,,СЗ - ката - соло с предметом,090,068,1,8,1,1,Я
,,,,,,,,,СЗ - ката - пара,090,069,1,8,1,1,Я
,,,,,,,,,СЗ - ката - пара с предметами,090,070,1,8,1,1,Я
,,,,,,,,,СЗ - ката - группа,090,071,1,8,1,1,Я
,,,,,,,,,СЗ - ката - группа смешанная,090,072,1,8,1,1,Я
,,,,,,,,,СЗ - ката - группа смешанная с предметами,090,073,1,8,1,1,Я
,,,,,,,,,СЗ - ката - группа - приемы ногами,090,074,1,8,1,1,Я
,,,,,,,,,СЗ - ката - самооборона (2 человека),090,075,1,8,1,1,Б
,,,,,,,,,СЗ - ката - самооборона (4 человека),090,076,1,8,1,1,Б
31,Гандбол,011,000,2,6,1,1,Я,гандбол,011,001,2,6,1,1,Я
,,,,,,,,,пляжный гандбол,011,002,2,8,1,1,Я
32,Гиревой спорт,065,000,1,4,1,1,Я,толчок - весовая категория 48 кг,065,001,1,8,1,1,Н
,,,,,,,,,толчок - весовая категория 53 кг,065,002,1,8,1,1,Н
,,,,,,,,,толчок - весовая категория 58 кг,065,003,1,8,1,1,С
,,,,,,,,,толчок - весовая категория 58+ кг,065,004,1,8,1,1,Д
,,,,,,,,,толчок - весовая категория 63 кг,065,005,1,8,1,1,Я
,,,,,,,,,толчок - весовая категория 63+ кг,065,006,1,8,1,1,Д
,,,,,,,,,толчок - весовая категория 68 кг,065,007,1,8,1,1,Я
,,,,,,,,,толчок - весовая категория 68+ кг,065,008,1,8,1,1,Б
,,,,,,,,,толчок - весовая категория 73 кг,065,009,1,8,1,1,А
,,,,,,,,,толчок - весовая категория 73+ кг,065,010,1,8,1,1,Ю
,,,,,,,,,толчок - весовая категория 78 кг,065,032,1,8,1,1,А
,,,,,,,,,толчок - весовая категория 85 кг,065,033,1,8,1,1,А
,,,,,,,,,толчок - весовая категория 85+ кг,065,039,1,8,1,1,Ю
,,,,,,,,,толчок - весовая категория 95 кг,065,040,1,8,1,1,А
,,,,,,,,,толчок - весовая категория 95+ кг,065,041,1,8,1,1,А
,,,,,,,,,толчок ДЦ - весовая категория 48 кг ,065,013,1,8,1,1,Ю
,,,,,,,,,толчок ДЦ - весовая категория 53 кг,065,014,1,8,1,1,Н
,,,,,,,,,толчок ДЦ - весовая категория 58 кг,065,015,1,8,1,1,С
,,,,,,,,,толчок ДЦ - весовая категория 58+ кг,065,023,1,8,1,1,Д
,,,,,,,,,толчок ДЦ - весовая категория 63 кг,065,016,1,8,1,1,Я
,,,,,,,,,толчок ДЦ - весовая категория 63+ кг,065,011,1,8,1,1,Д
,,,,,,,,,толчок ДЦ - весовая категория 68 кг,065,017,1,8,1,1,Я
,,,,,,,,,толчок ДЦ - весовая категория 68+ кг,065,034,1,8,1,1,Б
,,,,,,,,,толчок ДЦ - весовая категория 73 кг,065,018,1,8,1,1,А
,,,,,,,,,толчок ДЦ - весовая категория 73+ кг,065,019,1,8,1,1,Ю
,,,,,,,,,толчок ДЦ - весовая категория 78 кг,065,020,1,8,1,1,А
,,,,,,,,,толчок ДЦ - весовая категория 85 кг,065,021,1,8,1,1,А
,,,,,,,,,толчок ДЦ - весовая категория 85+ кг,065,022,1,8,1,1,Ю
,,,,,,,,,толчок ДЦ - весовая категория 95 кг,065,035,1,8,1,1,А
,,,,,,,,,толчок ДЦ - весовая категория 95+ кг,065,036,1,8,1,1,А
,,,,,,,,,толчок ДЦ - эстафета,065,028,1,8,1,1,Я
,,,,,,,,,рывок - весовая категория 48 кг,065,012,1,8,1,1,Н
,,,,,,,,,рывок - весовая категория 53 кг,065,030,1,8,1,1,Н
,,,,,,,,,рывок - весовая категория 58 кг,065,026,1,8,1,1,С
,,,,,,,,,рывок - весовая категория 58+ кг,065,025,1,8,1,1,Д
,,,,,,,,,рывок - весовая категория 63 кг,065,027,1,8,1,1,Я
,,,,,,,,,рывок - весовая категория 63+ кг,065,024,1,8,1,1,Д
,,,,,,,,,рывок - весовая категория 68 кг,065,037,1,8,1,1,Я
,,,,,,,,,рывок - весовая категория 68+ кг,065,038,1,8,1,1,Б
,,,,,,,,,рывок - весовая категория 73 кг,065,042,1,8,1,1,А
,,,,,,,,,рывок - весовая категория 73+ кг,065,043,1,8,1,1,Ю
,,,,,,,,,рывок - весовая категория 78 кг,065,044,1,8,1,1,А
,,,,,,,,,рывок - весовая категория 85 кг,065,045,1,8,1,1,А
,,,,,,,,,рывок - весовая категория 85+ кг,065,046,1,8,1,1,Ю
,,,,,,,,,рывок - весовая категория 95 кг,065,047,1,8,1,1,А
,,,,,,,,,рывок - весовая категория 95+ кг,065,048,1,8,1,1,А
,,,,,,,,,жонглирование,065,029,1,8,1,1,Я
,,,,,,,,,жонглирование - пара,065,031,1,8,1,1,Я
33,Го,097,000,2,4,1,1,Я,личные соревнования,097,001,2,8,1,1,Я
,,,,,,,,,парные соревнования,097,002,2,8,1,1,Я
,,,,,,,,,командные соревнования,097,003,2,8,1,1,Я
34,Гольф,066,000,2,6,1,1,Я,личные соревнования,066,001,2,6,1,1,Я
,,,,,,,,,командные соревнования,066,003,2,8,1,1,Я
,,,,,,,,,мини - личные соревнования,066,002,2,8,1,1,Я
,,,,,,,,,мини - командные соревнования,066,004,2,8,1,1,Я
35,Гонки дронов (беспилотных воздушных судов),194,000,1,3,1,1,Я,класс 75 мм,194,001,1,8,1,1,Я
,,,,,,,,,класс 75 мм - командные соревнования,194,002,1,8,1,1,Я
,,,,,,,,,класс 200 мм,194,003,1,8,1,1,Я
,,,,,,,,,класс 200 мм - командные соревнования,194,004,1,8,1,1,Я
,,,,,,,,,класс 330 мм,194,005,1,8,1,1,Я
,,,,,,,,,класс 330 мм - командные соревнования,194,006,1,8,1,1,Я
,,,,,,,,,технический симулятор - гонки беспилотных воздушных судов,194,007,1,8,1,1,Я
,,,,,,,,,технический симулятор - гонки беспилотных воздушных судов - командные соревнования,194,008,1,8,1,1,Я
36,Гонки с препятствиями,179,000,1,4,1,1,Л,дистанция 100 м,179,001,1,8,1,1,Я
,,,,,,,,,дистанция 1000 м,179,004,1,8,1,1,Н
,,,,,,,,,дистанция 3000 м,179,005,1,8,1,1,Я
,,,,,,,,,дистанция 5000-6000 м,179,002,1,8,1,1,Я
,,,,,,,,,дистанция 10000-11000 м,179,003,1,8,1,1,Я
,,,,,,,,,суперспринт,179,006,1,8,1,1,Я
,,,,,,,,,гонка - группа,179,007,1,8,1,1,Л
37,Горнолыжный спорт,006,000,3,6,1,1,Я,скоростной спуск,006,001,3,6,1,1,Я
,,,,,,,,,супер - гигант,006,002,3,6,1,1,Я
,,,,,,,,,слалом - гигант,006,003,3,6,1,1,Я
,,,,,,,,,слалом,006,004,3,6,1,1,Я
,,,,,,,,,комбинация,006,005,3,8,1,1,Н
,,,,,,,,,параллельный слалом,006,006,3,8,1,1,Я
,,,,,,,,,супер - комбинация,006,008,3,6,1,1,Я
,,,,,,,,,троеборье,006,007,3,8,1,1,Н
,,,,,,,,,командные соревнования,006,009,3,6,1,1,Я
38,Городошный спорт,067,000,2,4,1,1,Я,городки европейские,067,003,2,8,1,1,Я
,,,,,,,,,городки европейские - командные соревнования,067,004,2,8,1,1,М
,,,,,,,,,городки классические,067,001,2,8,1,1,Я
,,,,,,,,,городки классические - командные соревнования,067,002,2,8,1,1,А
,,,,,,,,,городки финские - кюккя,067,005,2,8,1,1,Л
,,,,,,,,,городки финские - кюккя - командные соревнования,067,006,2,8,1,1,М
39,Гребля на байдарках и каноэ,028,000,8,6,1,1,Я,К-1  дистанция  200 м,028,001,1,8,1,1,Я
,,,,,,,,,К-1 дистанция круг,028,059,1,8,1,1,Н
,,,,,,,,,К-1  дистанция  500 м,028,002,1,6,1,1,Я
,,,,,,,,,К-1  дистанция 1000 м,028,003,1,6,1,1,Я
,,,,,,,,,К-1  дистанция 2000 м,028,004,1,8,1,1,Я
,,,,,,,,,К-1  дистанция 5000 м,028,005,1,8,1,1,Я
,,,,,,,,,К-1  дистанция 10000 м,028,006,1,8,1,1,М
,,,,,,,,,К-1 дистанция марафон,028,007,1,8,1,1,Я
,,,,,,,,,К-2  дистанция 200 м,028,008,1,8,1,1,Я
,,,,,,,,,К-2 дистанция 200 м - смешанный,028,037,1,8,1,1,Л
,,,,,,,,,К-2  дистанция 500 м,028,009,1,6,1,1,Я
,,,,,,,,,К-2  дистанция 1000 м,028,010,1,8,1,1,Я
,,,,,,,,,К-2  дистанция 5000 м,028,011,1,8,1,1,С
,,,,,,,,,К-2  дистанция 10000 м,028,012,1,8,1,1,М
,,,,,,,,,К-2 дистанция марафон,028,013,1,8,1,1,Я
,,,,,,,,,К-4  дистанция  200 м,028,014,1,8,1,1,Я
,,,,,,,,,К-4  дистанция  500 м,028,015,1,6,1,1,Я
,,,,,,,,,К-4  дистанция  1000 м,028,016,1,8,1,1,Г
,,,,,,,,,К-4  дистанция 10000 м,028,017,1,8,1,1,М
,,,,,,,,,эстафета К-1 (4 х 500м или 4 х 200м),028,018,1,8,1,1,Я
,,,,,,,,,кануполо,028,034,2,8,1,1,Я
,,,,,,,,,С-1  дистанция 200 м,028,019,1,6,1,1,Я
,,,,,,,,,С-1 дистанция круг,028,061,1,8,1,1,Н
,,,,,,,,,С-1  дистанция  500 м,028,020,1,8,1,1,Я
,,,,,,,,,С-1  дистанция 1000 м,028,021,1,6,1,1,А
,,,,,,,,,С-1  дистанция 2000 м,028,022,1,8,1,1,А
,,,,,,,,,С-1  дистанция 5000 м,028,044,1,8,1,1,Г
,,,,,,,,,С-1  дистанция 10000 м,028,023,1,8,1,1,М
,,,,,,,,,С-1 дистанция марафон,028,024,1,8,1,1,Я
,,,,,,,,,С-2  дистанция 200 м,028,025,1,8,1,1,Я
,,,,,,,,,С-2 дистанция 200 м - смешанный,028,038,1,8,1,1,Л
,,,,,,,,,С-2  дистанция  500 м,028,026,1,6,1,1,Я
,,,,,,,,,С-2  дистанция 1000 м,028,027,1,8,1,1,А
,,,,,,,,,С-2  дистанция  5000 м,028,045,1,8,1,1,Ю
,,,,,,,,,С-2  дистанция  10000 м,028,028,1,8,1,1,М
,,,,,,,,,С-2 дистанция марафон,028,029,1,8,1,1,А
,,,,,,,,,С-4  дистанция 200 м,028,030,1,8,1,1,А
,,,,,,,,,С-4  дистанция  500 м,028,031,1,8,1,1,А
,,,,,,,,,С-4  дистанция 1000 м,028,032,1,8,1,1,А
,,,,,,,,,эстафета С-1 (4 х 500м или 4 х 200м),028,033,1,8,1,1,А
,,,,,,,,,Д-10  дистанция 200 м - смешанный,028,048,1,8,1,1,Я
,,,,,,,,,Д-10  дистанция 200 м,028,046,1,8,1,1,Я
,,,,,,,,,Д-10  дистанция 500 м - смешанный,028,049,1,8,1,1,Я
,,,,,,,,,Д-10  дистанция 500 м,028,047,1,8,1,1,Я
,,,,,,,,,Д-10 дистанция 2000 м,028,058,1,8,1,1,Л
,,,,,,,,,Д-10 дистанция 2000 м - смешанный,028,060,1,8,1,1,Л
,,,,,,,,,Д-20  дистанция 1000 м - смешанный,028,056,1,8,1,1,Я
,,,,,,,,,Д-20  дистанция 1000 м,028,052,1,8,1,1,Я
,,,,,,,,,Д-20  дистанция  200 м - смешанный,028,054,1,8,1,1,Я
,,,,,,,,,Д-20  дистанция  200 м,028,050,1,8,1,1,Я
,,,,,,,,,Д-20  дистанция  2000 м - смешанный,028,057,1,8,1,1,Я
,,,,,,,,,Д-20  дистанция   2000 м,028,053,1,8,1,1,Я
,,,,,,,,,Д-20  дистанция   500 м - смешанный,028,055,1,8,1,1,Я
,,,,,,,,,Д-20  дистанция   500 м,028,051,1,8,1,1,Я
,,,,,,,,,фристайл на бурной воде К-1,028,036,1,8,1,1,Я
,,,,,,,,,фристайл на бурной воде С-1,028,035,1,8,1,1,Л
40,Гребной слалом,093,000,1,6,1,1,Я,слалом К-1,093,001,1,6,1,1,Я
,,,,,,,,,слалом К-1 - экстрим,093,007,1,8,1,1,Я
,,,,,,,,,слалом С-1,093,002,1,6,1,1,Я
,,,,,,,,,слалом С-2,093,003,1,6,1,1,А
,,,,,,,,,слалом С-2 - смешанный,093,008,1,8,1,1,Я
,,,,,,,,,слалом 3 х К-1,093,004,1,8,1,1,Я
,,,,,,,,,слалом 3 х С-1,093,005,1,8,1,1,Я
,,,,,,,,,слалом 3 х С-2,093,006,1,8,1,1,А
41,Гребной спорт,027,000,1,6,1,1,Я,академическая гребля – одиночка,027,001,1,6,1,1,Я
,,,,,,,,,академическая гребля – одиночка - легкий вес,027,002,1,8,1,1,Я
,,,,,,,,,академическая гребля – двойка  парная,027,003,1,6,1,1,Я
,,,,,,,,,академическая гребля – двойка  парная - легкий вес ,027,004,1,6,1,1,Я
,,,,,,,,,академическая гребля – двойка без рулевого,027,005,1,6,1,1,Я
,,,,,,,,,академическая гребля – двойка без рулевого - легкий вес,027,006,1,8,1,1,Я
,,,,,,,,,академическая гребля – четверка  парная,027,008,1,6,1,1,Я
,,,,,,,,,академическая гребля – четверка парная - легкий вес,027,009,1,8,1,1,Я
,,,,,,,,,академическая гребля – четверка без рулевого,027,010,1,6,1,1,Я
,,,,,,,,,академическая гребля – четверка с рулевым,027,011,1,8,1,1,Ф
,,,,,,,,,академическая гребля – четверка без рулевого - легкий вес,027,012,1,8,1,1,А
,,,,,,,,,академическая гребля – восьмерка с рулевым,027,013,1,6,1,1,Я
,,,,,,,,,академическая гребля – командные соревнования,027,017,1,8,1,1,Я
,,,,,,,,,гребля - индор,027,022,1,8,1,1,Я
,,,,,,,,,гребля - индор - легкий вес,027,023,1,8,1,1,Я
,,,,,,,,,народная гребля - одиночка ,027,015,1,8,1,1,Я
,,,,,,,,,народная гребля - двойка парная,027,016,1,8,1,1,Я
,,,,,,,,,прибрежная гребля – одиночка,027,018,1,8,1,1,Л
,,,,,,,,,прибрежная гребля – двойка парная,027,019,1,8,1,1,Л
,,,,,,,,,прибрежная гребля – четверка парная с рулевым,027,020,1,8,1,1,Л
,,,,,,,,,прибрежная гребля – четверка распашная с рулевым,027,021,1,8,1,1,Л
42,Дартс,068,000,2,4,1,1,Я,одиночный разряд,068,001,2,8,1,1,Я
,,,,,,,,,парный разряд,068,002,2,8,1,1,Я
,,,,,,,,,командные соревнования,068,004,2,8,1,1,Я
,,,,,,,,,микст,068,003,2,8,1,1,Я
,,,,,,,,,Большой раунд,068,005,2,8,1,1,Я
,,,,,,,,,набор очков,068,006,2,8,1,1,Я
,,,,,,,,,Сектор - 20,068,007,2,8,1,1,Я
,,,,,,,,,Американский крикет,068,008,2,8,1,1,Я
43,Джиу-джитсу,029,000,1,4,1,1,Я,весовая категория 25 кг,029,001,1,8,1,1,Д
,,,,,,,,,весовая категория 28 кг,029,014,1,8,1,1,Д
,,,,,,,,,весовая категория 30 кг,029,039,1,8,1,1,Ю
,,,,,,,,,весовая категория 32 кг,029,041,1,8,1,1,Д
,,,,,,,,,весовая категория  34 кг,029,038,1,8,1,1,Ю
,,,,,,,,,весовая категория 36 кг,029,043,1,8,1,1,Д
,,,,,,,,,весовая категория 38 кг,029,048,1,8,1,1,Ю
,,,,,,,,,весовая категория  40 кг,029,013,1,8,1,1,Д
,,,,,,,,,весовая категория 42 кг,029,059,1,8,1,1,Ю
,,,,,,,,,весовая категория  44 кг,029,015,1,8,1,1,Д
,,,,,,,,,весовая категория  45 кг,029,016,1,8,1,1,Ю
,,,,,,,,,весовая категория  46 кг,029,017,1,8,1,1,Ю
,,,,,,,,,весовая категория  48 кг,029,018,1,8,1,1,Д
,,,,,,,,,весовая категория  50 кг,029,019,1,8,1,1,Ю
,,,,,,,,,весовая категория  52 кг,029,020,1,8,1,1,Д
,,,,,,,,,весовая категория  55 кг,029,002,1,8,1,1,Н
,,,,,,,,,весовая категория  56 кг,029,003,1,8,1,1,А
,,,,,,,,,весовая категория  57 кг,029,021,1,8,1,1,Д
,,,,,,,,,весовая категория 57+ кг,029,060,1,8,1,1,Д
,,,,,,,,,весовая категория  60 кг,029,022,1,8,1,1,Ю
,,,,,,,,,весовая категория  62 кг,029,004,1,8,1,1,А
,,,,,,,,,весовая категория  63 кг,029,023,1,8,1,1,Б
,,,,,,,,,весовая категория  63+ кг,029,024,1,8,1,1,Д
,,,,,,,,,весовая категория  66 кг,029,025,1,8,1,1,Ю
,,,,,,,,,весовая категория  66+ кг,029,026,1,8,1,1,Ю
,,,,,,,,,весовая категория  69 кг,029,005,1,8,1,1,А
,,,,,,,,,весовая категория  70 кг,029,006,1,8,1,1,Б
,,,,,,,,,весовая категория  70+ кг,029,007,1,8,1,1,Б
,,,,,,,,,весовая категория  73 кг,029,027,1,8,1,1,Ю
,,,,,,,,,весовая категория 73+ кг,029,061,1,8,1,1,Ю
,,,,,,,,,весовая категория  77 кг,029,008,1,8,1,1,А
,,,,,,,,,весовая категория  81 кг,029,028,1,8,1,1,Ю
,,,,,,,,,весовая категория  81+ кг,029,029,1,8,1,1,Ю
,,,,,,,,,весовая категория  85 кг,029,009,1,8,1,1,А
,,,,,,,,,весовая категория  94 кг,029,010,1,8,1,1,А
,,,,,,,,,весовая категория  94+ кг,029,011,1,8,1,1,А
,,,,,,,,,ката - парное,029,012,1,8,1,1,Я
,,,,,,,,,борьба лежа - весовая категория 25 кг,029,062,1,8,1,1,Д
,,,,,,,,,борьба лежа - весовая категория 28 кг,029,063,1,8,1,1,Д
,,,,,,,,,борьба лежа - весовая категория 30 кг,029,064,1,8,1,1,Ю
,,,,,,,,,борьба лежа - весовая категория 32 кг,029,065,1,8,1,1,Д
,,,,,,,,,борьба лежа - весовая категория 34 кг,029,040,1,8,1,1,Ю
,,,,,,,,,борьба лежа - весовая категория 36 кг,029,066,1,8,1,1,Д
,,,,,,,,,борьба лежа - весовая категория 38 кг,029,067,1,8,1,1,Ю
,,,,,,,,,борьба лежа - весовая категория 40 кг,029,042,1,8,1,1,Д
,,,,,,,,,борьба лежа - весовая категория 42 кг,029,068,1,8,1,1,Ю
,,,,,,,,,борьба лежа - весовая категория 44 кг,029,044,1,8,1,1,Д
,,,,,,,,,борьба лежа - весовая категория 45 кг,029,045,1,8,1,1,Ю
,,,,,,,,,борьба лежа - весовая категория 46 кг,029,046,1,8,1,1,Ю
,,,,,,,,,борьба лежа - весовая категория 48 кг,029,047,1,8,1,1,Д
,,,,,,,,,борьба лежа - весовая категория 50 кг,029,049,1,8,1,1,Ю
,,,,,,,,,борьба лежа - весовая категория 52 кг,029,050,1,8,1,1,Д
,,,,,,,,,борьба лежа - весовая категория 55 кг,029,030,1,8,1,1,Ю
,,,,,,,,,борьба лежа - весовая категория 56 кг,029,069,1,8,1,1,А
,,,,,,,,,борьба лежа - весовая категория 57 кг,029,051,1,8,1,1,Б
,,,,,,,,,борьба лежа - весовая категория 57+ кг,029,070,1,8,1,1,Д
,,,,,,,,,борьба лежа - весовая категория 60 кг,029,052,1,8,1,1,Ю
,,,,,,,,,борьба лежа - весовая категория 62 кг,029,031,1,8,1,1,А
,,,,,,,,,борьба лежа - весовая категория 63 кг,029,053,1,8,1,1,Б
,,,,,,,,,борьба лежа - весовая категория 63+ кг,029,071,1,8,1,1,Д
,,,,,,,,,борьба лежа - весовая категория 66 кг,029,054,1,8,1,1,Ю
,,,,,,,,,борьба лежа - весовая категория 66+ кг,029,055,1,8,1,1,Ю
,,,,,,,,,борьба лежа - весовая категория 69 кг,029,033,1,8,1,1,А
,,,,,,,,,борьба лежа - весовая категория 73 кг,029,056,1,8,1,1,Ю
,,,,,,,,,борьба лежа - весовая категория 73+ кг,029,072,1,8,1,1,Ю
,,,,,,,,,борьба лежа - весовая категория 77 кг,029,034,1,8,1,1,А
,,,,,,,,,борьба лежа - весовая категория 81 кг,029,057,1,8,1,1,Ю
,,,,,,,,,борьба лежа - весовая категория 81+ кг,029,058,1,8,1,1,Ю
,,,,,,,,,борьба лежа - весовая категория 85 кг,029,032,1,8,1,1,А
,,,,,,,,,борьба лежа - весовая категория 94 кг,029,035,1,8,1,1,А
,,,,,,,,,борьба лежа - весовая категория 94+ кг,029,036,1,8,1,1,А
,,,,,,,,,борьба лежа - абсолютная категория,029,037,1,8,1,1,Л
44,Дзюдо,035,000,1,6,1,1,Я,весовая категория  24 кг,035,022,1,8,1,1,Д
,,,,,,,,,весовая категория  26 кг,035,023,1,8,1,1,Ю
,,,,,,,,,весовая категория 27 кг,035,045,1,8,1,1,Д
,,,,,,,,,весовая категория  30 кг,035,025,1,8,1,1,Д
,,,,,,,,,весовая категория  32 кг,035,026,1,8,1,1,Ю
,,,,,,,,,весовая категория 33 кг,035,046,1,8,1,1,Д
,,,,,,,,,весовая категория  34 кг,035,027,1,8,1,1,Ю
,,,,,,,,,весовая категория  36 кг,035,028,1,8,1,1,Д
,,,,,,,,,весовая категория  38 кг,035,029,1,8,1,1,Ю
,,,,,,,,,весовая категория  40 кг,035,001,1,8,1,1,Д
,,,,,,,,,весовая категория  42 кг,035,030,1,8,1,1,Ю
,,,,,,,,,весовая категория  44 кг,035,002,1,8,1,1,Д
,,,,,,,,,весовая категория 44+ кг,035,047,1,8,1,1,Д
,,,,,,,,,весовая категория  46 кг,035,003,1,8,1,1,Ю
,,,,,,,,,весовая категория 46+ кг,035,048,1,8,1,1,Ю
,,,,,,,,,весовая категория  48 кг,035,004,1,6,1,1,Б
,,,,,,,,,весовая категория  50 кг,035,005,1,8,1,1,Ю
,,,,,,,,,весовая категория  52 кг,035,006,1,6,1,1,Б
,,,,,,,,,весовая категория  52+ кг,035,031,1,8,1,1,Д
,,,,,,,,,весовая категория  55 кг,035,007,1,8,1,1,Ю
,,,,,,,,,весовая категория  55+ кг,035,032,1,8,1,1,Ю
,,,,,,,,,весовая категория  57 кг,035,008,1,6,1,1,Б
,,,,,,,,,весовая категория 57+ кг,035,049,1,8,1,1,Д
,,,,,,,,,весовая категория  60 кг,035,009,1,6,1,1,А
,,,,,,,,,весовая категория  63 кг,035,010,1,6,1,1,Б
,,,,,,,,,весовая категория  63+ кг,035,033,1,8,1,1,Д
,,,,,,,,,весовая категория  66 кг,035,011,1,6,1,1,А
,,,,,,,,,весовая категория 66+ кг,035,050,1,8,1,1,Ю
,,,,,,,,,весовая категория  70 кг,035,012,1,6,1,1,Б
,,,,,,,,,весовая категория  70+ кг,035,034,1,8,1,1,Д
,,,,,,,,,весовая категория  73 кг,035,013,1,6,1,1,А
,,,,,,,,,весовая категория  73+ кг,035,035,1,8,1,1,Ю
,,,,,,,,,весовая категория  78 кг,035,014,1,6,1,1,Б
,,,,,,,,,весовая категория  78+ кг,035,015,1,6,1,1,Б
,,,,,,,,,весовая категория  81 кг,035,016,1,6,1,1,А
,,,,,,,,,весовая категория  90 кг,035,017,1,6,1,1,А
,,,,,,,,,весовая категория  90+ кг,035,018,1,8,1,1,Ю
,,,,,,,,,весовая категория  100 кг,035,019,1,6,1,1,А
,,,,,,,,,весовая категория  100+ кг,035,020,1,6,1,1,А
,,,,,,,,,ката - группа,035,037,1,8,1,1,Я
,,,,,,,,,ката,035,036,1,8,1,1,Я
,,,,,,,,,дзю-но-ката,035,040,1,8,1,1,Я
,,,,,,,,,катамэ-но-ката,035,041,1,8,1,1,Я
,,,,,,,,,кимэ-но-ката,035,042,1,8,1,1,Я
,,,,,,,,,нагэ-но-ката,035,043,1,8,1,1,Я
,,,,,,,,,кодокан-госин-дзюцу,035,044,1,8,1,1,Я
,,,,,,,,,командные соревнования,035,038,1,8,1,1,Я
,,,,,,,,,командные соревнования - смешанные,035,039,1,6,1,1,Я
,,,,,,,,,абсолютная весовая категория,035,021,1,8,1,1,Л
45,Ездовой спорт,071,000,5,4,1,1,Я,нарта - спринт 2 собаки,071,001,3,8,1,1,Я
,,,,,,,,,нарта - спринт 4 собаки,071,002,3,8,1,1,Л
,,,,,,,,,нарта - спринт 6 собак,071,003,3,8,1,1,Л
,,,,,,,,,нарта - средняя дистанция 6 собак,071,005,3,8,1,1,Л
,,,,,,,,,нарта - средняя дистанция 8 собак,071,006,3,8,1,1,Л
,,,,,,,,,нарта - длинная дистанция 8 собак,071,007,3,8,1,1,Л
,,,,,,,,,нарта - длинная дистанция более 8 собак,071,008,3,8,1,1,Л
,,,,,,,,,лыжи - спринт 1 собака,071,004,3,8,1,1,Я
,,,,,,,,,лыжи - длинная дистанция 2 собаки,071,015,3,8,1,1,Л
,,,,,,,,,кросс 1 собака,071,009,1,8,1,1,Я
,,,,,,,,,велосипед 1 собака,071,010,1,8,1,1,Л
,,,,,,,,,карт 4 собаки,071,011,1,8,1,1,Л
,,,,,,,,,карт 6-8 собак,071,012,1,8,1,1,Л
,,,,,,,,,скутер 1 собака,071,013,1,8,1,1,Я
,,,,,,,,,скутер 2 собаки,071,014,1,8,1,1,Л
46,Зимнее плавание,190,000,1,4,1,2,Л,баттерфляй 25 м,190,001,1,8,1,2,Л
,,,,,,,,,брасс 25 м,190,002,1,8,1,2,Л
,,,,,,,,,брасс 50 м,190,003,1,8,1,2,Л
,,,,,,,,,брасс 100 м,190,004,1,8,1,2,Л
,,,,,,,,,брасс 200 м,190,005,1,8,1,2,Л
,,,,,,,,,вольный стиль 25 м,190,006,1,8,1,2,Л
,,,,,,,,,вольный стиль 50 м,190,007,1,8,1,2,Л
,,,,,,,,,вольный стиль 100 м,190,008,1,8,1,2,Л
,,,,,,,,,вольный стиль 200 м,190,009,1,8,1,2,Л
,,,,,,,,,эстафета 4 человека  х 25 м - брасс,190,010,1,8,1,2,Л
,,,,,,,,,эстафета 4 человека  х 25 м - брасс - смешанная,190,011,1,8,1,2,Л
,,,,,,,,,эстафета 4 человека х 25 м - вольный стиль,190,012,1,8,1,2,Л
,,,,,,,,,эстафета 4 человека х 25 м - вольный стиль - смешанная,190,013,1,8,1,2,Л
,,,,,,,,,эстафета 4 человека х 25 м - комбинированная - смешанная,190,014,1,8,1,2,Л
47,Каратэ,175,000,1,5,1,1,Я,весовая категория 40 кг,175,002,1,8,1,1,Ю
,,,,,,,,,весовая категория 42 кг,175,001,1,8,1,1,Д
,,,,,,,,,весовая категория 45 кг,175,003,1,8,1,1,Ю
,,,,,,,,,весовая категория 47 кг,175,005,1,8,1,1,Д
,,,,,,,,,весовая категория 48 кг,175,006,1,8,1,1,Д
,,,,,,,,,весовая категория 50 кг,175,007,1,8,1,1,С
,,,,,,,,,весовая категория 52 кг,175,010,1,8,1,1,Н
,,,,,,,,,весовая категория 52+ кг,175,004,1,8,1,1,Д
,,,,,,,,,весовая категория 53 кг,175,011,1,8,1,1,Д
,,,,,,,,,весовая категория 54 кг,175,012,1,8,1,1,Д
,,,,,,,,,весовая категория 55 кг,175,013,1,8,1,1,С
,,,,,,,,,весовая категория 55+ кг,175,008,1,8,1,1,Ю
,,,,,,,,,весовая категория 57 кг,175,015,1,8,1,1,Ю
,,,,,,,,,весовая категория 59 кг,175,016,1,8,1,1,Д
,,,,,,,,,весовая категория 60 кг,175,018,1,8,1,1,А
,,,,,,,,,весовая категория 61 кг,175,020,1,8,1,1,С
,,,,,,,,,весовая категория 61+ кг,175,019,1,8,1,1,Д
,,,,,,,,,весовая категория 63 кг,175,021,1,8,1,1,Ю
,,,,,,,,,весовая категория 66 кг,175,030,1,8,1,1,Д
,,,,,,,,,весовая категория 66+ кг,175,031,1,8,1,1,Д
,,,,,,,,,весовая категория 67 кг,175,022,1,8,1,1,А
,,,,,,,,,весовая категория 68 кг,175,023,1,8,1,1,С
,,,,,,,,,весовая категория 68+ кг,175,024,1,8,1,1,С
,,,,,,,,,весовая категория 70 кг,175,025,1,8,1,1,Ю
,,,,,,,,,весовая категория 70+ кг,175,026,1,8,1,1,Ю
,,,,,,,,,весовая категория 75 кг,175,027,1,8,1,1,А
,,,,,,,,,весовая категория 76 кг,175,028,1,8,1,1,Ю
,,,,,,,,,весовая категория 76+ кг,175,029,1,8,1,1,Ю
,,,,,,,,,весовая категория 84 кг,175,032,1,8,1,1,А
,,,,,,,,,весовая категория 84+ кг,175,033,1,8,1,1,А
,,,,,,,,,ката,175,034,1,8,1,1,Я
,,,,,,,,,ката - группа,175,035,1,8,1,1,Я
,,,,,,,,,командные соревнования,175,036,1,8,1,1,Л
,,,,,,,,,ПОДА - ката,175,009,1,7,1,1,Л
48,Кендо,153,000,1,4,1,1,Я,поединок,153,001,1,8,1,1,Я
,,,,,,,,,командные соревнования,153,002,1,8,1,1,Я
49,Кёрлинг,036,000,4,6,1,1,Я,кёрлинг,036,001,4,6,1,1,Я
,,,,,,,,,кёрлинг - смешанный,036,002,4,8,1,1,Я
,,,,,,,,,кёрлинг - смешанные пары,036,003,4,6,1,1,Я
,,,,,,,,,ПОДА - кёрлинг на колясках - смешанный,036,004,4,7,1,1,Л
,,,,,,,,,ПОДА - кёрлинг на колясках - смешанные пары,036,005,4,7,1,1,Л
50,Кикбоксинг,095,000,1,4,1,1,Я,свободная форма,095,097,1,8,1,1,Я
,,,,,,,,,свободная форма с предметом,095,153,1,8,1,1,Я
,,,,,,,,,кик - форма,095,095,1,8,1,1,Я
,,,,,,,,,кик - форма с предметом,095,096,1,8,1,1,Я
,,,,,,,,,лайт-контакт 28 кг,095,001,1,8,1,1,Н
,,,,,,,,,лайт-контакт 32 кг,095,002,1,8,1,1,Н
,,,,,,,,,лайт-контакт 37 кг,095,003,1,8,1,1,Н
,,,,,,,,,лайт-контакт 42 кг,095,013,1,8,1,1,Н
,,,,,,,,,лайт-контакт 46 кг,095,007,1,8,1,1,Д
,,,,,,,,,лайт-контакт 47 кг,095,015,1,8,1,1,Н
,,,,,,,,,лайт-контакт 47+ кг,095,014,1,8,1,1,Н
,,,,,,,,,лайт-контакт 50 кг,095,004,1,8,1,1,С
,,,,,,,,,лайт-контакт 52 кг,095,020,1,8,1,1,Н
,,,,,,,,,лайт-контакт 55 кг,095,005,1,8,1,1,С
,,,,,,,,,лайт-контакт 57 кг,095,006,1,8,1,1,А
,,,,,,,,,лайт-контакт 60 кг,095,008,1,8,1,1,Б
,,,,,,,,,лайт-контакт 63 кг,095,009,1,8,1,1,А
,,,,,,,,,лайт-контакт 65 кг,095,010,1,8,1,1,Б
,,,,,,,,,лайт-контакт 65+ кг,095,011,1,8,1,1,Д
,,,,,,,,,лайт-контакт 69 кг,095,012,1,8,1,1,А
,,,,,,,,,лайт-контакт 69+ кг,095,154,1,8,1,1,Ю
,,,,,,,,,лайт-контакт 70 кг,095,157,1,8,1,1,Б
,,,,,,,,,лайт-контакт 70+ кг,095,155,1,8,1,1,Б
,,,,,,,,,лайт-контакт 74 кг,095,016,1,8,1,1,А
,,,,,,,,,лайт-контакт 79 кг,095,017,1,8,1,1,А
,,,,,,,,,лайт-контакт 84 кг,095,018,1,8,1,1,А
,,,,,,,,,лайт-контакт 89 кг,095,019,1,8,1,1,А
,,,,,,,,,лайт-контакт 94 кг,095,021,1,8,1,1,А
,,,,,,,,,лайт-контакт 94+ кг,095,022,1,8,1,1,А
,,,,,,,,,поинтфайтинг 28 кг,095,039,1,8,1,1,Н
,,,,,,,,,поинтфайтинг 32 кг,095,040,1,8,1,1,Н
,,,,,,,,,поинтфайтинг 37 кг,095,041,1,8,1,1,Н
,,,,,,,,,поинтфайтинг 42 кг,095,043,1,8,1,1,Н
,,,,,,,,,поинтфайтинг 46 кг,095,023,1,8,1,1,Д
,,,,,,,,,поинтфайтинг 47 кг,095,025,1,8,1,1,Н
,,,,,,,,,поинтфайтинг 47+ кг,095,042,1,8,1,1,Н
,,,,,,,,,поинтфайтинг 50 кг,095,024,1,8,1,1,С
,,,,,,,,,поинтфайтинг 52 кг,095,045,1,8,1,1,Н
,,,,,,,,,поинтфайтинг 55 кг,095,026,1,8,1,1,С
,,,,,,,,,поинтфайтинг 57 кг,095,027,1,8,1,1,А
,,,,,,,,,поинтфайтинг 60 кг,095,028,1,8,1,1,Б
,,,,,,,,,поинтфайтинг 63 кг,095,029,1,8,1,1,А
,,,,,,,,,поинтфайтинг 65 кг,095,030,1,8,1,1,Б
,,,,,,,,,поинтфайтинг 65+ кг,095,031,1,8,1,1,Д
,,,,,,,,,поинтфайтинг 69 кг,095,032,1,8,1,1,А
,,,,,,,,,поинтфайтинг 69+ кг,095,098,1,8,1,1,Ю
,,,,,,,,,поинтфайтинг 70 кг,095,099,1,8,1,1,Б
,,,,,,,,,поинтфайтинг 70+ кг,095,100,1,8,1,1,Б
,,,,,,,,,поинтфайтинг 74 кг,095,033,1,8,1,1,А
,,,,,,,,,поинтфайтинг 79 кг,095,034,1,8,1,1,А
,,,,,,,,,поинтфайтинг 84 кг,095,035,1,8,1,1,А
,,,,,,,,,поинтфайтинг 89 кг,095,036,1,8,1,1,А
,,,,,,,,,поинтфайтинг 94 кг,095,037,1,8,1,1,А
,,,,,,,,,поинтфайтинг 94+ кг,095,038,1,8,1,1,А
,,,,,,,,,К1- 40 кг,095,103,1,8,1,1,Д
,,,,,,,,,К1- 42 кг,095,104,1,8,1,1,Ю
,,,,,,,,,К1- 44 кг,095,105,1,8,1,1,Д
,,,,,,,,,К1- 45 кг,095,106,1,8,1,1,Ю
,,,,,,,,,К1- 48 кг,095,107,1,8,1,1,С
,,,,,,,,,К1- 51 кг,095,083,1,8,1,1,А
,,,,,,,,,К1- 52 кг,095,108,1,8,1,1,Б
,,,,,,,,,К1- 54 кг,095,084,1,8,1,1,А
,,,,,,,,,К1- 56 кг,095,109,1,8,1,1,Б
,,,,,,,,,К1- 57 кг,095,085,1,8,1,1,А
,,,,,,,,,К1- 60 кг,095,086,1,8,1,1,Я
,,,,,,,,,К1- 60+ кг,095,110,1,8,1,1,Д
,,,,,,,,,"К1- 63,5 кг",095,087,1,8,1,1,А
,,,,,,,,,К1- 65 кг,095,112,1,8,1,1,Б
,,,,,,,,,К1-  67 кг,095,088,1,8,1,1,А
,,,,,,,,,К1- 70 кг,095,115,1,8,1,1,С
,,,,,,,,,К1- 70+ кг,095,114,1,8,1,1,С
,,,,,,,,,К1- 71 кг,095,089,1,8,1,1,А
,,,,,,,,,К1- 75 кг,095,090,1,8,1,1,А
,,,,,,,,,К1- 81 кг,095,091,1,8,1,1,А
,,,,,,,,,К1- 81+ кг,095,044,1,8,1,1,Ю
,,,,,,,,,К1- 86 кг,095,092,1,8,1,1,А
,,,,,,,,,К1- 91 кг,095,093,1,8,1,1,А
,,,,,,,,,К1- 91+ кг,095,094,1,8,1,1,А
,,,,,,,,,фулл-контакт 33 кг,095,101,1,8,1,1,Ю
,,,,,,,,,фулл-контакт 36 кг,095,048,1,8,1,1,Н
,,,,,,,,,фулл-контакт 39 кг,095,049,1,8,1,1,Ю
,,,,,,,,,фулл-контакт 40 кг,095,050,1,8,1,1,Д
,,,,,,,,,фулл-контакт 42 кг,095,051,1,8,1,1,Ю
,,,,,,,,,фулл-контакт 44 кг,095,052,1,8,1,1,Д
,,,,,,,,,фулл-контакт 45 кг,095,053,1,8,1,1,Ю
,,,,,,,,,фулл-контакт 48 кг,095,054,1,8,1,1,С
,,,,,,,,,фулл-контакт 51 кг,095,055,1,8,1,1,А
,,,,,,,,,фулл-контакт 52 кг,095,056,1,8,1,1,Б
,,,,,,,,,фулл-контакт 54 кг,095,057,1,8,1,1,А
,,,,,,,,,фулл-контакт 56 кг,095,058,1,8,1,1,Б
,,,,,,,,,фулл-контакт 57 кг,095,059,1,8,1,1,А
,,,,,,,,,фулл-контакт 60 кг,095,060,1,8,1,1,Я
,,,,,,,,,фулл-контакт 60+ кг,095,047,1,8,1,1,Д
,,,,,,,,,фулл-контакт 63 кг,095,142,1,8,1,1,Ю
,,,,,,,,,"фулл-контакт 63,5 кг",095,061,1,8,1,1,А
,,,,,,,,,фулл-контакт 65 кг,095,062,1,8,1,1,Б
,,,,,,,,,фулл-контакт 66 кг,095,119,1,8,1,1,Ю
,,,,,,,,,фулл-контакт  67 кг,095,063,1,8,1,1,А
,,,,,,,,,фулл-контакт  70 кг,095,120,1,8,1,1,С
,,,,,,,,,фулл-контакт  70+ кг,095,064,1,8,1,1,С
,,,,,,,,,фулл-контакт  71 кг,095,065,1,8,1,1,А
,,,,,,,,,фулл-контакт  75 кг,095,066,1,8,1,1,А
,,,,,,,,,фулл-контакт  81 кг,095,067,1,8,1,1,А
,,,,,,,,,фулл-контакт 81+ кг,095,046,1,8,1,1,Ю
,,,,,,,,,фулл-контакт  86 кг,095,068,1,8,1,1,А
,,,,,,,,,фулл-контакт  91 кг,095,069,1,8,1,1,А
,,,,,,,,,фулл-контакт  91+ кг,095,070,1,8,1,1,А
,,,,,,,,,лоу-кик 40 кг,095,126,1,8,1,1,Д
,,,,,,,,,лоу-кик 42 кг,095,127,1,8,1,1,Ю
,,,,,,,,,лоу-кик 44 кг,095,128,1,8,1,1,Д
,,,,,,,,,лоу-кик 45 кг,095,129,1,8,1,1,Ю
,,,,,,,,,лоу-кик 48 кг,095,130,1,8,1,1,C
,,,,,,,,,лоу-кик 51 кг,095,071,1,8,1,1,А
,,,,,,,,,лоу-кик 52 кг,095,131,1,8,1,1,Б
,,,,,,,,,лоу-кик 54 кг,095,072,1,8,1,1,А
,,,,,,,,,лоу-кик 56 кг,095,132,1,8,1,1,Б
,,,,,,,,,лоу-кик 57 кг,095,073,1,8,1,1,А
,,,,,,,,,лоу-кик 60 кг,095,074,1,8,1,1,Я
,,,,,,,,,лоу-кик 60+ кг,095,133,1,8,1,1,Д
,,,,,,,,,"лоу-кик 63,5 кг",095,075,1,8,1,1,А
,,,,,,,,,лоу-кик 65 кг,095,135,1,8,1,1,Б
,,,,,,,,,лоу-кик 67 кг,095,076,1,8,1,1,А
,,,,,,,,,лоу-кик 70 кг,095,137,1,8,1,1,С
,,,,,,,,,лоу-кик 70+ кг,095,138,1,8,1,1,С
,,,,,,,,,лоу-кик 71 кг,095,007,1,8,1,1,А
,,,,,,,,,лоу-кик 75 кг,095,078,1,8,1,1,А
,,,,,,,,,лоу-кик 81 кг,095,079,1,8,1,1,А
,,,,,,,,,лоу-кик 81+ кг,095,102,1,8,1,1,Ю
,,,,,,,,,лоу-кик 86 кг,095,080,1,8,1,1,А
,,,,,,,,,лоу-кик 91 кг,095,081,1,8,1,1,А
,,,,,,,,,лоу-кик 91+ кг,095,082,1,8,1,1,А
51,Кинологический спорт,073,000,5,4,1,1,Я,аджилити -  гэмблерз  30 см,073,001,1,8,1,1,Я
,,,,,,,,,аджилити -  гэмблерз  40 см,073,031,1,8,1,1,Я
,,,,,,,,,аджилити -  гэмблерз  55 см,073,032,1,8,1,1,Я
,,,,,,,,,аджилити -  гэмблерз  65 см,073,033,1,8,1,1,Я
,,,,,,,,,аджилити -  джампинг 30 см,073,002,1,8,1,1,Я
,,,,,,,,,аджилити -  джампинг 40 см,073,034,1,8,1,1,Я
,,,,,,,,,аджилити -  джампинг 55 см,073,035,1,8,1,1,Я
,,,,,,,,,аджилити -  джампинг 65 см,073,036,1,8,1,1,Я
,,,,,,,,,аджилити -  пауэр-энд-спид 30 см,073,003,1,8,1,1,Я
,,,,,,,,,аджилити -  пауэр-энд-спид 40 см,073,037,1,8,1,1,Я
,,,,,,,,,аджилити -  пауэр-энд-спид 55 см,073,038,1,8,1,1,Я
,,,,,,,,,аджилити -  пауэр-энд-спид 65 см,073,039,1,8,1,1,Я
,,,,,,,,,аджилити -  снукер 30 см,073,041,1,8,1,1,Я
,,,,,,,,,аджилити -  снукер 40 см,073,040,1,8,1,1,Я
,,,,,,,,,аджилити -  снукер 55 см,073,004,1,8,1,1,Я
,,,,,,,,,аджилити -  снукер 65 см,073,042,1,8,1,1,Я
,,,,,,,,,аджилити -  стандарт 30 см,073,005,1,8,1,1,Я
,,,,,,,,,аджилити -  стандарт 40 см,073,043,1,8,1,1,Я
,,,,,,,,,аджилити -  стандарт 55 см,073,044,1,8,1,1,Я
,,,,,,,,,аджилити -  стандарт 65 см,073,045,1,8,1,1,Я
,,,,,,,,,аджилити -  тайм-гэмбл 30 см,073,006,1,8,1,1,Я
,,,,,,,,,аджилити -  тайм-гэмбл 40 см,073,046,1,8,1,1,Я
,,,,,,,,,аджилити -  тайм-гэмбл 55 см,073,047,1,8,1,1,Я
,,,,,,,,,аджилити -  тайм-гэмбл  65 см,073,048,1,8,1,1,Я
,,,,,,,,,аджилити - двоеборье  30 см,073,008,1,8,1,1,Я
,,,,,,,,,аджилити - двоеборье  40 см,073,007,1,8,1,1,Я
,,,,,,,,,аджилити - двоеборье   55 см,073,049,1,8,1,1,Я
,,,,,,,,,аджилити - двоеборье   65 см,073,050,1,8,1,1,Я
,,,,,,,,,аджилити - многоборье  30 см,073,009,1,8,1,1,Я
,,,,,,,,,аджилити - многоборье  40 см,073,051,1,8,1,1,Я
,,,,,,,,,аджилити - многоборье  55 см,073,052,1,8,1,1,Я
,,,,,,,,,аджилити - многоборье  65 см,073,053,1,8,1,1,Я
,,,,,,,,,аджилити -командные соревнования,073,010,1,8,1,1,Я
,,,,,,,,,аджилити -эстафета,073,054,1,8,1,1,Я
,,,,,,,,,академическое  двоеборье,073,011,1,8,1,1,Я
,,,,,,,,,академическое двоеборье - командные,073,012,1,8,1,1,Я
,,,,,,,,,гонка-буксировка - 1собака (400-3000м),073,013,3,8,1,1,Я
,,,,,,,,,гонка-буксировка - 1собака эстафета (3 х (400-3000м),073,014,3,8,1,1,Я
,,,,,,,,,гонка-буксировка - 1собака - командные (400-3000м),073,015,3,8,1,1,Я
,,,,,,,,,гонка-буксировка - 2 собаки (400-3000м),073,016,3,8,1,1,Я
,,,,,,,,,биатлон - (800-5000м),073,021,3,8,1,1,Я
,,,,,,,,,биатлон - командные (800-5000м),073,022,3,8,1,1,Я
,,,,,,,,,биатлон - эстафета (3 х (800-5000м),073,023,3,8,1,1,Я
,,,,,,,,,комбинированный  триал,073,024,1,8,1,1,Я
,,,,,,,,,комбинированный триал - командные,073,025,1,8,1,1,Я
,,,,,,,,,комбинированный триал - эстафета,073,026,1,8,1,1,Я
,,,,,,,,,современное  двоеборье,073,027,1,8,1,1,Я
,,,,,,,,,современное двоеборье - командные,073,028,1,8,1,1,Я
,,,,,,,,,фристайл - соло (1+1),073,029,1,8,1,1,Я
,,,,,,,,,фристайл - дуэт (2+2),073,030,1,8,1,1,Я
52,Киокусинкай,173,000,1,4,1,1,Я,весовая категория  30 кг,173,001,1,8,1,1,Н
,,,,,,,,,весовая категория  35 кг,173,002,1,8,1,1,Н
,,,,,,,,,весовая категория  40 кг,173,003,1,8,1,1,Н
,,,,,,,,,весовая категория 40+ кг,173,095,1,8,1,1,Д
,,,,,,,,,весовая категория  45 кг,173,004,1,8,1,1,Н
,,,,,,,,,весовая категория  50 кг,173,005,1,8,1,1,Н
,,,,,,,,,весовая категория  55 кг,173,006,1,8,1,1,С
,,,,,,,,,весовая категория  55+ кг,173,007,1,8,1,1,Н
,,,,,,,,,весовая категория  60 кг,173,008,1,8,1,1,Ф
,,,,,,,,,весовая категория  60+ кг,173,009,1,8,1,1,Н
,,,,,,,,,весовая категория  65 кг,173,010,1,8,1,1,Э
,,,,,,,,,весовая категория  65+ кг,173,011,1,8,1,1,Э
,,,,,,,,,весовая категория  70 кг,173,012,1,8,1,1,А
,,,,,,,,,весовая категория  70+ кг,173,013,1,8,1,1,Ю
,,,,,,,,,весовая категория  75 кг,173,014,1,8,1,1,Ю
,,,,,,,,,весовая категория  75+ кг,173,015,1,8,1,1,Ю
,,,,,,,,,весовая категория  80 кг,173,016,1,8,1,1,А
,,,,,,,,,весовая категория  80+ кг,173,017,1,8,1,1,А
,,,,,,,,,весовая категория  90 кг,173,018,1,8,1,1,М
,,,,,,,,,весовая категория  90+ кг,173,019,1,8,1,1,М
,,,,,,,,,абсолютная категория,173,087,1,8,1,1,Л
,,,,,,,,,ката,173,020,1,8,1,1,Я
,,,,,,,,,ката - группа,173,091,1,8,1,1,Я
,,,,,,,,,тамэсивари,173,021,1,8,1,1,Л
,,,,,,,,,кёкусин - весовая категория 30 кг,173,022,1,8,1,1,Н
,,,,,,,,,кёкусин - весовая категория 35 кг,173,023,1,8,1,1,Н
,,,,,,,,,кёкусин - весовая категория 40 кг,173,024,1,8,1,1,Н
,,,,,,,,,кёкусин - весовая категория 45 кг,173,025,1,8,1,1,Н
,,,,,,,,,кёкусин - весовая категория 50 кг,173,026,1,8,1,1,Н
,,,,,,,,,кёкусин - весовая категория 55 кг,173,027,1,8,1,1,Н
,,,,,,,,,кёкусин - весовая категория 55+ кг,173,028,1,8,1,1,Н
,,,,,,,,,кёкусин - весовая категория 60 кг,173,029,1,8,1,1,С
,,,,,,,,,кёкусин - весовая категория 60+ кг,173,030,1,8,1,1,С
,,,,,,,,,кёкусин - весовая категория 65 кг,173,031,1,8,1,1,С
,,,,,,,,,кёкусин - весовая категория 65+ кг,173,032,1,8,1,1,С
,,,,,,,,,кёкусин - весовая категория 70 кг,173,033,1,8,1,1,А
,,,,,,,,,кёкусин - весовая категория 70+ кг,173,034,1,8,1,1,Ю
,,,,,,,,,кёкусин - весовая категория 75 кг,173,035,1,8,1,1,А
,,,,,,,,,кёкусин - весовая категория 75+ кг,173,036,1,8,1,1,А
,,,,,,,,,кёкусин - весовая категория 80 кг,173,037,1,8,1,1,М
,,,,,,,,,кёкусин - весовая категория 80+ кг,173,038,1,8,1,1,М
,,,,,,,,,кёкусин - весовая категория 90 кг,173,039,1,8,1,1,М
,,,,,,,,,кёкусин - весовая категория 90+ кг,173,040,1,8,1,1,М
,,,,,,,,,кёкусин - абсолютная категория,173,088,1,8,1,1,М
,,,,,,,,,кёкусин - ката,173,041,1,8,1,1,Я
,,,,,,,,,кёкусин - ката - группа,173,042,1,8,1,1,Я
,,,,,,,,,кёкусин - тамэсивари,173,043,1,8,1,1,М
,,,,,,,,,кёкусинкан - весовая категория 30 кг,173,044,1,8,1,1,Н
,,,,,,,,,кёкусинкан - весовая категория 35 кг,173,045,1,8,1,1,Н
,,,,,,,,,кёкусинкан - весовая категория 40 кг,173,046,1,8,1,1,Н
,,,,,,,,,кёкусинкан - весовая категория 45 кг,173,047,1,8,1,1,Н
,,,,,,,,,кёкусинкан - весовая категория 50 кг,173,048,1,8,1,1,С
,,,,,,,,,кёкусинкан - весовая категория 50+ кг,173,094,1,8,1,1,Д
,,,,,,,,,кёкусинкан - весовая категория 55 кг,173,049,1,8,1,1,С
,,,,,,,,,кёкусинкан - весовая категория 55+ кг,173,050,1,8,1,1,Н
,,,,,,,,,кёкусинкан - весовая категория 60 кг,173,051,1,8,1,1,Я
,,,,,,,,,кёкусинкан - весовая категория 60+ кг,173,052,1,8,1,1,Н
,,,,,,,,,кёкусинкан - весовая категория 65 кг,173,053,1,8,1,1,Я
,,,,,,,,,кёкусинкан - весовая категория 65+ кг,173,054,1,8,1,1,С
,,,,,,,,,кёкусинкан - весовая категория 70 кг,173,055,1,8,1,1,Г
,,,,,,,,,кёкусинкан - весовая категория 70+ кг,173,056,1,8,1,1,Э
,,,,,,,,,кёкусинкан - весовая категория 75 кг,173,057,1,8,1,1,А
,,,,,,,,,кёкусинкан - весовая категория 75+ кг,173,058,1,8,1,1,Ю
,,,,,,,,,кёкусинкан - весовая категория 80 кг,173,059,1,8,1,1,М
,,,,,,,,,кёкусинкан - весовая категория 85 кг,173,092,1,8,1,1,М
,,,,,,,,,кёкусинкан - весовая категория 90 кг,173,061,1,8,1,1,М
,,,,,,,,,кёкусинкан - весовая категория 90+ кг,173,062,1,8,1,1,М
,,,,,,,,,кёкусинкан - весовая категория 95 кг,173,093,1,8,1,1,М
,,,,,,,,,кёкусинкан - весовая категория 95+ кг,173,060,1,8,1,1,М
,,,,,,,,,кёкусинкан -абсолютная категория,173,089,1,8,1,1,М
,,,,,,,,,кёкусинкан - ката,173,063,1,8,1,1,Я
,,,,,,,,,кёкусинкан - ката - группа,173,064,1,8,1,1,Я
,,,,,,,,,кёкусинкан - тамэсивари,173,065,1,8,1,1,Л
,,,,,,,,,синкёкусинкай - весовая категория 30 кг,173,066,1,8,1,1,Н
,,,,,,,,,синкёкусинкай - весовая категория 35 кг,173,067,1,8,1,1,Н
,,,,,,,,,синкёкусинкай - весовая категория 40 кг,173,068,1,8,1,1,Н
,,,,,,,,,синкёкусинкай - весовая категория 45 кг,173,069,1,8,1,1,Н
,,,,,,,,,синкёкусинкай - весовая категория 50 кг,173,070,1,8,1,1,С
,,,,,,,,,синкёкусинкай - весовая категория 55 кг,173,071,1,8,1,1,С
,,,,,,,,,синкёкусинкай - весовая категория 55+ кг,173,072,1,8,1,1,Н
,,,,,,,,,синкёкусинкай - весовая категория 60 кг,173,073,1,8,1,1,С
,,,,,,,,,синкёкусинкай - весовая категория 60+ кг,173,074,1,8,1,1,С
,,,,,,,,,синкёкусинкай - весовая категория 65 кг,173,075,1,8,1,1,Я
,,,,,,,,,синкёкусинкай - весовая категория 65+ кг,173,076,1,8,1,1,С
,,,,,,,,,синкёкусинкай - весовая категория 70 кг,173,077,1,8,1,1,А
,,,,,,,,,синкёкусинкай - весовая категория 70+ кг,173,078,1,8,1,1,Ю
,,,,,,,,,синкёкусинкай - весовая категория 75 кг,173,079,1,8,1,1,М
,,,,,,,,,синкёкусинкай - весовая категория 80 кг,173,081,1,8,1,1,М
,,,,,,,,,синкёкусинкай - весовая категория 85 кг,173,080,1,8,1,1,М
,,,,,,,,,синкёкусинкай - весовая категория 85+ кг,173,082,1,8,1,1,М
,,,,,,,,,синкёкусинкай - весовая категория 90 кг,173,083,1,8,1,1,М
,,,,,,,,,синкёкусинкай - весовая категория 90+ кг,173,084,1,8,1,1,М
,,,,,,,,,синкёкусинкай -абсолютная категория,173,090,1,8,1,1,Л
,,,,,,,,,синкёкусинкай - ката,173,085,1,8,1,1,Я
,,,,,,,,,синкёкусинкай - тамэсивари,173,086,1,8,1,1,М
53,Киокушин,188,000,1,4,1,1,Я,весовая категория 25 кг,188,001,1,8,1,1,Ю
,,,,,,,,,"весовая категория 27,5 кг",188,002,1,8,1,1,Ю
,,,,,,,,,весовая категория 30 кг,188,003,1,8,1,1,Н
,,,,,,,,,"весовая категория 32,5 кг",188,004,1,8,1,1,Ю
,,,,,,,,,весовая категория 35 кг,188,005,1,8,1,1,Н
,,,,,,,,,"весовая категория 37,5 кг",188,006,1,8,1,1,Ю
,,,,,,,,,весовая категория 40 кг,188,007,1,8,1,1,Н
,,,,,,,,,"весовая категория 42,5 кг",188,008,1,8,1,1,Ю
,,,,,,,,,весовая категория 45 кг,188,009,1,8,1,1,Н
,,,,,,,,,весовая категория 45+ кг,188,010,1,8,1,1,Д
,,,,,,,,,"весовая категория 47,5 кг",188,011,1,8,1,1,Ю
,,,,,,,,,весовая категория 50 кг,188,012,1,8,1,1,С
,,,,,,,,,весовая категория 50+ кг,188,013,1,8,1,1,Ю
,,,,,,,,,"весовая категория 52,5 кг",188,014,1,8,1,1,Н
,,,,,,,,,весовая категория 55 кг,188,015,1,8,1,1,С
,,,,,,,,,весовая категория 55+ кг,188,016,1,8,1,1,Д
,,,,,,,,,"весовая категория 57,5 кг",188,017,1,8,1,1,Ю
,,,,,,,,,весовая категория 60 кг,188,018,1,8,1,1,Я
,,,,,,,,,весовая категория 60+ кг,188,019,1,8,1,1,Н
,,,,,,,,,весовая категория 65 кг,188,020,1,8,1,1,Я
,,,,,,,,,весовая категория 65+ кг,188,021,1,8,1,1,Ю
,,,,,,,,,весовая категория 70 кг,188,022,1,8,1,1,Г
,,,,,,,,,весовая категория 70+ кг,188,023,1,8,1,1,Э
,,,,,,,,,весовая категория 75 кг,188,024,1,8,1,1,А
,,,,,,,,,весовая категория 80 кг,188,025,1,8,1,1,А
,,,,,,,,,весовая категория 80+ кг,188,026,1,8,1,1,Ю
,,,,,,,,,весовая категория 85 кг,188,027,1,8,1,1,М
,,,,,,,,,весовая категория 90 кг,188,028,1,8,1,1,М
,,,,,,,,,весовая категория 95 кг,188,029,1,8,1,1,М
,,,,,,,,,весовая категория 95+ кг,188,030,1,8,1,1,М
,,,,,,,,,абсолютная категория,188,031,1,8,1,1,Л
,,,,,,,,,ката,188,032,1,8,1,1,Я
,,,,,,,,,ката - группа,188,033,1,8,1,1,Я
,,,,,,,,,тамэсивари,188,034,1,8,1,1,Л
54,Компьютерный спорт,124,000,2,4,1,1,Л,боевая арена,124,001,2,8,1,1,Л
,,,,,,,,,соревновательные головоломки,124,002,2,8,1,1,Л
,,,,,,,,,спортивный симулятор,124,005,2,8,1,1,Л
,,,,,,,,,стратегия в реальном времени,124,003,2,8,1,1,Л
,,,,,,,,,тактический трехмерный бой,124,007,2,8,1,1,М
,,,,,,,,,технический симулятор,124,004,2,8,1,1,Л
,,,,,,,,,файтинг,124,006,2,8,1,1,Л
55,Конный спорт,015,000,1,6,1,1,Я,выездка - большой круг,015,001,1,6,1,1,Я
,,,,,,,,,выездка - на лошади до 6 лет,015,022,1,8,1,1,Я
,,,,,,,,,выездка - на лошади 6 лет,015,023,1,8,1,1,Я
,,,,,,,,,выездка - на лошади 7 лет,015,024,1,8,1,1,Я
,,,,,,,,,выездка - малый круг,015,025,1,8,1,1,Я
,,,,,,,,,выездка (высота в холке до 150 см),015,010,1,8,1,1,Н
,,,,,,,,,выездка - командные соревнования,015,002,1,6,1,1,Я
,,,,,,,,,выездка (высота в холке до 150 см) - командные соревнования,015,011,1,8,1,1,Н
,,,,,,,,,конкур - HL,015,003,1,6,1,1,Я
,,,,,,,,,конкур - LL,015,029,1,8,1,1,Я
,,,,,,,,,конкур - на лошади до 6 лет,015,026,1,8,1,1,Я
,,,,,,,,,конкур - на лошади 6 лет,015,027,1,8,1,1,Я
,,,,,,,,,конкур - на лошади 7 лет,015,028,1,8,1,1,Я
,,,,,,,,,конкур (высота в холке до 150 см),015,012,1,8,1,1,Н
,,,,,,,,,конкур - командные соревнования,015,004,1,6,1,1,Я
,,,,,,,,,конкур (высота в холке до 150 см) - командные соревнования,015,013,1,8,1,1,Н
,,,,,,,,,троеборье - HL,015,005,1,6,1,1,Я
,,,,,,,,,троеборье - LL,015,033,1,8,1,1,Я
,,,,,,,,,троеборье - на лошади до 6 лет,015,030,1,8,1,1,Л
,,,,,,,,,троеборье - на лошади 6 лет,015,031,1,8,1,1,Я
,,,,,,,,,троеборье - на лошади 7 лет,015,032,1,8,1,1,Я
,,,,,,,,,троеборье (высота в холке до 150 см),015,014,1,8,1,1,Н
,,,,,,,,,троеборье - командные соревнования,015,006,1,6,1,1,Я
,,,,,,,,,троеборье (высота в холке до 150 см) - командные соревнования,015,015,1,8,1,1,Н
,,,,,,,,,тентпеггинг,015,016,1,8,1,1,Л
,,,,,,,,,тентпеггинг - командные соревнования,015,017,1,8,1,1,Л
,,,,,,,,,вольтижировка,015,007,1,8,1,1,Я
,,,,,,,,,вольтижировка - пара,015,018,1,8,1,1,Л
,,,,,,,,,вольтижировка - группа,015,019,1,8,1,1,Л
,,,,,,,,,джигитовка,015,021,1,8,1,1,Л
,,,,,,,,,драйвинг - одиночная упряжка,015,008,1,8,1,1,Я
,,,,,,,,,драйвинг - (высота в холке до 150 см) - одиночная упряжка,015,020,1,8,1,1,Я
,,,,,,,,,пробеги - HL,015,009,1,8,1,1,Я
,,,,,,,,,пробеги - LL,015,035,1,8,1,1,Я
,,,,,,,,,пробеги - на лошади до 8 лет,015,034,1,8,1,1,Я
,,,,,,,,,пробеги - командные соревнования,015,036,1,8,1,1,Я
56,Конькобежный спорт,045,000,3,6,1,1,Я,дистанция   100 м,045,001,3,8,1,1,Я
,,,,,,,,,дистанция   300 м,045,003,3,8,1,1,Я
,,,,,,,,,дистанция   500 м,045,005,3,6,1,1,Я
,,,,,,,,,дистанция   500м+500 м,045,036,3,8,1,1,Я
,,,,,,,,,дистанция  1000 м,045,006,3,6,1,1,Я
,,,,,,,,,дистанция  1500 м,045,007,3,6,1,1,Я
,,,,,,,,,дистанция  3000 м,045,009,3,6,1,1,Я
,,,,,,,,,дистанция  5000 м,045,010,3,6,1,1,Г
,,,,,,,,,дистанция 10 000 м,045,011,3,6,1,1,М
,,,,,,,,,масстарт 10 кругов,045,004,3,8,1,1,Н
,,,,,,,,,масстарт 16 кругов,045,002,3,6,1,1,Л
,,,,,,,,,многоборье  (500м+ 1000м+500м+1000м),045,012,3,8,1,1,Я
,,,,,,,,,многоборье (500м+1500м+1000м+5000м),045,017,3,8,1,1,А
,,,,,,,,,многоборье (500м+3000м+1500м+5000м),045,013,3,8,1,1,Г
,,,,,,,,,многоборье (500м+5000м+1500м+10000м),045,014,3,8,1,1,М
,,,,,,,,,многоборье (500м+1500м+1000м+3000м),045,015,3,8,1,1,Я
,,,,,,,,,многоборье (100м+300м+100м+300м),045,016,3,8,1,1,Н
,,,,,,,,,эстафета  (4чел. х 400м),045,019,3,8,1,1,Я
,,,,,,,,,эстафета смешанная (4чел. х 400м),045,022,3,8,1,1,Н
,,,,,,,,,командный забег 6 кругов,045,035,3,6,1,1,Б
,,,,,,,,,командный забег 8 кругов,045,028,3,6,1,1,А
,,,,,,,,,командный забег - спринт 3 круга,045,008,3,8,1,1,Я
,,,,,,,,,групповой забег 40 000 м,045,034,3,8,1,1,М
,,,,,,,,,шорт-трек - дистанция   500 м,045,037,3,6,1,1,Я
,,,,,,,,,шорт-трек - дистанция 777 м,045,045,3,8,1,1,Н
,,,,,,,,,шорт-трек - дистанция  1000 м,045,038,3,6,1,1,Я
,,,,,,,,,шорт-трек - дистанция  1500 м,045,039,3,6,1,1,Я
,,,,,,,,,шорт-трек - троеборье (1000м+500м+777м),045,046,3,8,1,1,Н
,,,,,,,,,шорт-трек - многоборье (1500м+500м+1000м+1500м),045,040,3,8,1,1,Н
,,,,,,,,,шорт-трек - многоборье (1500м+500м+1000м+3000м),045,041,3,8,1,1,Л
,,,,,,,,,шорт-трек - эстафета  3 чел - 2000м,045,042,3,8,1,1,Н
,,,,,,,,,шорт-трек - эстафета  4 чел - 3000м,045,043,3,6,1,1,С
,,,,,,,,,шорт-трек - эстафета  4 чел - 5000м,045,044,3,6,1,1,М
,,,,,,,,,шорт-трек - эстафета смешанная (2 ж + 2 м – 3000 м),045,018,3,8,1,1,Н
,,,,,,,,,шорт-трек - эстафета смешанная (2 ж + 2 м - 2000 м),045,020,3,6,1,1,Л
57,Корэш,159,000,1,4,1,1,А,весовая категория 36 кг,159,016,1,8,1,1,Ю
,,,,,,,,,весовая категория 40 кг,159,017,1,8,1,1,Ю
,,,,,,,,,весовая категория 45 кг,159,001,1,8,1,1,Ю
,,,,,,,,,весовая категория 50 кг,159,002,1,8,1,1,Ю
,,,,,,,,,весовая категория 55 кг,159,003,1,8,1,1,Ю
,,,,,,,,,весовая категория 60 кг,159,004,1,8,1,1,А
,,,,,,,,,весовая категория 65 кг,159,005,1,8,1,1,А
,,,,,,,,,весовая категория 70 кг,159,006,1,8,1,1,А
,,,,,,,,,весовая категория 75 кг,159,007,1,8,1,1,А
,,,,,,,,,весовая категория 80 кг,159,008,1,8,1,1,А
,,,,,,,,,весовая категория 85 кг,159,010,1,8,1,1,А
,,,,,,,,,весовая категория 90 кг,159,011,1,8,1,1,А
,,,,,,,,,весовая категория 100 кг,159,013,1,8,1,1,А
,,,,,,,,,весовая категория 110 кг,159,012,1,8,1,1,Ю
,,,,,,,,,весовая категория 120 кг,159,018,1,8,1,1,Ю
,,,,,,,,,весовая категория 130 кг,159,019,1,8,1,1,М
,,,,,,,,,весовая категория 130+ кг,159,014,1,8,1,1,М
,,,,,,,,,абсолютная категория,159,015,1,8,1,1,А
,,,,,,,,,командные соревнования,159,020,1,8,1,1,А
58,Кудо,143,000,1,4,1,1,Я,коэффициент - 180,143,001,1,4,1,1,Ю
,,,,,,,,,коэффициент - 190,143,002,1,4,1,1,Ю
,,,,,,,,,коэффициент - 200,143,003,1,4,1,1,Н
,,,,,,,,,коэффициент - 200+,143,004,1,4,1,1,Д
,,,,,,,,,коэффициент - 210,143,005,1,4,1,1,Ю
,,,,,,,,,коэффициент - 220,143,006,1,4,1,1,Э
,,,,,,,,,коэффициент - 220+,143,015,1,4,1,1,Ж
,,,,,,,,,коэффициент - 230,143,007,1,4,1,1,А
,,,,,,,,,коэффициент - 240,143,008,1,4,1,1,А
,,,,,,,,,коэффициент - 250,143,009,1,4,1,1,А
,,,,,,,,,коэффициент - 250+,143,010,1,4,1,1,Ю
,,,,,,,,,коэффициент - 260,143,011,1,4,1,1,А
,,,,,,,,,коэффициент - 270,143,012,1,4,1,1,А
,,,,,,,,,коэффициент - 270+,143,013,1,4,1,1,А
,,,,,,,,,коэффициент - абсолютный,143,014,1,4,1,1,Б
59,Лапта,078,000,2,3,1,1,Я,лапта,078,001,2,8,1,1,Я
,,,,,,,,,мини-лапта,078,002,2,8,1,1,Я
60,Легкая атлетика,002,000,1,6,1,1,Я,бег 30-50 м,002,064,1,8,1,1,Я
,,,,,,,,,бег 60 м,002,002,1,8,1,1,Я
,,,,,,,,,бег 100 м,002,003,1,6,1,1,Я
,,,,,,,,,бег 200 м,002,004,1,6,1,1,Я
,,,,,,,,,бег 300 м,002,005,1,8,1,1,Я
,,,,,,,,,бег 400 м,002,006,1,6,1,1,Я
,,,,,,,,,бег 400 м  (круг 200м),002,077,1,8,1,1,Я
,,,,,,,,,бег 600 м,002,007,1,8,1,1,Я
,,,,,,,,,бег 800 м,002,008,1,6,1,1,Я
,,,,,,,,,бег 800 м  (круг 200м),002,078,1,8,1,1,Я
,,,,,,,,,бег 1000 м,002,009,1,8,1,1,Я
,,,,,,,,,бег 1500 м,002,010,1,6,1,1,Я
,,,,,,,,,бег 1500 м  (круг 200м),002,079,1,8,1,1,Я
,,,,,,,,,бег 1 миля,002,011,1,8,1,1,Я
,,,,,,,,,бег 3 000 м,002,012,1,8,1,1,Я
,,,,,,,,,бег 3 000 м  (круг 200м),002,080,1,8,1,1,Я
,,,,,,,,,бег 5 000 м,002,013,1,6,1,1,Я
,,,,,,,,,бег 10 000 м,002,014,1,6,1,1,Я
,,,,,,,,,бег 100 км,002,018,1,8,1,1,Л
,,,,,,,,,бег 100 км - командные соревнования,002,070,1,8,1,1,Л
,,,,,,,,,бег 24 часа,002,019,1,8,1,1,Л
,,,,,,,,,бег 24 часа - командные соревнования,002,062,1,8,1,1,Л
,,,,,,,,,"бег по шоссе   10 - 21,0975 км -командеые соревнования",002,074,1,8,1,1,Л
,,,,,,,,,бег по шоссе   15 км,002,015,1,8,1,1,Я
,,,,,,,,,"бег по шоссе   21,0975 км",002,016,1,8,1,1,Л
,,,,,,,,,"бег по шоссе   42,195 км -командные соревнования",002,072,1,8,1,1,Л
,,,,,,,,,"бег по шоссе   42,195 км",002,017,1,6,1,1,Я
,,,,,,,,,бег по шоссе (эстафета),002,076,1,8,1,1,Я
,,,,,,,,,эстафета  4 х 100 м,002,020,1,6,1,1,Я
,,,,,,,,,эстафета  4 х 200 м,002,021,1,8,1,1,Я
,,,,,,,,,эстафета  4 х 400 м,002,022,1,6,1,1,Я
,,,,,,,,,эстафета  4 х 400 м  (круг 200 м),002,081,1,8,1,1,Я
,,,,,,,,,эстафета 4 х 400 м - смешанная,002,089,1,6,1,1,Я
,,,,,,,,,эстафета  4 х 800 м,002,065,1,8,1,1,Я
,,,,,,,,,эстафета  4 х1500 м,002,066,1,8,1,1,Л
,,,,,,,,,эстафета 100 м + 200 м + 300 м + 400 м,002,086,1,8,1,1,Н
,,,,,,,,,эстафета 100м + 200м + 400м +800м,002,067,1,8,1,1,Я
,,,,,,,,,бег с барьерами  60 м,002,023,1,8,1,1,Я
,,,,,,,,,бег с барьерами  100 м,002,024,1,6,1,1,Б
,,,,,,,,,бег с барьерами  110 м,002,025,1,6,1,1,А
,,,,,,,,,бег с барьерами 300 м,002,087,1,8,1,1,Н
,,,,,,,,,бег с барьерами  400 м,002,027,1,6,1,1,Я
,,,,,,,,,бег с барьерами (эстафета 4 х 100м),002,068,1,8,1,1,Б
,,,,,,,,,бег с барьерами (эстафета 4 х 110м),002,069,1,8,1,1,А
,,,,,,,,,бег  с препятствиями 1 500 м,002,071,1,8,1,1,Н
,,,,,,,,,бег  с препятствиями 2 000 м,002,028,1,8,1,1,Я
,,,,,,,,,бег с препятствиями 3 000 м,002,030,1,6,1,1,Я
,,,,,,,,,горный бег - длинная дистанция,002,084,1,8,1,1,Л
,,,,,,,,,горный бег - командные соревнования,002,085,1,8,1,1,Я
,,,,,,,,,горный бег вверх - вниз,002,083,1,8,1,1,Я
,,,,,,,,,горный бег вверх,002,082,1,8,1,1,Я
,,,,,,,,,кросс - командные соревнования,002,058,1,8,1,1,Я
,,,,,,,,,кросс  1 км,002,031,1,8,1,1,С
,,,,,,,,,кросс  2 км,002,032,1,8,1,1,С
,,,,,,,,,кросс  3 км,002,033,1,8,1,1,Я
,,,,,,,,,кросс  4 км,002,034,1,8,1,1,Б
,,,,,,,,,кросс  5 км,002,035,1,8,1,1,Я
,,,,,,,,,кросс  6 км,002,036,1,8,1,1,Б
,,,,,,,,,кросс  8 км,002,037,1,8,1,1,А
,,,,,,,,,кросс  10 км,002,038,1,8,1,1,М
,,,,,,,,,кросс  12 км,002,039,1,8,1,1,М
,,,,,,,,,трейл,002,090,1,8,1,1,Л
,,,,,,,,,ходьба - командные соревнования,002,029,1,8,1,1,Л
,,,,,,,,,ходьба 1000-3000 м,002,040,1,8,1,1,Н
,,,,,,,,,ходьба   5 000 м,002,041,1,8,1,1,Д
,,,,,,,,,ходьба 10000 м (или 10 км),002,042,1,8,1,1,Я
,,,,,,,,,ходьба   20 км,002,043,1,6,1,1,Я
,,,,,,,,,ходьба   35 км,002,044,1,8,1,1,Л
,,,,,,,,,ходьба   50 км,002,045,1,6,1,1,Л
,,,,,,,,,прыжок в высоту,002,046,1,6,1,1,Я
,,,,,,,,,прыжок с шестом,002,047,1,6,1,1,Я
,,,,,,,,,прыжок в длину,002,048,1,6,1,1,Я
,,,,,,,,,прыжок тройной,002,049,1,6,1,1,Я
,,,,,,,,,метание  диска,002,050,1,6,1,1,Я
,,,,,,,,,метание молота,002,051,1,6,1,1,Я
,,,,,,,,,метание копья,002,052,1,6,1,1,Я
,,,,,,,,,метание гранаты,002,053,1,8,1,1,Я
,,,,,,,,,метание мяча,002,054,1,8,1,1,Н
,,,,,,,,,толкание ядра,002,055,1,6,1,1,Я
,,,,,,,,,3-борье,002,056,1,8,1,1,Н
,,,,,,,,,4-борье,002,057,1,8,1,1,Н
,,,,,,,,, 5-борье (круг 200 м),002,073,1,8,1,1,Я
,,,,,,,,, 6-борье,002,059,1,8,1,1,А
,,,,,,,,, 7-борье - командные соревнования,002,001,1,8,1,1,Ж
,,,,,,,,, 7-борье (круг 200 м),002,060,1,8,1,1,А
,,,,,,,,, 7-борье,002,061,1,6,1,1,Б
,,,,,,,,, 8-борье,002,075,1,8,1,1,Ю
,,,,,,,,,10-борье - командные соревнования,002,026,1,8,1,1,М
,,,,,,,,,10-борье,002,063,1,6,1,1,А
,,,,,,,,,командные соревнования – 19 упражнений,002,088,1,8,1,1,Л
61,Лыжное двоеборье,037,000,5,6,1,1,Я,"HS 85-109, гонка 10 км",037,006,3,6,1,1,А
,,,,,,,,,"HS 85-109, свыше 110, гонка 5 км (спринт)",037,007,3,8,1,1,Я
,,,,,,,,,"HS 85-109, свыше 110, гонка 10 км",037,004,3,6,1,1,А
,,,,,,,,,"HS 85-109, свыше 110, гонка 15 км",037,001,3,8,1,1,М
,,,,,,,,,"HS 85-109, свыше 110, гонка 7,5 км (спринт - команда 2 чел.)",037,005,3,8,1,1,М
,,,,,,,,,"HS 85-109, свыше 110, гонка 7,5 км (спринт)",037,002,3,8,1,1,М
,,,,,,,,,"HS 85-109, эстафета (3 чел. х 5 км)",037,013,3,8,1,1,Ю
,,,,,,,,,"HS 85-109, свыше 110, эстафета (4 чел. х 5 км)",037,003,3,6,1,1,Я
,,,,,,,,,"HS 85-109, свыше 110, эстафета (5 + 2,5 + 2,5 + 5 км)",037,017,3,8,1,1,Я
,,,,,,,,,"HS 50-84, гонка 3-5 км",037,008,3,8,1,1,Н
,,,,,,,,,"HS 50-84, эстафета (4 чел. х 3 км)",037,009,3,8,1,1,Ю
,,,,,,,,,"HS 20-49, гонка 2-3 км",037,011,3,8,1,1,Н
,,,,,,,,,"HS 20-49, эстафета (4 чел. х 2 км)",037,012,3,8,1,1,А
,,,,,,,,,"HS 20-49, 2-4 км, кросс",037,014,1,8,1,1,Ю
,,,,,,,,,"HS 85-109, свыше 110, 10-15 км, роллеры",037,010,1,8,1,1,М
,,,,,,,,,"HS 50-109, 2,5-5 км, кросс или роллеры",037,015,1,8,1,1,С
,,,,,,,,,"HS 85-109, свыше 110, 7,5 км, кросс",037,016,1,8,1,1,М
62,Лыжные гонки,031,000,5,6,1,1,Я,классический стиль - спринт,031,023,3,6,1,1,Я
,,,,,,,,,"классический стиль  0,5 км",031,001,3,8,1,1,Н
,,,,,,,,,классический стиль  1 км,031,002,3,8,1,1,Н
,,,,,,,,,классический стиль  3 км,031,003,3,8,1,1,Я
,,,,,,,,,классический стиль 5 км,031,004,3,8,1,1,Я
,,,,,,,,,"классический стиль  7,5 км",031,042,3,8,1,1,Н
,,,,,,,,,классический стиль  10 км,031,005,3,6,1,1,Я
,,,,,,,,,классический стиль 10 км (масс-старт),031,022,3,8,1,1,Л
,,,,,,,,,классический стиль 10 км (персьют),031,028,3,8,1,1,Г
,,,,,,,,,классический стиль  15 км,031,006,3,6,1,1,Я
,,,,,,,,,классический стиль 15 км (масс-старт),031,035,3,8,1,1,Л
,,,,,,,,,классический стиль 15 км (персьют),031,044,3,8,1,1,М
,,,,,,,,,классический стиль  20 км,031,007,3,8,1,1,Я
,,,,,,,,,классический стиль 20 км (масс-старт),031,045,3,8,1,1,Я
,,,,,,,,,классический стиль  30 км,031,008,3,8,1,1,Я
,,,,,,,,,классический стиль  30 км  (масстарт),031,037,3,6,1,1,Я
,,,,,,,,,классический стиль  50 км,031,009,3,8,1,1,Г
,,,,,,,,,классический стиль  50 км  (масстарт),031,036,3,6,1,1,Я
,,,,,,,,,классический стиль 70 км (масс-старт),031,010,3,8,1,1,М
,,,,,,,,,классический стиль - командный спринт,031,049,3,6,1,1,Л
,,,,,,,,,свободный стиль - спринт,031,040,3,6,1,1,Я
,,,,,,,,,"свободный стиль   0,5 км",031,011,3,8,1,1,Н
,,,,,,,,,свободный стиль   1 км,031,012,3,8,1,1,Н
,,,,,,,,,свободный стиль   3 км,031,013,3,8,1,1,Я
,,,,,,,,,свободный стиль   5 км,031,014,3,8,1,1,Я
,,,,,,,,,"свободный стиль   7,5 км",031,041,3,8,1,1,Н
,,,,,,,,,свободный стиль   10 км,031,015,3,6,1,1,Я
,,,,,,,,,свободный стиль 10 км (масс-старт),031,050,3,8,1,1,Л
,,,,,,,,,свободный стиль 10 км (персьют),031,051,3,8,1,1,Г
,,,,,,,,,свободный стиль   15 км,031,016,3,6,1,1,Я
,,,,,,,,,свободный стиль 15 км (масс-старт),031,052,3,8,1,1,К
,,,,,,,,,свободный стиль 15 км (персьют),031,053,3,8,1,1,М
,,,,,,,,,свободный стиль   20 км,031,017,3,8,1,1,Я
,,,,,,,,,свободный стиль 20 км (масс-старт),031,054,3,8,1,1,Я
,,,,,,,,,свободный стиль   30 км,031,018,3,8,1,1,Я
,,,,,,,,,свободный стиль   30 км  (масстарт),031,038,3,6,1,1,Я
,,,,,,,,,свободный стиль   50 км,031,019,3,8,1,1,Г
,,,,,,,,,свободный стиль   50 км  (масстарт),031,039,3,6,1,1,Г
,,,,,,,,,свободный стиль 70 км (масс-старт),031,020,3,8,1,1,М
,,,,,,,,,свободный стиль - командный спринт,031,055,3,6,1,1,Л
,,,,,,,,,скиатлон (5 км + 5 км),031,026,3,8,1,1,Д
,,,,,,,,,"скиатлон (7,5 км + 7,5 км)",031,046,3,6,1,1,Б
,,,,,,,,,скиатлон (10 км + 10 км),031,047,3,8,1,1,Я
,,,,,,,,,скиатлон (15 км + 15 км),031,048,3,6,1,1,А
,,,,,,,,,персьют 5 км,031,021,3,8,1,1,С
,,,,,,,,,эстафета (3 человека х 5 км),031,056,3,8,1,1,Ж
,,,,,,,,,эстафета  (4 чел. х  3 км),031,043,3,8,1,1,Д
,,,,,,,,,эстафета  (4 чел. х  5 км),031,024,3,6,1,1,С
,,,,,,,,,эстафета (4 человека х 5 км) - смешанная,031,057,3,8,1,1,Я
,,,,,,,,,"эстафета (4 человека х 7,5 км)",031,058,3,8,1,1,Л
,,,,,,,,,эстафета (4 чел. х 10 км),031,025,3,6,1,1,А
,,,,,,,,,"лыжероллеры - классический стиль 7,5 км",031,059,1,8,1,1,Я
,,,,,,,,,"лыжероллеры - классический стиль 7,5 км (масс-старт)",031,060,1,8,1,1,Д
,,,,,,,,,лыжероллеры - классический стиль 10 км,031,061,1,8,1,1,Я
,,,,,,,,,лыжероллеры - классический стиль 10 км (масс-старт),031,062,1,8,1,1,Н
,,,,,,,,,лыжероллеры - классический стиль 15 км,031,063,1,8,1,1,Л
,,,,,,,,,лыжероллеры - классический стиль 15 км (масс-старт),031,064,1,8,1,1,К
,,,,,,,,,лыжероллеры - классический стиль 20 км,031,065,1,8,1,1,А
,,,,,,,,,лыжероллеры - классический стиль 20 км (масс-старт),031,066,1,8,1,1,Г
,,,,,,,,,лыжероллеры - классический стиль 30 км,031,067,1,8,1,1,Л
,,,,,,,,,лыжероллеры - классический стиль 30 км (масс-старт),031,068,1,8,1,1,Л
,,,,,,,,,лыжероллеры - классический стиль - спринт,031,069,1,8,1,1,Я
,,,,,,,,,лыжероллеры - командный спринт,031,070,1,8,1,1,Я
,,,,,,,,,"лыжероллеры - свободный стиль 7,5 км",031,071,1,8,1,1,С
,,,,,,,,,"лыжероллеры - свободный стиль 7,5 км (масс-старт)",031,072,1,8,1,1,Н
,,,,,,,,,лыжероллеры - свободный стиль 10 км,031,073,1,8,1,1,Я
,,,,,,,,,лыжероллеры - свободный стиль 10 км (масс-старт),031,074,1,8,1,1,Н
,,,,,,,,,лыжероллеры - свободный стиль 15 км,031,075,1,8,1,1,Я
,,,,,,,,,лыжероллеры - свободный стиль 15 км (масс-старт),031,076,1,8,1,1,К
,,,,,,,,,лыжероллеры - свободный стиль 20 км,031,077,1,8,1,1,Г
,,,,,,,,,лыжероллеры - свободный стиль 20 км (масс-старт),031,078,1,8,1,1,А
,,,,,,,,,лыжероллеры - свободный стиль 30 км,031,079,1,8,1,1,М
,,,,,,,,,лыжероллеры - свободный стиль 30 км (масс-старт),031,080,1,8,1,1,М
,,,,,,,,,лыжероллеры - свободный стиль - спринт,031,081,1,8,1,1,Я
,,,,,,,,,лыжероллеры - масстарт,031,029,1,8,1,1,Я
,,,,,,,,,лыжероллеры - персьют,031,030,1,8,1,1,Я
,,,,,,,,,лыжероллеры - раздельный старт,031,027,1,8,1,1,Я
,,,,,,,,,"лыжероллеры 0,2 км - спринт",031,031,1,8,1,1,Я
,,,,,,,,,"лыжероллеры - эстафета (2 чел. х 2,5 км) х 3",031,034,1,8,1,1,Я
,,,,,,,,,лыжероллеры - эстафета (3 чел. х 10 км),031,032,1,8,1,1,М
,,,,,,,,,лыжероллеры - эстафета (3 чел. х 6 км),031,033,1,8,1,1,С
63,Микрофутзал,186,000,2,4,1,1,Я,микрофутзал,186,001,2,8,1,1,Я
,,,,,,,,,микрофутзальное двоеборье,186,002,2,8,1,1,Л
,,,,,,,,,интерактивный микрофутзал,186,003,2,8,1,1,Л
64,Многоборье готов к труду и обороне,196,000,1,3,1,1,Я,3-борье с бегом,196,001,1,8,1,1,Я
,,,,,,,,,3-борье с плаванием,196,002,1,8,1,1,Я
,,,,,,,,,3-борье с лыжной гонкой,196,003,1,8,1,1,Я
65,Морское многоборье,144,000,1,4,1,1,Я,морское  пятиборье,144,001,1,8,1,1,Я
,,,,,,,,,морское троеборье,144,003,1,8,1,1,Я
,,,,,,,,,ял-6 - дистанция 2000 м,144,009,1,8,1,1,А
,,,,,,,,,ял-6 - парусная гонка,144,010,1,8,1,1,Я
,,,,,,,,,гребно-парусное пятиборье,144,004,1,8,1,1,Я
66,Мотоциклетный спорт,091,000,7,5,1,1,Я,гонки  на гаревой дорожке - класс 500 - командные соревнования,091,046,1,8,1,1,А
,,,,,,,,,гонки на гаревой дорожке - класс 500 - среди пар,091,047,1,8,1,1,А
,,,,,,,,,гонки  на льду - класс 125,091,001,3,8,1,1,А
,,,,,,,,,гонки  на льду - класс 500 - командные соревнования,091,045,3,8,1,1,М
,,,,,,,,,гонки  на льду - класс 500,091,003,3,8,1,1,М
,,,,,,,,,гонки на гаревой дорожке - класс  80,091,004,1,8,1,1,Ю
,,,,,,,,,гонки на гаревой дорожке - класс 125,091,005,1,8,1,1,Ю
,,,,,,,,,гонки на гаревой дорожке - класс 250,091,007,1,8,1,1,Ю
,,,,,,,,,гонки на гаревой дорожке - класс 250 - командные соревнования,091,008,1,8,1,1,Ю
,,,,,,,,,гонки на гаревой дорожке - класс 500,091,006,1,8,1,1,А
,,,,,,,,,гонки на длинном треке - класс 500,091,009,1,8,1,1,А
,,,,,,,,,гонки на травяном треке - класс 500,091,012,1,8,1,1,А
,,,,,,,,,гонки с водными препятствиями - квадроцикл,091,053,1,8,1,1,Л
,,,,,,,,,гонки с водными препятствиями - кольцевые - квадроцикл,091,054,1,8,1,1,Л
,,,,,,,,,кросс-кантри - класс открытый,091,033,1,8,1,1,Л
,,,,,,,,,кросс-кантри - класс 450,091,032,1,8,1,1,М
,,,,,,,,,кросс - квадроцикл,091,036,1,8,1,1,Л
,,,,,,,,,кросс - квадроцикл - класс 100 мини,091,055,1,8,1,1,Н
,,,,,,,,,кросс - квадроцикл - класс 200 мини,091,056,1,8,1,1,Н
,,,,,,,,,кросс - мотоцикл с гусеницей,091,051,3,8,1,1,Л
,,,,,,,,,кросс - мотоцикл с гусеницей - командные соревнования,091,057,3,8,1,1,М
,,,,,,,,,кросс - снегоход,091,020,3,8,1,1,А
,,,,,,,,,кросс - снегоход - М2 мини,091,059,3,8,1,1,Ю
,,,,,,,,,кросс - снегоход - М3 мини,091,060,3,8,1,1,Ю
,,,,,,,,,кросс - снегоход - командные соревнования,091,058,3,8,1,1,М
,,,,,,,,,мотобол,091,024,2,8,1,1,А
,,,,,,,,,мотокросс - класс  50,091,013,1,8,1,1,Н
,,,,,,,,,мотокросс - класс  65,091,014,1,8,1,1,Н
,,,,,,,,,мотокросс - класс  85,091,015,1,8,1,1,Н
,,,,,,,,,мотокросс - класс открытый,091,028,1,8,1,1,Л
,,,,,,,,,мотокросс - класс 125,091,016,1,8,1,1,Г
,,,,,,,,,мотокросс - класс 125 мини,091,061,1,8,1,1,Н
,,,,,,,,,мотокросс - класс 150 мини,091,062,1,8,1,1,Н
,,,,,,,,,мотокросс - класс 250,091,017,1,8,1,1,М
,,,,,,,,,мотокросс - класс 500,091,002,1,8,1,1,М
,,,,,,,,,мотокросс - командные соревнования,091,029,1,8,1,1,Я
,,,,,,,,,мотокросс с коляской - класс 500,091,018,1,8,1,1,М
,,,,,,,,,мотокросс с коляской - класс 750,091,019,1,8,1,1,М
,,,,,,,,,мотокросс - фристайл,091,048,1,8,1,1,М
,,,,,,,,,моторалли - квадроцикл,091,063,1,8,1,1,Л
,,,,,,,,,моторалли - класс 450,091,064,1,8,1,1,Л
,,,,,,,,,моторалли - класс открытый,091,065,1,8,1,1,Л
,,,,,,,,,моторалли - мотовездеход,091,066,1,8,1,1,Л
,,,,,,,,,моторалли - снегоход,091,067,3,8,1,1,Л
,,,,,,,,,мототриал,091,025,1,8,1,1,А
,,,,,,,,,суперкросс - класс 125,091,030,1,8,1,1,Н
,,,,,,,,,суперкросс - класс 250,091,031,1,8,1,1,М
,,,,,,,,,супермото - класс 250,091,034,1,8,1,1,М
,,,,,,,,,супермото - класс 450,091,035,1,8,1,1,М
,,,,,,,,,трофи-рейд - квадроциклы,091,038,1,8,1,1,Л
,,,,,,,,,фигурное управление мотоциклом - класс открытый,091,052,1,8,1,1,М
,,,,,,,,,фристайл на мотоцикле,091,068,1,8,1,1,Л
,,,,,,,,,"шоссейно-кольцевые гонки - класс ""Минимото""",091,044,1,8,1,1,Я
,,,,,,,,,"шоссейно-кольцевые гонки - класс ""Супербайк""",091,039,1,8,1,1,Л
,,,,,,,,,"шоссейно-кольцевые гонки - класс ""Суперспорт""",091,040,1,8,1,1,Л
,,,,,,,,,"шоссейно-кольцевые гонки - класс ""Суперсток 600""",091,041,1,8,1,1,Л
,,,,,,,,,"шоссейно-кольцевые гонки - класс ""Суперсток 1000""",091,042,1,8,1,1,Л
,,,,,,,,,шоссейно-кольцевые гонки - класс 125,091,021,1,8,1,1,А
,,,,,,,,,шоссейно-кольцевые гонки - класс 250,091,022,1,8,1,1,М
,,,,,,,,,шоссейно-кольцевые гонки - класс 500,091,023,1,8,1,1,М
,,,,,,,,,шоссейно-кольцевые гонки на выносливость - командные соревнования,091,043,1,8,1,1,Л
,,,,,,,,,эндуро на мотоциклах - Е-1,091,010,1,8,1,1,М
,,,,,,,,,эндуро на мотоциклах - Е-2,091,011,1,8,1,1,М
,,,,,,,,,эндуро на мотоциклах - Е-3,091,049,1,8,1,1,М
,,,,,,,,,эндуро на мотоциклах - экстрим,091,050,1,8,1,1,М
,,,,,,,,,эндуро на мотоциклах - класс открытый,091,026,1,8,1,1,А
,,,,,,,,,эндуро - квадроциклы,091,037,1,8,1,1,Г
,,,,,,,,,эндуро на снегоходах,091,027,3,8,1,1,А
67,Муайтай,017,000,1,5,1,1,Я,весовая категория 30 кг,017,016,1,8,1,1,Н
,,,,,,,,,весовая категория 32 кг,017,018,1,8,1,1,Н
,,,,,,,,,весовая категория 34 кг,017,020,1,8,1,1,Н
,,,,,,,,,весовая категория 36 кг,017,001,1,8,1,1,Н
,,,,,,,,,весовая категория 38 кг,017,002,1,8,1,1,Н
,,,,,,,,,весовая категория 40 кг,017,003,1,8,1,1,Н
,,,,,,,,,"весовая категория 40,91 кг",017,029,1,8,1,1,Ж
,,,,,,,,,весовая категория 42 кг,017,004,1,8,1,1,Н
,,,,,,,,,"весовая категория 43,18 кг",017,030,1,8,1,1,Ж
,,,,,,,,,весовая категория 44 кг,017,005,1,8,1,1,Н
,,,,,,,,,весовая категория 45 кг,017,021,1,8,1,1,С
,,,,,,,,,"весовая категория 45,45 кг",017,034,1,8,1,1,Ж
,,,,,,,,,весовая категория 46 кг,017,006,1,8,1,1,Н
,,,,,,,,,"весовая категория 47,62 кг",017,035,1,8,1,1,Л
,,,,,,,,,весовая категория 48 кг,017,007,1,8,1,1,Я
,,,,,,,,,"весовая категория 48,99 кг",017,036,1,8,1,1,Л
,,,,,,,,,весовая категория 50 кг,017,008,1,8,1,1,Н
,,,,,,,,,"весовая категория 50,80 кг",017,037,1,8,1,1,Л
,,,,,,,,,весовая категория 51 кг,017,009,1,8,1,1,Я
,,,,,,,,,весовая категория 52 кг,017,010,1,8,1,1,Н
,,,,,,,,,"весовая категория 52,16 кг",017,038,1,8,1,1,Л
,,,,,,,,,"весовая категория 53,52 кг",017,039,1,8,1,1,Л
,,,,,,,,,весовая категория 54 кг,017,011,1,8,1,1,Я
,,,,,,,,,"весовая категория 55,34 кг",017,040,1,8,1,1,Л
,,,,,,,,,весовая категория 56 кг,017,012,1,8,1,1,Н
,,,,,,,,,весовая категория 57 кг,017,013,1,8,1,1,Я
,,,,,,,,,"весовая категория 57,15 кг",017,041,1,8,1,1,Л
,,,,,,,,,весовая категория 58 кг,017,014,1,8,1,1,Н
,,,,,,,,,"весовая категория 58,87 кг",017,042,1,8,1,1,Л
,,,,,,,,,весовая категория 60 кг,017,015,1,8,1,1,Я
,,,,,,,,,"весовая категория 61,24 кг",017,043,1,8,1,1,Л
,,,,,,,,,"весовая категория 63,5 кг",017,017,1,8,1,1,Я
,,,,,,,,,"весовая категория 63,50 кг",017,044,1,8,1,1,Л
,,,,,,,,,"весовая категория 63,5+ кг",017,023,1,8,1,1,Д
,,,,,,,,,"весовая категория 66,68 кг",017,045,1,8,1,1,Л
,,,,,,,,,весовая категория 67 кг,017,019,1,8,1,1,Я
,,,,,,,,,"весовая категория 69,85 кг",017,046,1,8,1,1,Л
,,,,,,,,,весовая категория 71 кг,017,022,1,8,1,1,Я
,,,,,,,,,весовая категория 71+ кг,017,024,1,8,1,1,Н
,,,,,,,,,"весовая категория 72,58 кг",017,047,1,8,1,1,Л
,,,,,,,,,весовая категория 75 кг,017,025,1,8,1,1,Я
,,,,,,,,,весовая категория 75+ кг,017,026,1,8,1,1,Б
,,,,,,,,,"весовая категория 76,20 кг",017,048,1,8,1,1,Л
,,,,,,,,,"весовая категория 79,38 кг",017,049,1,8,1,1,Л
,,,,,,,,,"весовая категория 79,38+ кг",017,050,1,8,1,1,Ж
,,,,,,,,,весовая категория 81 кг,017,028,1,8,1,1,А
,,,,,,,,,весовая категория 81+ кг,017,027,1,8,1,1,Ю
,,,,,,,,,"весовая категория 82,55 кг",017,051,1,8,1,1,М
,,,,,,,,,весовая категория 86 кг,017,031,1,8,1,1,А
,,,,,,,,,"весовая категория 86,18 кг",017,052,1,8,1,1,М
,,,,,,,,,"весовая категория 90,70 кг",017,053,1,8,1,1,М
,,,,,,,,,"весовая категория 90,70+ кг",017,054,1,8,1,1,М
,,,,,,,,,весовая категория 91 кг,017,032,1,8,1,1,А
,,,,,,,,,весовая категория 91+ кг,017,033,1,8,1,1,А
,,,,,,,,,"про-амат - весовая категория 40,91 кг",017,055,1,8,1,1,Д
,,,,,,,,,"про-амат - весовая категория 43,18 кг",017,056,1,8,1,1,Д
,,,,,,,,,"про-амат - весовая категория 45,45 кг",017,057,1,8,1,1,Д
,,,,,,,,,"про-амат - весовая категория 47,62 кг",017,058,1,8,1,1,Н
,,,,,,,,,"про-амат - весовая категория 48,99 кг",017,059,1,8,1,1,Н
,,,,,,,,,"про-амат - весовая категория 50,80 кг",017,060,1,8,1,1,Н
,,,,,,,,,"про-амат - весовая категория 52,16 кг",017,061,1,8,1,1,Н
,,,,,,,,,"про-амат - весовая категория 53,52 кг",017,062,1,8,1,1,Н
,,,,,,,,,"про-амат - весовая категория 55,34 кг",017,063,1,8,1,1,Н
,,,,,,,,,"про-амат - весовая категория 57,15 кг",017,064,1,8,1,1,Н
,,,,,,,,,"про-амат - весовая категория 58,87 кг",017,065,1,8,1,1,Н
,,,,,,,,,"про-амат - весовая категория 61,24 кг",017,066,1,8,1,1,Н
,,,,,,,,,"про-амат - весовая категория 63,50 кг",017,067,1,8,1,1,Н
,,,,,,,,,"про-амат - весовая категория 66,68 кг",017,068,1,8,1,1,Н
,,,,,,,,,"про-амат - весовая категория 69,85 кг",017,069,1,8,1,1,Н
,,,,,,,,,"про-амат - весовая категория 72,58 кг",017,070,1,8,1,1,Н
,,,,,,,,,"про-амат - весовая категория 76,20 кг",017,071,1,8,1,1,Н
,,,,,,,,,"про-амат - весовая категория 79,38 кг",017,072,1,8,1,1,Н
,,,,,,,,,"про-амат - весовая категория 79,38+ кг",017,073,1,8,1,1,Д
,,,,,,,,,"про-амат - весовая категория 82,55 кг",017,074,1,8,1,1,Ю
,,,,,,,,,"про-амат - весовая категория 86,18 кг",017,075,1,8,1,1,Ю
,,,,,,,,,"про-амат - весовая категория 90,70 кг",017,076,1,8,1,1,Ю
,,,,,,,,,"про-амат - весовая категория 90,70+ кг",017,077,1,8,1,1,Ю
68,Нарды,069,000,2,4,1,1,Л,длинные нарды,069,001,2,8,1,1,Л
,,,,,,,,,длинные нарды - блиц,069,002,2,8,1,1,Л
,,,,,,,,,короткие нарды,069,003,2,8,1,1,Л
,,,,,,,,,короткие нарды - блиц,069,004,2,8,1,1,Л
,,,,,,,,,короткие нарды - пары,069,005,2,8,1,1,Л
69,Настольный теннис,004,000,2,6,1,1,Я,одиночный разряд,004,001,2,6,1,1,Я
,,,,,,,,,парный разряд,004,002,2,8,1,1,Я
,,,,,,,,,смешанный парный разряд,004,003,2,6,1,1,Я
,,,,,,,,,командные соревнования,004,004,2,6,1,1,Я
70,Падел,181,000,2,4,1,1,Л,парный разряд,181,001,2,8,1,1,Л
,,,,,,,,,парный разряд - смешанный,181,002,2,8,1,1,Л
71,Парашютный спорт,162,000,5,4,1,1,Я,точность приземления - групповая,162,002,1,8,1,1,Я
,,,,,,,,,точность приземления - личная,162,001,1,8,1,1,Я
,,,,,,,,,акробатика,162,003,1,8,1,1,Я
,,,,,,,,,акробатика - групповая - 2,162,020,1,8,1,1,Я
,,,,,,,,,акробатика - групповая - 4,162,004,1,8,1,1,Я
,,,,,,,,,акробатика - групповая - 8,162,005,1,8,1,1,Я
,,,,,,,,,акробатика - групповая - 6 или 16,162,006,1,8,1,1,Я
,,,,,,,,,акробатика - групповая - большая формация,162,022,1,8,1,1,Я
,,,,,,,,,акробатика - групповая - большая формация - перестроения,162,024,1,8,1,1,Л
,,,,,,,,,акробатика вертикальная,162,023,1,8,1,1,Л
,,,,,,,,,акробатика -купольная-2 - перестроения,162,010,1,8,1,1,Я
,,,,,,,,,акробатика -купольная-4 - ротация,162,008,1,8,1,1,Я
,,,,,,,,,акробатика -купольная-4 - перестроения,162,009,1,8,1,1,Я
,,,,,,,,,акробатика -купольная-8 - скоростное построение,162,011,1,8,1,1,Я
,,,,,,,,,акробатика - купольная - большая формация,162,012,1,8,1,1,Я
,,,,,,,,,купольное пилотирование – многоборье,162,021,1,8,1,1,М
,,,,,,,,,купольное пилотирование - дальность,162,026,1,8,1,1,М
,,,,,,,,,купольное пилотирование - скорость,162,025,1,8,1,1,М
,,,,,,,,,купольное пилотирование - точность,162,027,1,8,1,1,М
,,,,,,,,,атлетическое многоборье,162,014,1,8,1,1,Я
,,,,,,,,,двоеборье - командные соревнования,162,007,1,8,1,1,Я
,,,,,,,,,двоеборье,162,013,1,8,1,1,Я
,,,,,,,,,параски - двоеборье,162,015,3,8,1,1,Я
,,,,,,,,,параски - точность,162,016,3,8,1,1,Я
,,,,,,,,,параски - двоеборье – командные соревнования,162,028,3,8,1,1,Л
,,,,,,,,,скайсерфинг,162,017,1,8,1,1,Я
,,,,,,,,,скоростное падение,162,039,1,8,1,1,Я
,,,,,,,,,фристайл,162,018,1,8,1,1,Я
,,,,,,,,,фрифлайинг,162,019,1,8,1,1,Я
,,,,,,,,,вингсьют - акробатика,162,036,1,8,1,1,Л
,,,,,,,,,вингсьют - большая формация,162,037,1,8,1,1,Л
,,,,,,,,,вингсьют - пилотирование,162,038,1,8,1,1,Л
,,,,,,,,,аэротруба - акробатика вертикальная - 2,162,029,1,8,1,1,Я
,,,,,,,,,аэротруба - акробатика вертикальная - 4,162,030,1,8,1,1,Я
,,,,,,,,,аэротруба - акробатика групповая - 2,162,031,1,8,1,1,Я
,,,,,,,,,аэротруба - акробатика групповая - 4,162,032,1,8,1,1,Я
,,,,,,,,,аэротруба - динамика - 2,162,033,1,8,1,1,Я
,,,,,,,,,аэротруба - динамика - 4,162,034,1,8,1,1,Я
,,,,,,,,,аэротруба - фристайл,162,035,1,8,1,1,Я
72,Парусный спорт,038,000,5,6,1,1,Я,класс - 470,038,007,1,8,1,1,Я
,,,,,,,,,класс - 470 -  смешанный,038,059,1,6,1,1,Я
,,,,,,,,,класс - 29-й,038,046,1,8,1,1,Я
,,,,,,,,,класс - 49-й,038,008,1,6,1,1,А
,,,,,,,,,класс - 49-й FX,038,047,1,6,1,1,Б
,,,,,,,,,класс - Европа,038,001,1,8,1,1,Я
,,,,,,,,,класс - Звездный,038,002,1,8,1,1,М
,,,,,,,,,класс - катамаран  Торнадо,038,004,1,8,1,1,М
,,,,,,,,,класс - Лазер-стандарт,038,005,1,6,1,1,А
,,,,,,,,,класс - Финн,038,009,1,8,1,1,А
,,,,,,,,,класс - 420,038,010,1,8,1,1,Я
,,,,,,,,,класс - Дракон,038,011,1,8,1,1,Л
,,,,,,,,,класс - Зум 8,038,012,1,8,1,1,Н
,,,,,,,,,класс - Кадет,038,013,1,8,1,1,Н
,,,,,,,,,класс - командные гонки,038,041,1,8,1,1,Н
,,,,,,,,,класс - крейсерская яхта 800,038,003,1,8,1,1,Л
,,,,,,,,,класс - крейсерская яхта Картер 30,038,006,1,8,1,1,Л
,,,,,,,,,класс - крейсерская яхта Конрад 25Р,038,014,1,8,1,1,Л
,,,,,,,,,класс - крейсерская яхта Л-6,038,015,1,8,1,1,Л
,,,,,,,,,класс - крейсерская яхта Четвертьтонник,038,022,1,8,1,1,Л
,,,,,,,,,класс - крейсерская яхта ORC ,038,023,1,8,1,1,Л
,,,,,,,,,класс - Лазер-радиал,038,017,1,6,1,1,Я
,,,,,,,,,класс - Лазер 4.7,038,016,1,8,1,1,Н
,,,,,,,,,класс - Летучий голландец,038,018,1,8,1,1,Л
,,,,,,,,,класс - Луч-мини,038,019,1,8,1,1,Н
,,,,,,,,,класс - Луч-радиал,038,020,1,8,1,1,Я
,,,,,,,,,класс - Луч,038,021,1,8,1,1,Я
,,,,,,,,,класс - Накра 15 - смешанный,038,056,1,8,1,1,Н
,,,,,,,,,класс - Накра 17 - микст,038,048,1,6,1,1,Я
,,,,,,,,,класс - Оптимист,038,024,1,8,1,1,Н
,,,,,,,,,класс - Снайп,038,025,1,8,1,1,Я
,,,,,,,,,класс - Солинг,038,026,1,8,1,1,М
,,,,,,,,,класс - Микро,038,043,1,8,1,1,Л
,,,,,,,,,класс - Ракета 270,038,033,1,8,1,1,Н
,,,,,,,,,класс - ЭМ-КА ,038,044,1,8,1,1,Л
,,,,,,,,,класс – J/70,038,055,1,8,1,1,Л
,,,,,,,,,класс - МХ700,038,064,1,8,1,1,Л
,,,,,,,,,класс - SB20,038,054,1,8,1,1,Л
,,,,,,,,,класс - доска с крылом,038,065,1,8,1,1,Я
,,,,,,,,,класс - парусная доска IQF,038,057,1,6,1,1,Я
,,,,,,,,,класс - парусная доска  RS:X,038,042,1,8,1,1,Я
,,,,,,,,,класс – парусная доска Техно,038,045,1,8,1,1,Н
,,,,,,,,,класс - парусная доска  Фанборд,038,028,1,8,1,1,Я
,,,,,,,,,класс - парусная доска  Формула,038,029,1,8,1,1,Я
,,,,,,,,,класс - кайтбординг TT:R,038,060,1,8,1,1,Я
,,,,,,,,,класс - кайтбординг курс-рейс,038,027,1,8,1,1,Я
,,,,,,,,,класс - кайтбординг фристайл,038,049,1,8,1,1,Я
,,,,,,,,,класс - кайтбординг - Формула кайт,038,061,1,6,1,1,Л
,,,,,,,,,класс - кайтбординг - пара смешанная - Формула кайт,038,058,1,8,1,1,Я
,,,,,,,,,класс - сноукайтинг курс-рейс - доска,038,050,3,8,1,1,Я
,,,,,,,,,класс - сноукайтинг курс-рейс - лыжи,038,051,3,8,1,1,Я
,,,,,,,,,класс - сноукайтинг марафон - доска,038,062,3,8,1,1,Л
,,,,,,,,,класс - сноукайтинг марафон - лыжи,038,063,3,8,1,1,Л
,,,,,,,,,класс - сноукайтинг фристайл - доска,038,052,3,8,1,1,Л
,,,,,,,,,класс - сноукайтинг фристайл - лыжи,038,053,3,8,1,1,М
,,,,,,,,,класс - радиоуправляемая яхта  IOМ,038,030,1,8,1,1,Я
,,,,,,,,,класс - радиоуправляемая яхта 10R,038,031,1,8,1,1,Я
,,,,,,,,,класс - радиоуправляемая яхта М,038,032,1,8,1,1,Н
,,,,,,,,,класс - буер  DN,038,034,3,8,1,1,Я
,,,,,,,,,класс - буер  Ледовый оптимист,038,035,3,8,1,1,Н
,,,,,,,,,класс - буер  Монотип  XV,038,036,3,8,1,1,М
,,,,,,,,,класс - Дальние плавания,038,037,1,8,1,1,Л
,,,,,,,,,класс - Зимний виндсерфинг,038,038,3,8,1,1,Я
,,,,,,,,,класс - Матчевые гонки,038,039,1,8,1,1,Я
,,,,,,,,,класс - Пластиковый ял,038,040,1,8,1,1,А
73,Пауэрлифтинг,074,000,1,4,1,1,Я,троеборье - весовая категория 43 кг,074,001,1,8,1,1,Д
,,,,,,,,,троеборье - весовая категория 47 кг,074,002,1,8,1,1,Б
,,,,,,,,,троеборье - весовая категория 52 кг,074,003,1,8,1,1,Б
,,,,,,,,,троеборье - весовая категория 53 кг,074,004,1,8,1,1,Ю
,,,,,,,,,троеборье - весовая категория 57 кг,074,005,1,8,1,1,Б
,,,,,,,,,троеборье - весовая категория 59 кг,074,006,1,8,1,1,А
,,,,,,,,,троеборье - весовая категория 63 кг,074,007,1,8,1,1,Б
,,,,,,,,,троеборье - весовая категория 66 кг,074,008,1,8,1,1,А
,,,,,,,,,троеборье - весовая категория 69 кг,074,052,1,8,1,1,Б
,,,,,,,,,троеборье - весовая категория 74 кг,074,010,1,8,1,1,А
,,,,,,,,,троеборье - весовая категория 76 кг,074,053,1,8,1,1,Б
,,,,,,,,,троеборье - весовая категория 83 кг,074,011,1,8,1,1,А
,,,,,,,,,троеборье - весовая категория 84 кг,074,012,1,8,1,1,Б
,,,,,,,,,троеборье - весовая категория 84+ кг,074,013,1,8,1,1,Б
,,,,,,,,,троеборье - весовая категория 93 кг,074,014,1,8,1,1,А
,,,,,,,,,троеборье - весовая категория 105 кг,074,015,1,8,1,1,А
,,,,,,,,,троеборье - весовая категория 120 кг,074,016,1,8,1,1,А
,,,,,,,,,троеборье - весовая категория 120+ кг,074,017,1,8,1,1,А
,,,,,,,,,троеборье классическое - весовая категория 43 кг,074,018,1,8,1,1,Д
,,,,,,,,,троеборье классическое - весовая категория 47 кг,074,019,1,8,1,1,Б
,,,,,,,,,троеборье классическое - весовая категория 52 кг,074,020,1,8,1,1,Б
,,,,,,,,,троеборье классическое - весовая категория 53 кг,074,021,1,8,1,1,Ю
,,,,,,,,,троеборье классическое - весовая категория 57 кг,074,022,1,8,1,1,Б
,,,,,,,,,троеборье классическое - весовая категория 59 кг,074,023,1,8,1,1,А
,,,,,,,,,троеборье классическое - весовая категория 63 кг,074,024,1,8,1,1,Б
,,,,,,,,,троеборье классическое - весовая категория 66 кг,074,025,1,8,1,1,А
,,,,,,,,,троеборье классическое - весовая категория 69 кг,074,054,1,8,1,1,Б
,,,,,,,,,троеборье классическое - весовая категория 74 кг,074,027,1,8,1,1,А
,,,,,,,,,троеборье классическое - весовая категория 76 кг,074,055,1,8,1,1,Б
,,,,,,,,,троеборье классическое - весовая категория 83 кг,074,028,1,8,1,1,А
,,,,,,,,,троеборье классическое - весовая категория 84 кг,074,029,1,8,1,1,Б
,,,,,,,,,троеборье классическое - весовая категория 84+ кг,074,030,1,8,1,1,Б
,,,,,,,,,троеборье классическое - весовая категория 93 кг,074,031,1,8,1,1,А
,,,,,,,,,троеборье классическое - весовая категория 105 кг,074,032,1,8,1,1,А
,,,,,,,,,троеборье классическое - весовая категория 120 кг,074,033,1,8,1,1,А
,,,,,,,,,троеборье классическое - весовая категория 120+ кг,074,034,1,8,1,1,А
,,,,,,,,,жим - весовая категория 43 кг,074,035,1,8,1,1,Д
,,,,,,,,,жим - весовая категория 47 кг,074,036,1,8,1,1,Б
,,,,,,,,,жим - весовая категория 52 кг,074,037,1,8,1,1,Б
,,,,,,,,,жим - весовая категория 53 кг,074,038,1,8,1,1,Ю
,,,,,,,,,жим - весовая категория 57 кг,074,039,1,8,1,1,Б
,,,,,,,,,жим - весовая категория 59 кг,074,040,1,8,1,1,А
,,,,,,,,,жим - весовая категория 63 кг,074,041,1,8,1,1,Б
,,,,,,,,,жим - весовая категория 66 кг,074,042,1,8,1,1,А
,,,,,,,,,жим - весовая категория 69 кг,074,056,1,8,1,1,Б
,,,,,,,,,жим - весовая категория 74 кг,074,044,1,8,1,1,А
,,,,,,,,,жим - весовая категория 76 кг,074,057,1,8,1,1,Б
,,,,,,,,,жим - весовая категория 83 кг,074,045,1,8,1,1,А
,,,,,,,,,жим - весовая категория 84 кг,074,046,1,8,1,1,Б
,,,,,,,,,жим - весовая категория 84+ кг,074,047,1,8,1,1,Б
,,,,,,,,,жим - весовая категория 93 кг,074,048,1,8,1,1,А
,,,,,,,,,жим - весовая категория 105 кг,074,049,1,8,1,1,А
,,,,,,,,,жим - весовая категория 120 кг,074,050,1,8,1,1,А
,,,,,,,,,жим - весовая категория 120+ кг,074,051,1,8,1,1,А
,,,,,,,,,жим классический - весовая категория 47 кг,074,058,1,8,1,1,Ж
,,,,,,,,,жим классический - весовая категория 52 кг,074,059,1,8,1,1,Ж
,,,,,,,,,жим классический - весовая категория 57 кг,074,060,1,8,1,1,Б
,,,,,,,,,жим классический - весовая категория 59 кг,074,061,1,8,1,1,А
,,,,,,,,,жим классический - весовая категория 63 кг,074,062,1,8,1,1,Б
,,,,,,,,,жим классический - весовая категория 66 кг,074,063,1,8,1,1,А
,,,,,,,,,жим классический - весовая категория 69 кг,074,064,1,8,1,1,Ж
,,,,,,,,,жим классический - весовая категория 74 кг,074,065,1,8,1,1,А
,,,,,,,,,жим классический - весовая категория 76 кг,074,066,1,8,1,1,Ж
,,,,,,,,,жим классический - весовая категория 83 кг,074,067,1,8,1,1,А
,,,,,,,,,жим классический - весовая категория 84+ кг,074,068,1,8,1,1,Ж
,,,,,,,,,жим классический - весовая категория 93 кг,074,069,1,8,1,1,А
,,,,,,,,,жим классический - весовая категория 105 кг,074,070,1,8,1,1,М
,,,,,,,,,жим классический - весовая категория 120 кг,074,071,1,8,1,1,М
,,,,,,,,,жим классический - весовая категория 120+ кг,074,072,1,8,1,1,М
74,Перетягивание каната,127,000,1,5,1,1,Я,вес группы - 480 кг,127,001,1,8,1,1,Б
,,,,,,,,,вес группы - 520 кг,127,002,1,8,1,1,Б
,,,,,,,,,вес группы смешанной - 520 кг,127,009,1,8,1,1,Н
,,,,,,,,,вес группы - 560 кг,127,003,1,8,1,1,Я
,,,,,,,,,вес группы смешанной - 560 кг,127,010,1,8,1,1,Н
,,,,,,,,,вес группы - 600 кг,127,004,1,8,1,1,А
,,,,,,,,,вес группы - 640 кг,127,005,1,8,1,1,А
,,,,,,,,,вес группы - 680 кг,127,006,1,8,1,1,М
,,,,,,,,,вес группы смешанной - 580 кг,127,011,1,8,1,1,Л
,,,,,,,,,вес группы - 720 кг,127,007,1,8,1,1,М
,,,,,,,,,вес группы - 720+ кг,127,008,1,8,1,1,М
75,Пилонный спорт,187,000,1,4,1,1,Я,соло,187,001,1,8,1,1,Я
,,,,,,,,,двойки,187,002,1,8,1,1,Я
,,,,,,,,,двойки - смешанные,187,003,1,8,1,1,Я
76,Плавание,007,000,1,6,1,1,Я,вольный стиль 50 м,007,001,1,6,1,1,Я
,,,,,,,,,вольный стиль 50 м (бассейн 25 м),007,027,1,8,1,1,Я
,,,,,,,,,вольный стиль 100 м,007,002,1,6,1,1,Я
,,,,,,,,,вольный стиль 100 м (бассейн 25 м),007,028,1,8,1,1,Я
,,,,,,,,,вольный стиль 200 м,007,003,1,6,1,1,Я
,,,,,,,,,вольный стиль 200 м (бассейн 25 м),007,061,1,8,1,1,Я
,,,,,,,,,вольный стиль 400 м,007,004,1,6,1,1,Я
,,,,,,,,,вольный стиль 400 м (бассейн 25 м),007,030,1,8,1,1,Я
,,,,,,,,,вольный стиль  800 м,007,005,1,6,1,1,Я
,,,,,,,,,вольный стиль 800 м (бассейн 25 м),007,031,1,8,1,1,Я
,,,,,,,,,вольный стиль  1500 м,007,006,1,6,1,1,Я
,,,,,,,,,вольный стиль  1500 м (бассейн 25 м),007,032,1,8,1,1,Я
,,,,,,,,,на спине 50 м,007,007,1,8,1,1,Я
,,,,,,,,,на спине 50 м (бассейн 25 м),007,033,1,8,1,1,Я
,,,,,,,,,на спине 100 м,007,008,1,6,1,1,Я
,,,,,,,,,на спине 100 м (бассейн 25 м),007,034,1,8,1,1,Я
,,,,,,,,,на спине 200 м,007,009,1,6,1,1,Я
,,,,,,,,,на спине 200 м (бассейн 25 м),007,035,1,8,1,1,Я
,,,,,,,,,баттерфляй  50 м,007,013,1,8,1,1,Я
,,,,,,,,,баттерфляй  50 м (бассейн 25 м),007,036,1,8,1,1,Я
,,,,,,,,,баттерфляй  100 м,007,014,1,6,1,1,Я
,,,,,,,,,баттерфляй  100 м (бассейн 25 м),007,037,1,8,1,1,Я
,,,,,,,,,баттерфляй  200 м,007,015,1,6,1,1,Я
,,,,,,,,,баттерфляй  200 м (бассейн 25 м),007,038,1,8,1,1,Я
,,,,,,,,,брасс  50 м,007,010,1,8,1,1,Я
,,,,,,,,,брасс  50 м   (бассейн 25 м),007,039,1,8,1,1,Я
,,,,,,,,,брасс  100 м,007,011,1,6,1,1,Я
,,,,,,,,,брасс  100 м   (бассейн 25 м),007,040,1,8,1,1,Я
,,,,,,,,,брасс  200 м,007,012,1,6,1,1,Я
,,,,,,,,,брасс  200 м   (бассейн 25 м),007,041,1,8,1,1,Я
,,,,,,,,,комплексное плавание 100 м  (бассейн 25 м),007,016,1,8,1,1,Я
,,,,,,,,,комплексное плавание 200 м,007,017,1,6,1,1,Я
,,,,,,,,,комплексное плавание 200 м   (бассейн 25 м),007,042,1,8,1,1,Я
,,,,,,,,,комплексное плавание 400 м,007,018,1,6,1,1,Я
,,,,,,,,,комплексное плавание 400 м   (бассейн 25 м),007,043,1,8,1,1,Я
,,,,,,,,,эстафета  4х100 м - вольный стиль,007,019,1,6,1,1,Я
,,,,,,,,,эстафета  4х100 м - вольный стиль (бассейн 25 м),007,044,1,8,1,1,Я
,,,,,,,,,эстафета 4х100 м - вольный стиль - смешанная,007,055,1,8,1,1,Я
,,,,,,,,,эстафета  4х200 м - вольный стиль,007,020,1,6,1,1,Я
,,,,,,,,,эстафета  4х200 м - вольный стиль (бассейн 25 м),007,045,1,8,1,1,Я
,,,,,,,,,эстафета 4х200 м - вольный стиль - смешанная,007,057,1,8,1,1,Я
,,,,,,,,,эстафета 4х 50 м - баттерфляй,007,051,1,8,1,1,Н
,,,,,,,,,эстафета 4х 50 м - брасс,007,050,1,8,1,1,Н
,,,,,,,,,эстафета 4х 50 м - вольный стиль,007,048,1,8,1,1,Н
,,,,,,,,,эстафета 4х 50 м - вольный стиль  (бассейн 25 м),007,047,1,8,1,1,Л
,,,,,,,,,эстафета 4х50 м - вольный стиль - смешанная,007,062,1,8,1,1,Л
,,,,,,,,,эстафета 4х50 м - вольный стиль - смешанная (бассейн 25 м),007,029,1,8,1,1,Л
,,,,,,,,,эстафета 4х 50 м - комбинированная (бассейн 25 м) ,007,026,1,8,1,1,Я
,,,,,,,,,эстафета 4х50 м - комбинированная - смешанная,007,063,1,8,1,1,Л
,,,,,,,,,эстафета 4х50 м - комбинированная - смешанная (бассейн 25 м),007,054,1,8,1,1,Л
,,,,,,,,,эстафета 4х 50 м - на спине,007,049,1,8,1,1,Н
,,,,,,,,,эстафета 4х100 м - комбинированная,007,021,1,6,1,1,Я
,,,,,,,,,эстафета 4х100 м - комбинированная  (бассейн 25 м),007,046,1,8,1,1,Я
,,,,,,,,,эстафета 4х100 м - комбинированная - смешанная,007,056,1,6,1,1,Я
,,,,,,,,,открытая вода 3 км,007,052,1,8,1,1,Н
,,,,,,,,,открытая вода 3 км - группа,007,058,1,8,1,1,Н
,,,,,,,,,открытая вода  5 км,007,022,1,8,1,1,Я
,,,,,,,,,открытая вода 5 км - группа,007,059,1,8,1,1,Л
,,,,,,,,,"открытая вода 7,5 км",007,053,1,8,1,1,Н
,,,,,,,,,открытая вода 10 км,007,023,1,6,1,1,Я
,,,,,,,,,открытая вода 16 км,007,024,1,8,1,1,Я
,,,,,,,,,открытая вода 25 км и более,007,025,1,8,1,1,Я
,,,,,,,,,открытая вода - эстафета 4х1250 м - смешанная,007,060,1,8,1,1,Я
77,Планерный спорт,156,000,1,4,1,1,Я,класс - открытый,156,001,1,8,1,1,Л
,,,,,,,,,класс - стандартный,156,002,1,8,1,1,Я
,,,,,,,,,класс - 15 - метровый,156,003,1,8,1,1,Я
,,,,,,,,,класс - 18 - метровый,156,007,1,8,1,1,Я
,,,,,,,,,класс - 20 - метровый,156,008,1,8,1,1,Л
,,,,,,,,,"класс - 13,5 - метровый",156,004,1,8,1,1,Я
,,,,,,,,,класс - смешанный,156,019,1,8,1,1,Л
,,,,,,,,,класс - клубный,156,005,1,8,1,1,Я
,,,,,,,,,класс - начальный,156,018,1,8,1,1,Н
,,,,,,,,,класс пилотажный неограниченный - известная произвольная программа,156,006,1,8,1,1,Л
,,,,,,,,,класс пилотажный неограниченный - неизвестная обязательная программа,156,010,1,8,1,1,Л
,,,,,,,,,класс пилотажный неограниченный - неизвестная произвольная программа,156,009,1,8,1,1,Л
,,,,,,,,,класс пилотажный неограниченный - фристайл,156,020,1,8,1,1,Л
,,,,,,,,,класс пилотажный неограниченный - многоборье,156,011,1,8,1,1,Л
,,,,,,,,,класс пилотажный неограниченный - командные соревнования,156,012,1,8,1,1,Л
,,,,,,,,,класс пилотажный с ограничениями - известная произвольная программа,156,013,1,8,1,1,Л
,,,,,,,,,класс пилотажный с ограничениями - неизвестная обязательная программа,156,014,1,8,1,1,Л
,,,,,,,,,класс пилотажный с ограничениями - неизвестная произвольная программа,156,015,1,8,1,1,Л
,,,,,,,,,класс пилотажный с ограничениями - многоборье,156,016,1,8,1,1,Л
,,,,,,,,,класс пилотажный с ограничениями - командные соревнования,156,017,1,8,1,1,Л
78,Подводный спорт,146,000,8,5,1,1,Я,"ориентирование - упражнение  ""зоны""",146,001,1,8,1,1,Я
,,,,,,,,,"ориентирование - упражнение  ""звезда""",146,002,1,8,1,1,Я
,,,,,,,,,"ориентирование - упражнение ""карта""",146,003,1,8,1,1,Л
,,,,,,,,,"ориентирование - упражнение ""ориентиры""",146,004,1,8,1,1,Я
,,,,,,,,,ориентирование - групповое упражнение,146,005,1,8,1,1,Я
,,,,,,,,,"ориентирование - групповое упражнение ""карта""",146,006,1,8,1,1,Л
,,,,,,,,,"ориентирование - групповое упражнение ""карта"" - пара смешанная",146,020,1,8,1,1,Н
,,,,,,,,,ориентирование - параллель,146,007,1,8,1,1,Я
,,,,,,,,,открытая вода - плавание в классических ластах - 1 км,146,033,1,8,1,1,Я
,,,,,,,,,открытая вода - плавание в классических ластах - 3 км,146,035,1,8,1,1,Я
,,,,,,,,,открытая вода - плавание в классических ластах - эстафета 4 х 1 км - смешанная,146,036,1,8,1,1,Я
,,,,,,,,,открытая вода - плавание в ластах - 1 км,146,046,1,8,1,1,Я
,,,,,,,,,открытая вода - плавание в ластах - 5 км,146,047,1,8,1,1,Я
,,,,,,,,,открытая вода - плавание в ластах - эстафета 4 х 2 км - смешанная,146,022,1,8,1,1,Я
,,,,,,,,,открытая вода - плавание в ластах и плавание в классических ластах - эстафета 4 х 150 м - смешанная,146,048,1,8,1,1,Я
,,,,,,,,,плавание в классических ластах - 50 м,146,024,1,8,1,1,Я
,,,,,,,,,плавание в классических ластах - 100 м,146,025,1,8,1,1,Я
,,,,,,,,,плавание в классических ластах - 200 м,146,026,1,8,1,1,Я
,,,,,,,,,плавание в классических ластах - 400 м,146,041,1,8,1,1,Я
,,,,,,,,,плавание в классических ластах - эстафета 4х100 м - смешанная,146,042,1,8,1,1,Я
,,,,,,,,,плавание в ластах  -  50 м,146,008,1,8,1,1,Я
,,,,,,,,,плавание в ластах -  100 м,146,009,1,8,1,1,Я
,,,,,,,,,плавание в ластах -  200 м,146,010,1,8,1,1,Я
,,,,,,,,,плавание в ластах -  400 м,146,011,1,8,1,1,Я
,,,,,,,,,плавание в ластах -  800 м,146,012,1,8,1,1,Я
,,,,,,,,,плавание в ластах - 1500 м,146,013,1,8,1,1,Я
,,,,,,,,,подводное плавание - 100 м,146,014,1,8,1,1,Я
,,,,,,,,,подводное плавание - 400 м,146,015,1,8,1,1,Я
,,,,,,,,,ныряние в ластах в длину - 50 м,146,017,1,8,1,1,Я
,,,,,,,,,плавание в ластах - эстафета 4х50 м - смешанная,146,043,1,8,1,1,Я
,,,,,,,,,плавание в ластах - эстафета 4х100 м,146,018,1,8,1,1,Я
,,,,,,,,,плавание в ластах - эстафета 4х200 м,146,019,1,8,1,1,Я
,,,,,,,,,подводная охота,146,023,1,8,1,1,Л
,,,,,,,,,апноэ - динамическое,146,031,1,8,1,1,Л
,,,,,,,,,апноэ - динамическое в ластах,146,032,1,8,1,1,Л
,,,,,,,,,апноэ - динамическое в классических ластах,146,016,1,8,1,1,Л
,,,,,,,,,апноэ - 8 раз х 50 м,146,044,1,8,1,1,Л
,,,,,,,,,апноэ - 16 раз х 50 м,146,037,1,8,1,1,Л
,,,,,,,,,апноэ - ныряние в глубину,146,038,1,8,1,1,Л
,,,,,,,,,апноэ - ныряние в глубину по тросу,146,045,1,8,1,1,Л
,,,,,,,,,апноэ - ныряние в глубину в ластах,146,039,1,8,1,1,Л
,,,,,,,,,апноэ - ныряние в глубину в классических ластах,146,040,1,8,1,1,Л
,,,,,,,,,апноэ - скоростное 100 м,146,021,1,8,1,1,Л
,,,,,,,,,апноэ - статическое,146,034,1,8,1,1,Л
,,,,,,,,,акватлон (борьба в ластах),146,028,1,8,1,1,Я
,,,,,,,,,дайвинг - комбинированное плавание - 300 м,146,027,1,8,1,1,Я
,,,,,,,,,дайвинг - один акваланг - 50 м - пара смешанная,146,050,1,8,1,1,Л
,,,,,,,,,дайвинг - один акваланг - 100 м - пара,146,049,1,8,1,1,Л
,,,,,,,,,дайвинг - подъем груза - 50 м,146,051,1,8,1,1,Л
,,,,,,,,,дайвинг - полоса препятствий - 100 м,146,052,1,8,1,1,Л
,,,,,,,,,дайвинг - полоса препятствий - 100 м - пара,146,030,1,8,1,1,Я
,,,,,,,,,дайвинг - полоса препятствий - 100 м - пара смешанная,146,053,1,8,1,1,Л
,,,,,,,,,подводное регби,146,029,2,8,1,1,Я
79,Полиатлон,075,000,5,4,1,1,Я,6-борье с бегом,075,007,1,8,1,1,Н
,,,,,,,,,5-борье с бегом,075,001,1,8,1,1,Я
,,,,,,,,,4-борье с бегом,075,003,1,8,1,1,Я
,,,,,,,,,3-борье с бегом,075,004,1,8,1,1,Я
,,,,,,,,,2-борье с бегом,075,005,1,8,1,1,Я
,,,,,,,,,4-борье с лыжной гонкой,075,010,3,8,1,1,Н
,,,,,,,,,3-борье с лыжной гонкой,075,002,3,8,1,1,Я
,,,,,,,,,2-борье с лыжной гонкой,075,006,3,8,1,1,Я
,,,,,,,,,3-борье с лыжероллерной гонкой,075,008,1,8,1,1,Я
,,,,,,,,,командные соревнования,075,009,1,8,1,1,Я
80,Практическая стрельба,119,000,1,4,1,2,Я," ПК-1 - пистолет, классический класс",119,046,1,8,1,2,Я
,,,,,,,,," ПК-2 - пистолет, классический класс - командные соревнования (4 человека)",119,047,1,8,1,2,Я
,,,,,,,,," ПК-3 - пистолет, классический класс - дуэльная стрельба",119,048,1,8,1,2,Я
,,,,,,,,," ПМ-1 - пистолет, модифицированный класс",119,007,1,8,1,2,Я
,,,,,,,,," ПМ-2 - пистолет, модифицированный класс- командные соревнования (4 чел.)",119,008,1,8,1,2,Я
,,,,,,,,," ПМ-3 - пистолет, модифицированный класс-дуэльная стрельба",119,009,1,8,1,2,Я
,,,,,,,,," ПО-1 - пистолет, открытый класс",119,001,1,8,1,2,Я
,,,,,,,,," ПО-2 - пистолет, открытый класс - командные соревнования (4 человека)",119,002,1,8,1,2,Я
,,,,,,,,," ПО-3 - пистолет, открытый класс -дуэльная стрельба",119,003,1,8,1,2,Я
,,,,,,,,," ПС-1 - пистолет, стандартный класс",119,004,1,8,1,2,Я
,,,,,,,,," ПС-2 - пистолет, стандартный класс -командные соревнования (4 чел.)",119,005,1,8,1,2,Я
,,,,,,,,," ПС-3 - пистолет, стандартный класс -дуэльная стрельба ",119,006,1,8,1,2,Я
,,,,,,,,,"ПСр-1 - пистолет, серийный класс",119,010,1,8,1,2,Я
,,,,,,,,,"ПСр-2 - пистолет, серийный класс - командные соревнования (4 человека)",119,011,1,8,1,2,Я
,,,,,,,,,"ПСр-3 - пистолет, серийный класс - дуэльная стрельба",119,012,1,8,1,2,Я
,,,,,,,,,"ПСро-1 - пистолет, серийный класс с оптическим прицелом",119,067,1,8,1,2,Я
,,,,,,,,,"ПСро-2 - пистолет, серийный класс с оптическим прицелом - командные соревнования  (4 человека)",119,068,1,8,1,2,Я
,,,,,,,,,"ПСро-3 - пистолет, серийный класс с оптическим прицелом - дуэльная стрельба",119,069,1,8,1,2,Я
,,,,,,,,,"ПСрол-1 - пистолет, серийный класс с оптическим прицелом, легкий",119,070,1,8,1,2,Я
,,,,,,,,,"ПСрол-2 - пистолет, серийный класс с оптическим прицелом, легкий - командные соревнования (4 человека)",119,071,1,8,1,2,Я
,,,,,,,,,"ПСрол-3 - пистолет, серийный класс с оптическим прицелом, легкий - дуэльная стрельба",119,072,1,8,1,2,Я
,,,,,,,,,"ППК-1 - пистолет пневматический, классический класс",119,076,1,8,1,2,Я
,,,,,,,,,"ППК-2 - пистолет пневматический, классический класс - командные соревнования (4 человека)",119,077,1,8,1,2,Я
,,,,,,,,,"ППК-3 - пистолет пневматический, классический класс - дуэльная стрельба",119,078,1,8,1,2,Я
,,,,,,,,,"ППО-1 - пистолет пневматический, открытый класс",119,049,1,8,1,2,Я
,,,,,,,,,"ППО-2 - пистолет пневматический, открытый класс - командные соревнования (4 человека)",119,050,1,8,1,2,Я
,,,,,,,,,"ППО-3 -  пистолет пневматический, открытый класс - дуэльная стрельба",119,051,1,8,1,2,Я
,,,,,,,,,"ППС-1 - пистолет пневматический, стандартный класс",119,052,1,8,1,2,Я
,,,,,,,,,"ППС-2 - пистолет пневматический, стандартный класс - командные соревнования (4 человека) ",119,053,1,8,1,2,Я
,,,,,,,,,"ППС-3 - пистолет пневматический, стандартный класс - дуэльная стрельба",119,054,1,8,1,2,Я
,,,,,,,,,"ППСр-1 - пистолет пневматический, серийный класс",119,055,1,8,1,2,Я
,,,,,,,,,"ППСр-2 - пистолет пневматический,  серийный класс - командные  соревнования (4 человека)",119,056,1,8,1,2,Я
,,,,,,,,,"ППСр-3 - пистолет пневматический, серийный класс - дуэльная стрельба",119,057,1,8,1,2,Я
,,,,,,,,,Р-1 - револьвер,119,013,1,8,1,2,Г
,,,,,,,,,Р-2 - револьвер - командные соревнования (4 человека),119,014,1,8,1,2,Г
,,,,,,,,,Р-3 - револьвер - дуэльная стрельба,119,015,1,8,1,2,Г
,,,,,,,,,"КО-1 - карабин, открытый класс",119,028,1,8,1,2,Г
,,,,,,,,,"КО-2 - карабин, открытый класс - командные соревнования (4 чел.)",119,029,1,8,1,2,Г
,,,,,,,,,"КО-3 - карабин, открытый класс - дуэльная стрельба",119,030,1,8,1,2,Г
,,,,,,,,,"КОР-1 - карабин, открытый класс - ручное перезаряжание",119,034,1,8,1,2,Г
,,,,,,,,,"КОР-2 - карабин, открытый класс - ручное перезаряжание - командные соревнования (4 чел.)",119,035,1,8,1,2,Г
,,,,,,,,,"КОР-3 - карабин, открытый класс - ручное презаряжание - дуэльная стрельба",119,036,1,8,1,2,Г
,,,,,,,,,"КС-1 - карабин, стандартный класс",119,031,1,8,1,2,Г
,,,,,,,,,"КС-2 - карабин, стандартный класс -командные соревнования (4 чел.)",119,032,1,8,1,2,Г
,,,,,,,,,"КС-3 - карабин, стандартный класс - дуэльная стрельба ",119,033,1,8,1,2,Г
,,,,,,,,,"КСР-1 - карабин, стандартный класс -ручное перезаряжание",119,037,1,8,1,2,Г
,,,,,,,,,"КСР-2 - карабин, стандартный класс - ручное перезаряжание - командные соревнования (4 человека)",119,038,1,8,1,2,Г
,,,,,,,,,"КСР-3 - карабин, стандартный класс - ручное перезаряжание -дуэльная стрельба",119,039,1,8,1,2,Г
,,,,,,,,,"КПк-1 - карабин, пистолетного калибра",119,073,1,8,1,2,Я
,,,,,,,,,"КПк-2 - карабин, пистолетного калибра - командные соревнования (4 человека)",119,074,1,8,1,2,Я
,,,,,,,,,"КПк-3 - карабин, пистолетного калибра - дуэльная стрельба",119,075,1,8,1,2,Я
,,,,,,,,,"КПО-1 - карабин пневматический, открытый класс",119,058,1,8,1,2,Я
,,,,,,,,,"КПО-2 - карабин пневматический,  открытый класс - командные  соревнования (4 человека) ",119,059,1,8,1,2,Я
,,,,,,,,,"КПО-3 - карабин пневматический, открытый класс - дуэльная стрельба",119,060,1,8,1,2,Я
,,,,,,,,,"КПОР-1 - карабин пневматический, открытый класс - ручное перезаряжание",119,061,1,8,1,2,Я
,,,,,,,,,"КПОР-2 -  карабин пневматический, открытый класс - ручное перезаряжание - командные соревнования (4 человека)",119,062,1,8,1,2,Я
,,,,,,,,,"КПОР-3 - карабин пневматический, открытый  класс - ручное перезаряжание - дуэльная стрельба",119,063,1,8,1,2,Я
,,,,,,,,,"КПС-1 - карабин пневматический, стандартный класс",119,064,1,8,1,2,Я
,,,,,,,,,"КПС-2 - карабин пневматический, стандартный класс - командные соревнования (4 человека)",119,065,1,8,1,2,Я
,,,,,,,,,"КПС-3 - карабин пневматический, стандартный класс - дуэльная стрельба",119,066,1,8,1,2,Я
,,,,,,,,,"ПРКС-1 - троеборье (пистолет, ружьё, карабин), стандартный класс",119,040,1,8,1,2,Г
,,,,,,,,,"ПРКС-2 - троеборье (пистолет, ружьё, карабин), стандартный класс - командные соревнования (4 человека)",119,041,1,8,1,2,Г
,,,,,,,,,"ПРКС-3 - троеборье (пистолет, ружьё, карабин), стандартный класс - дуэльная стрельба",119,042,1,8,1,2,Г
,,,,,,,,,"ПРКО-1 - троеборье (пистолет, ружьё, карабин), открытый класс",119,043,1,8,1,2,Г
,,,,,,,,,"ПРКО-2 - троеборье (пистолет, ружьё, карабин), открытый класс - командные соревнования (4 человека)",119,044,1,8,1,2,Г
,,,,,,,,,"ПРКО-3 - троеборье (пистолет, ружьё, карабин), открытый класс - дуэльная стрельба",119,045,1,8,1,2,Г
,,,,,,,,,"РУМ-1 - ружьё, модифицированный класс",119,022,1,8,1,2,Я
,,,,,,,,,"РУМ-2 - ружьё, модифицированный класс - командные соревнования (4 чел.)",119,023,1,8,1,2,Г
,,,,,,,,,"РУМ-3 - ружьё, модифицированный класс - дуэльная стрельба",119,024,1,8,1,2,Г
,,,,,,,,,"РУО-1 - ружьё, открытый класс",119,016,1,8,1,2,Г
,,,,,,,,,"РУО-2 - ружьё, открытый класс - командные соревнования (4 чел.)",119,017,1,8,1,2,Я
,,,,,,,,,"РУО-3 - ружьё, открытый класс - дуэльная стрельба ",119,018,1,8,1,2,Г
,,,,,,,,,"РУП-1 - ружьё, помповый класс",119,025,1,8,1,2,Я
,,,,,,,,,"РУП-2 - ружьё, помповый класс - командные соревнования (4 чел.)",119,026,1,8,1,2,Г
,,,,,,,,,"РУП-3 - ружьё, помповый класс - дуэльная срельба",119,027,1,8,1,2,Г
,,,,,,,,,"РУС-1 - ружьё, стандартный класс",119,019,1,8,1,2,Я
,,,,,,,,,"РУС-2 - ружьё, стандартный класс - командные соревнования (4 чел.)",119,020,1,8,1,2,Г
,,,,,,,,,"РУС-3 - ружьё, стандартный класс - дуэльная срельба",119,021,1,8,1,2,Г
81,Прыжки в воду,039,000,1,6,1,1,Я,трамплин 1м,039,001,1,8,1,1,Я
,,,,,,,,,трамплин  1м - синхронные прыжки,039,002,1,8,1,1,Н
,,,,,,,,,трамплин  3м,039,003,1,6,1,1,Я
,,,,,,,,,трамплин 3м - синхронные прыжки,039,004,1,6,1,1,Я
,,,,,,,,,трамплин 3 м - синхронные прыжки - смешанные,039,011,1,8,1,1,Л
,,,,,,,,,"вышка - выбор (5 м; 7,5 м; 10 м)",039,005,1,8,1,1,Н
,,,,,,,,,"вышка - выбор (5 м; 7,5 м; 10 м) - синхронные прыжки",039,007,1,8,1,1,Я
,,,,,,,,,вышка   10м,039,006,1,6,1,1,Я
,,,,,,,,,вышка 10м - синхронные прыжки,039,008,1,6,1,1,Я
,,,,,,,,,вышка 10 м - синхронные прыжки - смешанные,039,012,1,8,1,1,Л
,,,,,,,,,парные прыжки,039,010,1,8,1,1,Л
,,,,,,,,,прыжки в открытый водоем,039,009,1,8,1,1,Л
82,Прыжки на батуте,021,000,1,6,1,1,Я,акробатическая дорожка,021,003,1,8,1,1,Я
,,,,,,,,,акробатическая дорожка - командные соревнования,021,005,1,8,1,1,Я
,,,,,,,,,двойной минитрамп,021,004,1,8,1,1,Я
,,,,,,,,,двойной минитрамп - командные соревнования,021,006,1,8,1,1,Я
,,,,,,,,,индивидуальные прыжки,021,001,1,6,1,1,Я
,,,,,,,,,индивидуальные прыжки - командные соревнования,021,007,1,8,1,1,Я
,,,,,,,,,синхронные прыжки,021,002,1,8,1,1,Я
83,Прыжки на лыжах с трамплина,041,000,5,6,1,1,Я,HS 20 - 49,041,007,3,8,1,1,Н
,,,,,,,,,HS 20 - 49 - командные соревнования,041,008,3,8,1,1,Н
,,,,,,,,,HS 50 - 84,041,005,3,8,1,1,Н
,,,,,,,,,HS 50 - 84 - командные соревнования,041,006,3,8,1,1,Н
,,,,,,,,,HS 50 - 84 - командные соревнования - смешанные,041,010,3,8,1,1,Н
,,,,,,,,,HS 85 - 109,041,001,3,6,1,1,Я
,,,,,,,,,"HS 85-109, свыше 110 (без снега)",041,011,1,8,1,1,Л
,,,,,,,,,"HS 85-109, свыше 110 (без снега) - командные соревнования",041,012,1,8,1,1,М
,,,,,,,,,"HS 85 - 109, свыше 110 - командные соревнования",041,003,3,6,1,1,Я
,,,,,,,,,"HS 85 - 109, свыше 110 - командные соревнования (2 человека)",041,013,3,8,1,1,Л
,,,,,,,,,"HS 85 - 109, свыше 110 - командные соревнования - смешанные",041,009,3,6,1,1,Я
,,,,,,,,,HS свыше 110,041,002,3,6,1,1,Л
,,,,,,,,,HS свыше 185  (полеты на лыжах),041,004,3,8,1,1,М
84,Пулевая стрельба,044,000,1,6,1,1,Я,"ВП-20, винтовка пневматическая, 10 м, 20 выстрелов с упора лежа",044,001,1,8,1,1,Я
,,,,,,,,,"ВП-30, винтовка пневматическая, 10 м, 30 выстрелов лежа",044,002,1,8,1,1,Н
,,,,,,,,,"ВП-40, винтовка пневматическая, 10 м, 40 выстрелов стоя",044,003,1,6,1,1,Я
,,,,,,,,,"ВП-60, винтовка пневматическая, 10 м, 60 выстрелов стоя",044,004,1,6,1,1,Я
,,,,,,,,,"ВП-ПС, винтовка пневматическая, 10 м, пара смешанная",044,005,1,6,1,1,Я
,,,,,,,,,"ВП-90, командные соревнования (3 человека х 30 выстрелов)",044,006,1,8,1,1,Я
,,,,,,,,,"ВП/ДМ-20, винтовка пневматическая, 10 м, 20 выстрелов, движущаяся мишень, медленная скорость",044,007,1,8,1,1,Я
,,,,,,,,,"ВП/ДМ-40 микс, винтовка пневматическая, 10 м, 40 выстрелов (20+20), движущаяся мишень, медленная и быстрая скорости - микс",044,008,1,8,1,1,Я
,,,,,,,,,"ВП/ДМ-60, винтовка пневматическая, 10 м, 60 выстрелов (30+30), движущаяся мишень, медленная и быстрая скорости",044,009,1,8,1,1,Я
,,,,,,,,,"ВП/ДМ-ПС, винтовка пневматическая, 10 м, движущаяся мишень, пара смешанная",044,020,1,8,1,1,Я
,,,,,,,,,"ВП/ДМ-120 микс, командные соревнования (3 человека х 40 выстрелов)",044,010,1,8,1,1,Я
,,,,,,,,,"ВП/ДМ-180, командные соревнования (3 человека х 60 выстрелов)",044,011,1,8,1,1,Я
,,,,,,,,,"МВ-20, винтовка малокалиберная, 25 или 50 м, 20 выстрелов с упора лежа",044,012,1,8,1,1,Я
,,,,,,,,,"МВ-30, винтовка малокалиберная, 25 или 50 м, 30 выстрелов лежа",044,013,1,8,1,1,Я
,,,,,,,,,"МВ-60, винтовка малокалиберная, 50 м, 60 выстрелов лежа",044,014,1,8,1,1,Я
,,,,,,,,,"МВ-3х20, винтовка малокалиберная, 50 м, 60 выстрелов (3х20), три положения",044,015,1,6,1,1,Я
,,,,,,,,,"МВ-3х40, винтовка малокалиберная, 50 м, 120 выстрелов (3х40), три положения",044,016,1,6,1,1,Я
,,,,,,,,,"МВ-ПС, винтовка малокалиберная, 50 м, пара смешанная, лежа",044,031,1,8,1,1,Я
,,,,,,,,,"МВ - три положения - ПС, винтовка малокалиберная, 50 м, три положения, пара смешанная",044,030,1,8,1,1,Я
,,,,,,,,,"МВ/ДМ-ПС, винтовка малокалиберная, 50 м, движущаяся мишень, пара смешанная",044,032,1,8,1,1,Я
,,,,,,,,,"МВ-180 лежа, командные соревнования (3 человека х 60 выстрелов), лежа",044,017,1,8,1,1,Я
,,,,,,,,,"МВ-135 три положения, командные соревнования (3 человека х 45 выстрелов), три положения",044,018,1,8,1,1,Я
,,,,,,,,,"МВ-360, три положения - командные соревнования (3 человека х 120 выстрелов)",044,019,1,8,1,1,Я
,,,,,,,,,"МВ/ДМ-40, винтовка малокалиберная, 50 м, 40 выстрелов (20+20), движущаяся мишень, медленная и быстрая скорости",044,021,1,8,1,1,А
,,,,,,,,,"МВ/ДМ-40 микс, винтовка малокалиберная, 50 м, 40 выстрелов (20+20), движущаяся мишень, медленная и быстрая скорости - микс",044,022,1,8,1,1,Я
,,,,,,,,,"МВ/ДМ-60, винтовка малокалиберная, 50 м, 60 выстрелов (30+30), движущаяся мишень, медленная и быстрая скорости",044,023,1,8,1,1,Я
,,,,,,,,,"МВ/ДМ-120, командные соревнования (3 человека х 40 выстрелов)",044,024,1,8,1,1,А
,,,,,,,,,"МВ/ДМ-120 микс, командные соревнования (3 человека х 40 выстрелов) микс",044,025,1,8,1,1,А
,,,,,,,,,"МВ/ДМ-180, командные соревнования (3 человека х 60 выстрелов)",044,026,1,8,1,1,А
,,,,,,,,,"ПП-20, пистолет пневматический, 10 м, 20 выстрелов стоя с упора (штатив)",044,037,1,8,1,1,Я
,,,,,,,,,"ПП-30, пистолет пневматический, 10 м, 30 выстрелов",044,038,1,8,1,1,Н
,,,,,,,,,"ПП-40, пистолет пневматический, 10 м, 40 выстрелов",044,039,1,6,1,1,Я
,,,,,,,,,"ПП-60, пистолет пневматический, 10 м, 60 выстрелов",044,040,1,6,1,1,Я
,,,,,,,,,"ПП-ПС, пистолет пневматический, 10 м, пара смешанная",044,041,1,6,1,1,Я
,,,,,,,,,"ПП-120, командные соревнования (3 человека х 40 выстрелов)",044,042,1,8,1,1,Я
,,,,,,,,,"ПП-90, командные соревнования (3 человека х 30 выстрелов)",044,043,1,8,1,1,Я
,,,,,,,,,"ПП-СС, пистолет пневматический, 10 м, скоростная стрельба по пяти мишеням",044,033,1,8,1,1,Я
,,,,,,,,,"МП-20, пистолет малокалиберный стандартный, 25 м, 20 выстрелов, неподвижная мишень",044,044,1,8,1,1,Я
,,,,,,,,,"МП-30, пистолет малокалиберный стандартный, 25 м, 30 выстрелов, неподвижная мишень",044,045,1,8,1,1,Я
,,,,,,,,,"МП-30С, пистолет малокалиберный стандартный, 25 м, 30 выстрелов, скоростная стрельба, 3 секунды на выстрел",044,046,1,8,1,1,Я
,,,,,,,,,"МП-30СС, пистолет малокалиберный стандартный, 25 м, 30 выстрелов, скоростная стрельба по 5 мишеням, 8-6-4 секунды",044,047,1,8,1,1,А
,,,,,,,,,"МП-60, пистолет малокалиберный стандартный, 25 м, 60 выстрелов (30+30)",044,048,1,6,1,1,Я
,,,,,,,,,"МП-60СС, пистолет малокалиберный стандартный, 25 м, 60 выстрелов (2х30), скоростная стрельба по 5 мишеням, 8-6-4 секунды",044,049,1,6,1,1,А
,,,,,,,,,"МП-60М, пистолет малокалиберный стандартный, 25 м, 60 выстрелов (20+20+20), ограниченное время 150-20-10 секунд",044,050,1,8,1,1,Я
,,,,,,,,,"МП-СС-ПС, пистолет малокалиберный, 25 м, скоростная стрельба, пара смешанная",044,029,1,8,1,1,Я
,,,,,,,,,"МПС-ПС, пистолет малокалиберный стандартный, 25 м, ограниченное время 150-20-10 секунд, пара смешанная",044,027,1,8,1,1,Я
,,,,,,,,,"МП-90, командные соревнования (3 человека х 30 выстрелов),
неподвижная мишень",044,051,1,8,1,1,Я
,,,,,,,,,"МП-90С, командные соревнования (3 человека х 30 выстрелов) скоростная стрельба, 3 секунды на выстрел",044,052,1,8,1,1,Я
,,,,,,,,,"МП-90, командные соревнования (3 человека х 30 выстрелов)",044,053,1,8,1,1,Я
,,,,,,,,,"МП-90СС, командные соревнования (3 человека х 30 выстрелов) скоростная стрельба по 5 мишеням",044,054,1,8,1,1,А
,,,,,,,,,"МП-180М, командные соревнования (3 человека х 60 выстрелов) ограниченное время 150-20-10 секунд",044,055,1,8,1,1,Я
,,,,,,,,,"МПП-30, пистолет малокалиберный произвольный, 50 м, 30 выстрелов",044,056,1,8,1,1,Я
,,,,,,,,,"МПП-40, пистолет малокалиберный произвольный, 50 м, 40 выстрелов",044,057,1,8,1,1,А
,,,,,,,,,"МПП-60, пистолет малокалиберный, 50 м, 60 выстрелов",044,058,1,8,1,1,Я
,,,,,,,,,"МПП-ПС, пистолет малокалиберный, 50 м, пара смешанная",044,028,1,8,1,1,Я
,,,,,,,,,"МПП-30+30, пистолет малокалиберный произвольный, 50 м, 60 выстрелов, пара смешанная",044,059,1,8,1,1,Я
,,,,,,,,,"МПП-120, командные соревнования (3 человека х 40 выстрелов)",044,060,1,8,1,1,А
,,,,,,,,,"МПП-180, командные соревнования (3 человека х 60 выстрелов)",044,061,1,8,1,1,Я
,,,,,,,,,"КП-60, крупнокалиберный пистолет или револьвер, 25 м, 60 выстрелов (30+30)",044,062,1,8,1,1,А
,,,,,,,,,"КП-180, командные соревнования (3 человека х 60 выстрелов)",044,063,1,8,1,1,А
85,Пэйнтбол,076,000,2,2,1,1,Я,игра  3чел. х 3чел.,076,001,2,8,1,1,Я
,,,,,,,,,игра  5чел. х 5чел.,076,002,2,8,1,1,Я
,,,,,,,,,игра  7чел. х 7чел.,076,003,2,8,1,1,Я
,,,,,,,,,игра 10чел. х 10чел.,076,004,2,8,1,1,Я
,,,,,,,,,прикладная игра (2-15чел.)  х  (2-15чел.),076,005,2,8,1,1,Я
86,Радиоспорт ,145,000,1,4,1,1,Я,многоборье МР-4,145,001,1,8,1,1,Я
,,,,,,,,,многоборье МР-3,145,002,1,8,1,1,Я
,,,,,,,,,многоборье МР-2,145,003,1,8,1,1,Я
,,,,,,,,,скоростная радиотелеграфия,145,005,1,8,1,1,Я
,,,,,,,,,"спортивная радиопеленгация 3,5 Мгц",145,004,1,8,1,1,Я
,,,,,,,,,спортивная радиопеленгация 144 Мгц,145,011,1,8,1,1,Я
,,,,,,,,,спортивная радиопеленгация – радиоориентирование,145,009,1,8,1,1,Я
,,,,,,,,,спортивная радиопеленгация – спринт,145,010,1,8,1,1,Я
,,,,,,,,,радиосвязь на КВ- телефон,145,006,1,8,1,1,Я
,,,,,,,,,радиосвязь на КВ - телеграф,145,007,1,8,1,1,Я
,,,,,,,,,радиосвязь на КВ - смесь,145,012,1,8,1,1,Я
,,,,,,,,,радиосвязь на УКВ,145,008,1,8,1,1,Я
87,Рафтинг,174,000,1,4,1,1,Я,длинная гонка - R4,174,001,1,8,1,1,Я
,,,,,,,,,длинная гонка - R6,174,002,1,8,1,1,Я
,,,,,,,,,спринт - R4,174,009,1,8,1,1,Я
,,,,,,,,,спринт - R6,174,010,1,8,1,1,Я
,,,,,,,,,параллельный спринт - R4,174,005,1,8,1,1,Я
,,,,,,,,,параллельный спринт - R6,174,006,1,8,1,1,Я
,,,,,,,,,слалом - R4,174,003,1,8,1,1,Я
,,,,,,,,,слалом - R6,174,004,1,8,1,1,Я
,,,,,,,,,многоборье - R4,174,007,1,8,1,1,Я
,,,,,,,,,многоборье - R6,174,008,1,8,1,1,Я
88,Регби,077,000,2,6,1,1,Я,регби,077,001,2,8,1,1,Я
,,,,,,,,,регби - 7,077,002,2,6,1,1,Я
,,,,,,,,,регби - бесконтактное,077,005,2,8,1,1,М
,,,,,,,,,регби - пляжное,077,003,2,8,1,1,Л
,,,,,,,,,регби на снегу,077,004,2,8,1,1,Л
89,Роллер спорт,128,000,8,5,1,1,Я,фигурное катание - одиночное - двурядные коньки - обязательная программа,128,001,1,8,1,1,Б
,,,,,,,,,фигурное катание - одиночное - двурядные коньки - произвольная программа,128,002,1,8,1,1,Б
,,,,,,,,,фигурное катание - одиночное - двурядные коньки - двоеборье,128,003,1,8,1,1,Д
,,,,,,,,,фигурное катание - одиночное - однорядные коньки,128,004,1,8,1,1,Я
,,,,,,,,,трек 300 м,128,005,1,8,1,1,Л
,,,,,,,,,трек 500 м,128,006,1,8,1,1,Л
,,,,,,,,,трек 1000 м,128,007,1,8,1,1,Л
,,,,,,,,,трек - гонка на очки 5000 м,128,008,1,8,1,1,Н
,,,,,,,,,трек - гонка с выбыванием 10000 м,128,009,1,8,1,1,Н
,,,,,,,,,трек - гонка с выбыванием на очки 10000 м,128,010,1,8,1,1,Л
,,,,,,,,,трек - гонка с выбыванием 15000 м,128,011,1,8,1,1,Л
,,,,,,,,,трек - эстафета 3000 м,128,012,1,8,1,1,Л
,,,,,,,,,спринт 100 м,128,013,1,8,1,1,Я
,,,,,,,,,спринт 300 м,128,014,1,8,1,1,Я
,,,,,,,,,спринт 1 круг,128,015,1,8,1,1,Я
,,,,,,,,,спринт 500 м,128,016,1,8,1,1,Я
,,,,,,,,,спринт 1000 м,128,017,1,8,1,1,Я
,,,,,,,,,гонка на очки,128,018,1,8,1,1,Я
,,,,,,,,,гонка с выбыванием,128,019,1,8,1,1,Я
,,,,,,,,,эстафета 5000 м,128,020,1,8,1,1,Л
,,,,,,,,,гонка - марафон,128,021,1,8,1,1,Л
,,,,,,,,,фристайл - слалом - скоростной,128,022,1,8,1,1,Я
,,,,,,,,,слайды,128,023,1,8,1,1,Л
,,,,,,,,,фристайл - слалом,128,024,1,8,1,1,Я
,,,,,,,,,фристайл - слалом - прыжок в высоту,128,026,1,8,1,1,Л
,,,,,,,,,хоккей,128,025,2,8,1,1,М
,,,,,,,,,хоккей с мячом на роликовых коньках,128,027,2,8,1,1,Ю
,,,,,,,,,самокат - парк,128,028,1,8,1,1,М
,,,,,,,,,самокат - улица,128,029,1,8,1,1,М
90,Роуп скиппинг (спортивная скакалка),178,000,1,4,1,1,Я,вольные упражнения,178,001,1,4,1,1,Я
,,,,,,,,,вольные упражнения - группа,178,002,1,4,1,1,Я
,,,,,,,,,прыжки за 30 с,178,003,1,4,1,1,Я
,,,,,,,,,прыжки за 180 с,178,004,1,4,1,1,Я
,,,,,,,,,прыжки двойные,178,005,1,4,1,1,Я
,,,,,,,,,прыжки тройные,178,006,1,4,1,1,Я
,,,,,,,,,прыжки 4 человека,178,007,1,4,1,1,Я
,,,,,,,,,прыжки через две скакалки 1 человек,178,008,1,4,1,1,Я
,,,,,,,,,прыжки через две скакалки 2 человека,178,009,1,4,1,1,Я
,,,,,,,,,прыжки через две скакалки 4 человека,178,010,1,4,1,1,Я
,,,,,,,,,командные соревнования,178,011,1,4,1,1,Я
91,Рукопашный бой,100,000,1,4,1,1,Я,весовая категория 35 кг,100,001,1,8,1,1,Ю
,,,,,,,,,весовая категория 37 кг,100,002,1,8,1,1,Д
,,,,,,,,,весовая категория 38 кг,100,003,1,8,1,1,Ю
,,,,,,,,,весовая категория 40 кг,100,004,1,8,1,1,Д
,,,,,,,,,весовая категория 41 кг,100,005,1,8,1,1,Ю
,,,,,,,,,весовая категория 44 кг,100,006,1,8,1,1,Н
,,,,,,,,,весовая категория 48 кг,100,007,1,8,1,1,С
,,,,,,,,,весовая категория 52 кг,100,008,1,8,1,1,Ю
,,,,,,,,,весовая категория 53 кг,100,009,1,8,1,1,Б
,,,,,,,,,весовая категория 53+ кг,100,010,1,8,1,1,Д
,,,,,,,,,весовая категория 57 кг,100,011,1,8,1,1,А
,,,,,,,,,весовая категория 58 кг,100,012,1,8,1,1,Б
,,,,,,,,,весовая категория 58+ кг,100,013,1,8,1,1,Д
,,,,,,,,,весовая категория 62 кг,100,014,1,8,1,1,А
,,,,,,,,,весовая категория 64 кг,100,015,1,8,1,1,Б
,,,,,,,,,весовая категория 64+ кг,100,016,1,8,1,1,Д
,,,,,,,,,весовая категория 67 кг,100,017,1,8,1,1,А
,,,,,,,,,весовая категория 67+ кг,100,018,1,8,1,1,Ю
,,,,,,,,,весовая категория 70 кг,100,019,1,8,1,1,Б
,,,,,,,,,весовая категория 70+ кг,100,020,1,8,1,1,Б
,,,,,,,,,весовая категория 73 кг,100,021,1,8,1,1,А
,,,,,,,,,весовая категория 73+ кг,100,022,1,8,1,1,Ю
,,,,,,,,,весовая категория 80 кг,100,023,1,8,1,1,А
,,,,,,,,,весовая категория 80+ кг,100,024,1,8,1,1,Ю
,,,,,,,,,весовая категория 88 кг,100,025,1,8,1,1,А
,,,,,,,,,весовая категория 97 кг,100,026,1,8,1,1,А
,,,,,,,,,весовая категория 97+ кг,100,027,1,8,1,1,А
,,,,,,,,,абсолютная категория,100,028,1,8,1,1,Л
,,,,,,,,,демонстрация техники - весовая категория 38 кг,100,029,1,8,1,1,Ю
,,,,,,,,,демонстрация техники - весовая категория 44 кг,100,030,1,8,1,1,Н
,,,,,,,,,демонстрация техники - весовая категория 44+ кг,100,031,1,8,1,1,Д
,,,,,,,,,демонстрация техники - весовая категория 48 кг,100,032,1,8,1,1,Д
,,,,,,,,,демонстрация техники - весовая категория 48+ кг,100,033,1,8,1,1,Д
,,,,,,,,,демонстрация техники - весовая категория 52 кг,100,034,1,8,1,1,Ю
,,,,,,,,,демонстрация техники - весовая категория 52+ кг,100,035,1,8,1,1,Ю
,,,,,,,,,демонстрация техники - весовая категория 53 кг,100,036,1,8,1,1,Д
,,,,,,,,,демонстрация техники - весовая категория 53+ кг,100,037,1,8,1,1,Д
,,,,,,,,,демонстрация техники - весовая категория 58 кг,100,038,1,8,1,1,Ж
,,,,,,,,,демонстрация техники - весовая категория 58+ кг,100,039,1,8,1,1,Ж
,,,,,,,,,демонстрация техники - весовая категория 62 кг,100,040,1,8,1,1,А
,,,,,,,,,демонстрация техники - весовая категория 62+ кг,100,041,1,8,1,1,Ю
,,,,,,,,,демонстрация техники - весовая категория 73 кг,100,042,1,8,1,1,А
,,,,,,,,,демонстрация техники - весовая категория 73+ кг,100,043,1,8,1,1,Ю
,,,,,,,,,демонстрация техники - весовая категория 88 кг,100,044,1,8,1,1,М
,,,,,,,,,демонстрация техники - весовая категория 88+ кг,100,045,1,8,1,1,М
92,Рыболовный спорт,092,000,5,4,1,1,Г,кастинг - пятиборье-командные соревнования,092,009,1,8,1,1,Л
,,,,,,,,,кастинг - пятиборье,092,001,1,8,1,1,Л
,,,,,,,,,кастинг - троеборье-командные соревнования,092,014,1,8,1,1,Л
,,,,,,,,,кастинг - троеборье,092,007,1,8,1,1,Л
,,,,,,,,,кастинг - двоеборье,092,008,1,8,1,1,Л
,,,,,,,,,ловля донной удочкой,092,016,1,8,1,1,Л
,,,,,,,,,ловля донной удочкой - командные соревнования,092,017,1,8,1,1,Л
,,,,,,,,,ловля карпа - командные соревнования,092,002,1,8,1,1,Л
,,,,,,,,,ловля карпа - парные соревнования,092,015,1,8,1,1,Л
,,,,,,,,,ловля на блесну со льда - командные соревнования,092,010,3,8,1,1,Л
,,,,,,,,,ловля на блесну со льда,092,003,3,8,1,1,Л
,,,,,,,,,ловля на мормышку со льда - командные соревнования,092,011,3,8,1,1,Л
,,,,,,,,,ловля на мормышку со льда,092,004,3,8,1,1,Г
,,,,,,,,,ловля поплавочной удочкой - командные соревнования,092,012,1,8,1,1,Г
,,,,,,,,,ловля поплавочной удочкой,092,006,1,8,1,1,Г
,,,,,,,,,ловля спиннингом с берега - командные соревнования,092,013,1,8,1,1,Л
,,,,,,,,,ловля спиннингом с лодок - командные соревнования (парами),092,018,1,8,1,1,Л
,,,,,,,,,ловля спиннингом с берега,092,005,1,8,1,1,Л
,,,,,,,,,ловля спиннингом с лодок - парные соревнования,092,019,1,8,1,1,Л
93,Сават,121,000,1,4,1,1,Я,комба - весовая категория  48 кг,121,001,1,8,1,1,Ж
,,,,,,,,,комба - весовая категория  52 кг,121,002,1,8,1,1,Ж
,,,,,,,,,комба - весовая категория  56 кг,121,003,1,8,1,1,Г
,,,,,,,,,комба - весовая категория  60 кг,121,004,1,8,1,1,Г
,,,,,,,,,комба - весовая категория  65 кг,121,005,1,8,1,1,Г
,,,,,,,,,комба - весовая категория  70 кг,121,006,1,8,1,1,Г
,,,,,,,,,комба - весовая категория  75 кг,121,007,1,8,1,1,Г
,,,,,,,,,комба - весовая категория  80 кг,121,008,1,8,1,1,Г
,,,,,,,,,комба - весовая категория  85 кг,121,009,1,8,1,1,А
,,,,,,,,,комба - весовая категория  85+ кг,121,010,1,8,1,1,А
,,,,,,,,,ассо - весовая категория    45 кг,121,011,1,8,1,1,Д
,,,,,,,,,ассо - весовая категория   48 кг,121,012,1,8,1,1,Б
,,,,,,,,,ассо - весовая категория   52 кг,121,013,1,8,1,1,С
,,,,,,,,,ассо - весовая категория   56 кг,121,014,1,8,1,1,Я
,,,,,,,,,ассо - весовая категория   60 кг,121,015,1,8,1,1,Я
,,,,,,,,,ассо - весовая категория   65 кг,121,016,1,8,1,1,Я
,,,,,,,,,ассо - весовая категория   70 кг,121,017,1,8,1,1,Я
,,,,,,,,,ассо - весовая категория   75 кг,121,018,1,8,1,1,Я
,,,,,,,,,ассо - весовая категория   80 кг,121,019,1,8,1,1,Г
,,,,,,,,,ассо - весовая категория   85 кг,121,020,1,8,1,1,А
,,,,,,,,,ассо - весовая категория   85+ кг,121,021,1,8,1,1,М
94,Самбо,079,000,1,5,1,1,Я,весовая категория 26 кг,079,061,1,8,1,1,Д
,,,,,,,,,весовая категория 29 кг,079,062,1,8,1,1,Д
,,,,,,,,,весовая категория 31 кг,079,063,1,8,1,1,Ю
,,,,,,,,,весовая категория 34 кг,079,001,1,8,1,1,Н
,,,,,,,,,весовая категория 35 кг,079,002,1,8,1,1,Ю
,,,,,,,,,весовая категория 37 кг,079,003,1,8,1,1,Д
,,,,,,,,,весовая категория 38 кг,079,004,1,8,1,1,Н
,,,,,,,,,весовая категория 40 кг,079,005,1,8,1,1,Д
,,,,,,,,,весовая категория 41 кг,079,006,1,8,1,1,Д
,,,,,,,,,весовая категория 42 кг,079,007,1,8,1,1,Ю
,,,,,,,,,весовая категория 43 кг,079,008,1,8,1,1,Д
,,,,,,,,,весовая категория 44 кг,079,009,1,8,1,1,Д
,,,,,,,,,весовая категория 46 кг,079,010,1,8,1,1,Ю
,,,,,,,,,весовая категория 47 кг,079,011,1,8,1,1,Д
,,,,,,,,,весовая категория 48 кг,079,012,1,8,1,1,С
,,,,,,,,,весовая категория 49 кг,079,065,1,8,1,1,Ю
,,,,,,,,,весовая категория 50 кг,079,013,1,8,1,1,С
,,,,,,,,,весовая категория 51 кг,079,014,1,8,1,1,Д
,,,,,,,,,весовая категория 52 кг,079,015,1,8,1,1,Я
,,,,,,,,,весовая категория 53 кг,079,066,1,8,1,1,А
,,,,,,,,,весовая категория 54 кг,079,016,1,8,1,1,С
,,,,,,,,,весовая категория 55 кг,079,017,1,8,1,1,Н
,,,,,,,,,весовая категория 55+ кг,079,064,1,8,1,1,Д
,,,,,,,,,весовая категория 56 кг,079,018,1,8,1,1,С
,,,,,,,,,весовая категория 57 кг,079,019,1,8,1,1,А
,,,,,,,,,весовая категория 58 кг,079,067,1,8,1,1,А
,,,,,,,,,весовая категория 59 кг,079,020,1,8,1,1,С
,,,,,,,,,весовая категория 60 кг,079,021,1,8,1,1,С
,,,,,,,,,весовая категория 62 кг,079,022,1,8,1,1,А
,,,,,,,,,весовая категория 64 кг,079,023,1,8,1,1,Я
,,,,,,,,,весовая категория 65 кг,079,024,1,8,1,1,С
,,,,,,,,,весовая категория 65+ кг,079,025,1,8,1,1,Н
,,,,,,,,,весовая категория 66 кг,079,026,1,8,1,1,Ю
,,,,,,,,,весовая категория 68 кг,079,027,1,8,1,1,Я
,,,,,,,,,весовая категория 70 кг,079,028,1,8,1,1,Н
,,,,,,,,,весовая категория 70+ кг,079,029,1,8,1,1,Д
,,,,,,,,,весовая категория 71 кг,079,030,1,8,1,1,А
,,,,,,,,,весовая категория 71+ кг,079,031,1,8,1,1,Ю
,,,,,,,,,весовая категория 72 кг,079,032,1,8,1,1,С
,,,,,,,,,весовая категория 72+ кг,079,068,1,8,1,1,Д
,,,,,,,,,весовая категория 74 кг,079,033,1,8,1,1,А
,,,,,,,,,весовая категория 75 кг,079,034,1,8,1,1,Н
,,,,,,,,,весовая категория 75+ кг,079,035,1,8,1,1,Д
,,,,,,,,,весовая категория 78 кг,079,036,1,8,1,1,Ю
,,,,,,,,,весовая категория 79 кг,079,069,1,8,1,1,А
,,,,,,,,,весовая категория 80 кг,079,037,1,8,1,1,Б
,,,,,,,,,весовая категория 80+ кг,079,038,1,8,1,1,Б
,,,,,,,,,весовая категория 81 кг,079,039,1,8,1,1,Ю
,,,,,,,,,весовая категория 82 кг,079,040,1,8,1,1,А
,,,,,,,,,весовая категория 84 кг,079,041,1,8,1,1,Ю
,,,,,,,,,весовая категория 84+ кг,079,042,1,8,1,1,Ю
,,,,,,,,,весовая категория 87 кг,079,043,1,8,1,1,Ю
,,,,,,,,,весовая категория 87+ кг,079,044,1,8,1,1,Ю
,,,,,,,,,весовая категория 88 кг,079,070,1,8,1,1,А
,,,,,,,,,весовая категория 88+ кг,079,071,1,8,1,1,Ю
,,,,,,,,,весовая категория 90 кг,079,045,1,8,1,1,А
,,,,,,,,,весовая категория 98 кг,079,072,1,8,1,1,А
,,,,,,,,,весовая категория 98+ кг,079,073,1,8,1,1,А
,,,,,,,,,весовая категория 100 кг,079,046,1,8,1,1,А
,,,,,,,,,весовая категория 100+ кг,079,047,1,8,1,1,А
,,,,,,,,,командные соревнования,079,048,1,8,1,1,Я
,,,,,,,,,абсолютная категория,079,049,1,8,1,1,А
,,,,,,,,,демонстрационное самбо,079,093,1,8,1,1,Н
,,,,,,,,,БС весовая категория 46 кг,079,074,1,8,1,1,Ю
,,,,,,,,,БС весовая категория 48 кг,079,050,1,8,1,1,Ю
,,,,,,,,,БС весовая категория 49 кг,079,075,1,8,1,1,Ю
,,,,,,,,,БС весовая категория 50 кг,079,094,1,8,1,1,Ж
,,,,,,,,,БС весовая категория 52 кг,079,051,1,8,1,1,А
,,,,,,,,,БС весовая категория 53 кг,079,076,1,8,1,1,А
,,,,,,,,,БС весовая категория 54 кг,079,095,1,8,1,1,Ж
,,,,,,,,,БС весовая категория 57 кг,079,052,1,8,1,1,А
,,,,,,,,,БС весовая категория 58 кг,079,077,1,8,1,1,А
,,,,,,,,,БС весовая категория 59 кг,079,096,1,8,1,1,Ж
,,,,,,,,,БС весовая категория 62 кг,079,053,1,8,1,1,А
,,,,,,,,,БС весовая категория 64 кг,079,078,1,8,1,1,А
,,,,,,,,,БС весовая категория 65 кг,079,097,1,8,1,1,Ж
,,,,,,,,,БС весовая категория 68 кг,079,054,1,8,1,1,А
,,,,,,,,,БС весовая категория 71 кг,079,079,1,8,1,1,А
,,,,,,,,,БС весовая категория 72 кг,079,098,1,8,1,1,Ж
,,,,,,,,,БС весовая категория 74 кг,079,055,1,8,1,1,А
,,,,,,,,,БС весовая категория 79 кг,079,080,1,8,1,1,А
,,,,,,,,,БС весовая категория 80 кг,079,099,1,8,1,1,Ж
,,,,,,,,,БС весовая категория 80+ кг,079,100,1,8,1,1,Ж
,,,,,,,,,БС весовая категория 82 кг,079,056,1,8,1,1,А
,,,,,,,,,БС весовая категория 88 кг,079,081,1,8,1,1,А
,,,,,,,,,БС весовая категория 88+ кг,079,082,1,8,1,1,Ю
,,,,,,,,,БС весовая категория 90 кг,079,057,1,8,1,1,А
,,,,,,,,,БС весовая категория 98 кг,079,083,1,8,1,1,А
,,,,,,,,,БС весовая категория 98+ кг,079,084,1,8,1,1,А
,,,,,,,,,БС весовая категория 100 кг,079,058,1,8,1,1,А
,,,,,,,,,БС весовая категория 100+ кг,079,059,1,8,1,1,А
,,,,,,,,,БС абсолютная категория,079,060,1,8,1,1,А
,,,,,,,,,пляжное самбо - весовая категория 50 кг,079,085,1,8,1,1,Ж
,,,,,,,,,пляжное самбо - весовая категория 58 кг,079,086,1,8,1,1,М
,,,,,,,,,пляжное самбо - весовая категория 59 кг,079,087,1,8,1,1,Ж
,,,,,,,,,пляжное самбо - весовая категория 71 кг,079,088,1,8,1,1,М
,,,,,,,,,пляжное самбо - весовая категория 72 кг,079,089,1,8,1,1,Ж
,,,,,,,,,пляжное самбо - весовая категория 72+ кг,079,090,1,8,1,1,Ж
,,,,,,,,,пляжное самбо - весовая категория 88 кг,079,091,1,8,1,1,М
,,,,,,,,,пляжное самбо - весовая категория 88+ кг,079,092,1,8,1,1,М
95,Самолетный спорт,160,000,1,4,1,1,Л,ПСВП класс неограниченный - известная программа,160,002,1,8,1,1,Л
,,,,,,,,,ПСВП класс неограниченный - командные соревнования,160,003,1,8,1,1,Л
,,,,,,,,,ПСВП класс неограниченный - многоборье,160,004,1,8,1,1,Л
,,,,,,,,,ПСВП класс неограниченный - неизвестная программа - 1,160,005,1,8,1,1,Л
,,,,,,,,,ПСВП класс неограниченный - неизвестная программа - 2,160,006,1,8,1,1,Л
,,,,,,,,,ПСВП класс неограниченный - неизвестная программа - 3,160,001,1,8,1,1,Л
,,,,,,,,,ПСВП класс неограниченный - фристайл,160,008,1,8,1,1,Л
,,,,,,,,,ПСВП класс с ограничениями - известная программа,160,009,1,8,1,1,Л
,,,,,,,,,ПСВП класс с ограничениями - командные соревнования,160,010,1,8,1,1,Л
,,,,,,,,,ПСВП класс с ограничениями - многоборье,160,011,1,8,1,1,Л
,,,,,,,,,ПСВП класс с ограничениями -  неизвестная программа -1,160,012,1,8,1,1,Л
,,,,,,,,,ПСВП класс с ограничениями - неизвестная программа - 2,160,013,1,8,1,1,Л
,,,,,,,,,ПСВП класс с ограничениями - неизвестная программа - 3,160,007,1,8,1,1,Л
,,,,,,,,,ПСВП класс с ограничениями - произвольная программа,160,014,1,8,1,1,Л
,,,,,,,,,ПСВП класс промежуточный - известная программа,160,027,1,8,1,1,Л
,,,,,,,,,ПСВП класс промежуточный - многоборье,160,028,1,8,1,1,Л
,,,,,,,,,ПСВП класс промежуточный - неизвестная программа - 1,160,029,1,8,1,1,Л
,,,,,,,,,ПСВП класс промежуточный - неизвестная программа - 2,160,030,1,8,1,1,Л
,,,,,,,,,ПСВП класс промежуточный - неизвестная программа - 3,160,031,1,8,1,1,Л
,,,,,,,,,ПСВП класс Як-52 - известная программа,160,015,1,8,1,1,Л
,,,,,,,,,ПСВП класс Як-52 - командные соревнования,160,016,1,8,1,1,Л
,,,,,,,,,ПСВП класс Як-52 - многоборье,160,017,1,8,1,1,Л
,,,,,,,,,ПСВП класс Як-52 - неизвестная программа - 1,160,018,1,8,1,1,Л
,,,,,,,,,ПСВП класс Як-52 - неизвестная программа - 2,160,019,1,8,1,1,Л
,,,,,,,,,ПСВП класс Як-52 - неизвестная программа - 3,160,020,1,8,1,1,Л
,,,,,,,,,авиагонки,160,021,1,8,1,1,Л
,,,,,,,,,авиагонки - формула-1,160,022,1,8,1,1,Л
,,,,,,,,,авиаралли,160,023,1,8,1,1,Л
,,,,,,,,,самолетовождение в горах,160,024,1,8,1,1,Л
,,,,,,,,,точное самолетовождение,160,025,1,8,1,1,Л
,,,,,,,,,исторические и самодельные ЛА,160,026,1,8,1,1,Л
96,Санный спорт,049,000,3,6,1,1,Я,одноместные сани,049,001,3,6,1,1,Я
,,,,,,,,,одноместные сани - спринт,049,010,3,8,1,1,Л
,,,,,,,,,двухместные сани,049,002,3,6,1,1,Я
,,,,,,,,,двухместные сани - спринт,049,011,3,8,1,1,Л
,,,,,,,,,эстафета,049,009,3,6,1,1,Я
,,,,,,,,,командные соревнования,049,003,3,8,1,1,Я
,,,,,,,,,натурбан - одноместные сани,049,004,3,8,1,1,Я
,,,,,,,,,натурбан - одноместные сани - гонка преследования,049,012,3,8,1,1,Л
,,,,,,,,,натурбан - двухместные сани,049,005,3,8,1,1,А
,,,,,,,,,натурбан - двухместные сани - гонка преследования,049,013,3,8,1,1,М
,,,,,,,,,натурбан - командные соревнования,049,006,3,8,1,1,Л
,,,,,,,,,стартовый рывок - 1,049,007,3,8,1,1,Я
,,,,,,,,,стартовый рывок - 2,049,008,3,8,1,1,А
97,Северное многоборье,172,000,5,3,1,1,Я,бег с палкой,172,001,3,8,1,1,Я
,,,,,,,,,метание топора на дальность,172,002,1,8,1,1,Я
,,,,,,,,,метание тынзяна на хорей,172,003,1,8,1,1,Я
,,,,,,,,,прыжки через нарты,172,004,1,8,1,1,Я
,,,,,,,,,тройной прыжок с отталкиванием двумя ногами,172,005,1,8,1,1,Я
98,Серфинг,137,000,1,6,1,1,Л,вейксерфинг,137,001,1,8,1,1,Я
,,,,,,,,,вейкским,137,006,1,8,1,1,Л
,,,,,,,,,длинная доска,137,002,1,8,1,1,Л
,,,,,,,,,доска с веслом,137,003,1,8,1,1,Я
,,,,,,,,,короткая доска,137,004,1,8,1,1,Я
,,,,,,,,,серфинг на груди,137,005,1,8,1,1,Л
99,Силовой экстрим,185,000,1,4,1,1,Я,весовая категория 64 кг - многоборье,185,001,1,4,1,1,Б
,,,,,,,,,весовая категория 64 кг - бревно,185,002,1,4,1,1,Б
,,,,,,,,,весовая категория 72 кг - многоборье,185,003,1,4,1,1,Б
,,,,,,,,,весовая категория 72 кг - бревно,185,004,1,4,1,1,Б
,,,,,,,,,весовая категория 80 кг - многоборье,185,005,1,4,1,1,А
,,,,,,,,,весовая категория 80 кг - бревно,185,006,1,4,1,1,А
,,,,,,,,,весовая категория 81 кг - многоборье,185,007,1,4,1,1,Б
,,,,,,,,,весовая категория 81 кг - бревно,185,008,1,4,1,1,Б
,,,,,,,,,весовая категория 81+ кг - многоборье,185,009,1,4,1,1,Б
,,,,,,,,,весовая категория 81+ кг - бревно,185,010,1,4,1,1,Б
,,,,,,,,,весовая категория 90 кг - многоборье,185,011,1,4,1,1,А
,,,,,,,,,весовая категория 90 кг - бревно,185,012,1,4,1,1,А
,,,,,,,,,весовая категория 105 кг - многоборье,185,013,1,4,1,1,А
,,,,,,,,,весовая категория 105 кг - бревно,185,014,1,4,1,1,А
,,,,,,,,,весовая категория 105+ кг - многоборье,185,015,1,4,1,1,А
,,,,,,,,,весовая категория 105+ кг - бревно,185,016,1,4,1,1,А
100,Синхронное плавание,023,000,1,6,1,1,Я,соло - произвольная программа,023,007,1,8,1,1,Б
,,,,,,,,,соло - техническая программа,023,006,1,8,1,1,Б
,,,,,,,,,соло,023,001,1,8,1,1,Б
,,,,,,,,,дуэт - произвольная программа,023,009,1,8,1,1,Б
,,,,,,,,,дуэт - техническая программа,023,008,1,8,1,1,Б
,,,,,,,,,дуэт,023,002,1,6,1,1,Б
,,,,,,,,,дуэт - смешанный,023,012,1,8,1,1,Л
,,,,,,,,,дуэт - смешанный - произвольная программа,023,013,1,8,1,1,Я
,,,,,,,,,дуэт - смешанный - техническая программа,023,014,1,8,1,1,Я
,,,,,,,,,группа - произвольная программа,023,011,1,8,1,1,Б
,,,,,,,,,группа - техническая программа,023,010,1,8,1,1,Б
,,,,,,,,,группа,023,003,1,6,1,1,Б
,,,,,,,,,акробатическая группа,023,015,1,8,1,1,Б
,,,,,,,,,комби,023,004,1,8,1,1,Б
,,,,,,,,,фигуры,023,005,1,8,1,1,Д
101,Скалолазание,080,000,1,6,1,1,Я,боулдеринг,080,001,1,8,1,1,Я
,,,,,,,,,лазание на скорость,080,002,1,6,1,1,Я
,,,,,,,,,лазание на трудность,080,003,1,8,1,1,Я
,,,,,,,,,двоеборье,080,004,1,6,1,1,Я
,,,,,,,,,ПОДА - лазание на трудность,080,005,1,7,1,1,Л
,,,,,,,,,Сл - лазание на трудность,080,006,1,7,1,1,Л
102,Сквош,139,000,2,6,1,1,Я,сквош,139,001,2,6,1,1,Я
,,,,,,,,,командные соревнования,139,002,2,8,1,1,Я
103,Скейтбординг,117,000,1,6,1,1,Л,скейтбординг - вертикальная рампа,117,003,1,8,1,1,Л
,,,,,,,,,скейтбординг - улица,117,001,1,6,1,1,Л
,,,,,,,,,скейтбординг - парк,117,002,1,6,1,1,Л
104,Смешанное боевое единоборство (ММА),072,000,1,4,1,1,А,весовая категория 32 кг,072,001,1,8,1,1,Ю
,,,,,,,,,весовая категория 36 кг,072,002,1,8,1,1,Ю
,,,,,,,,,весовая категория 40 кг,072,003,1,8,1,1,Ю
,,,,,,,,,весовая категория 44 кг,072,004,1,8,1,1,Ю
,,,,,,,,,весовая категория 48 кг,072,005,1,8,1,1,Ю
,,,,,,,,,весовая категория 52 кг,072,006,1,8,1,1,Ю
,,,,,,,,,"весовая категория 52,2 кг",072,020,1,8,1,1,А
,,,,,,,,,"весовая категория 56,7 кг",072,019,1,8,1,1,А
,,,,,,,,,весовая категория 57 кг,072,007,1,8,1,1,Ю
,,,,,,,,,"весовая категория 61,2 кг",072,008,1,8,1,1,А
,,,,,,,,,весовая категория 62 кг,072,009,1,8,1,1,Ю
,,,,,,,,,"весовая категория 65,8 кг",072,010,1,8,1,1,А
,,,,,,,,,весовая категория 67 кг,072,011,1,8,1,1,Ю
,,,,,,,,,"весовая категория 70,3 кг",072,012,1,8,1,1,А
,,,,,,,,,весовая категория 73 кг,072,013,1,8,1,1,Ю
,,,,,,,,,"весовая категория 77,1 кг",072,014,1,8,1,1,А
,,,,,,,,,весовая категория 80 кг,072,015,1,8,1,1,Ю
,,,,,,,,,"весовая категория 83,9 кг",072,016,1,8,1,1,А
,,,,,,,,,весовая категория 93 кг,072,017,1,8,1,1,А
,,,,,,,,,"весовая категория 120,2 кг",072,021,1,8,1,1,А
,,,,,,,,,"весовая категория 120,2+ кг",072,018,1,8,1,1,М
105,Сноуборд,042,000,3,6,1,1,Я,параллельный слалом - гигант,042,001,3,6,1,1,Я
,,,,,,,,,параллельный слалом,042,002,3,8,1,1,Я
,,,,,,,,,сноуборд - кросс,042,003,3,6,1,1,Я
,,,,,,,,,сноуборд - кросс - группа - смешанная,042,007,3,6,1,1,Л
,,,,,,,,,хаф-пайп,042,004,3,6,1,1,Я
,,,,,,,,,биг-эйр,042,005,3,6,1,1,Я
,,,,,,,,,слоуп-стайл,042,006,3,6,1,1,Я
106,Современное пятиборье,019,000,1,6,1,1,Я, пятиборье,019,001,1,6,1,1,Я
,,,,,,,,,пятиборье - командные соревнования (3 чел.),019,005,1,8,1,1,Я
,,,,,,,,,пятиборье - эстафета (2 человека),019,006,1,8,1,1,Я
,,,,,,,,,пятиборье - эстафета - смешанная (2 чел.),019,011,1,8,1,1,Я
,,,,,,,,,двоеборье (бег+стрельба),019,016,1,8,1,1,Я
,,,,,,,,,"двоеборье (бег, плавание)",019,010,1,8,1,1,Н
,,,,,,,,,биатл,019,014,1,8,1,1,Н
,,,,,,,,,триатл,019,015,1,8,1,1,Н
107,Софтбол,043,000,2,6,1,1,Б,софтбол,043,001,2,6,1,1,Б
108,Спорт сверхлегкой авиации,158,000,1,4,1,1,Я,дельтаплан класс 1 - маршрутный полет,158,001,1,8,1,1,Я
,,,,,,,,,дельтаплан класс 1 - скоростное парение,158,004,1,8,1,1,Я
,,,,,,,,,дельтаплан класс 5 - маршрутный полет,158,005,1,8,1,1,Я
,,,,,,,,,параплан - маршрутный полет,158,009,1,8,1,1,Я
,,,,,,,,,параплан - пилотаж,158,010,1,8,1,1,Я
,,,,,,,,,параплан - точность приземления,158,011,1,8,1,1,Я
,,,,,,,,,параплан - скоростное парение,158,012,1,8,1,1,Я
,,,,,,,,,автожир,158,013,1,8,1,1,Я
,,,,,,,,,дельталет - 1,158,014,1,8,1,1,Я
,,,,,,,,,дельталет - 2,158,015,1,8,1,1,Я
,,,,,,,,,микросамолет - 1,158,016,1,8,1,1,Я
,,,,,,,,,микросамолет - 2,158,017,1,8,1,1,Я
,,,,,,,,,мотодельтаплан,158,018,1,8,1,1,Я
,,,,,,,,,мотопараплан,158,019,1,8,1,1,Я
,,,,,,,,,мотопараплан - слалом,158,023,1,8,1,1,М
,,,,,,,,,паралёт - 1,158,020,1,8,1,1,Я
,,,,,,,,,паралёт - 1 - слалом,158,024,1,8,1,1,М
,,,,,,,,,паралёт - 2,158,021,1,8,1,1,Я
,,,,,,,,,двоеборье СЛА,158,022,1,8,1,1,Я
109,Спортивная борьба,026,000,1,6,1,1,Я,вольная борьба - весовая категория  33 кг,026,002,1,8,1,1,Д
,,,,,,,,,вольная борьба - весовая категория  36 кг,026,003,1,8,1,1,Д
,,,,,,,,,вольная борьба - весовая категория  38 кг,026,006,1,8,1,1,Ю
,,,,,,,,,вольная борьба - весовая категория  39 кг,026,004,1,8,1,1,Д
,,,,,,,,,вольная борьба - весовая категория  40 кг,026,007,1,8,1,1,Д
,,,,,,,,,вольная борьба - весовая категория  41 кг,026,005,1,8,1,1,Ю
,,,,,,,,,вольная борьба - весовая категория  42 кг,026,008,1,8,1,1,Н
,,,,,,,,,вольная борьба - весовая категория  43 кг,026,009,1,8,1,1,Д
,,,,,,,,,вольная борьба - весовая категория  44 кг,026,010,1,8,1,1,Ю
,,,,,,,,,вольная борьба - весовая категория  45 кг,026,026,1,8,1,1,Ю
,,,,,,,,,вольная борьба - весовая категория  46 кг,026,011,1,8,1,1,Д
,,,,,,,,,вольная борьба - весовая категория  48 кг,026,012,1,8,1,1,Ю
,,,,,,,,,вольная борьба - весовая категория  49 кг,026,013,1,8,1,1,Д
,,,,,,,,,вольная борьба - весовая категория  50 кг,026,014,1,6,1,1,Б
,,,,,,,,,вольная борьба - весовая категория  51 кг,026,015,1,8,1,1,Ю
,,,,,,,,,вольная борьба - весовая категория  52 кг,026,016,1,8,1,1,Ю
,,,,,,,,,вольная борьба - весовая категория  53 кг,026,017,1,6,1,1,Б
,,,,,,,,,вольная борьба - весовая категория  54 кг,026,018,1,8,1,1,Д
,,,,,,,,,вольная борьба - весовая категория  55 кг,026,019,1,8,1,1,С
,,,,,,,,,вольная борьба - весовая категория  56 кг,026,020,1,8,1,1,Д
,,,,,,,,,вольная борьба - весовая категория  57 кг,026,021,1,6,1,1,Я
,,,,,,,,,вольная борьба - весовая категория  58 кг,026,022,1,8,1,1,Д
,,,,,,,,,вольная борьба - весовая категория  59 кг,026,023,1,8,1,1,Б
,,,,,,,,,вольная борьба - весовая категория  60 кг,026,024,1,8,1,1,Ю
,,,,,,,,,вольная борьба - весовая категория  61 кг,026,159,1,8,1,1,Ф
,,,,,,,,,вольная борьба - весовая категория  62 кг,026,025,1,6,1,1,С
,,,,,,,,,вольная борьба - весовая категория  65 кг,026,027,1,6,1,1,Я
,,,,,,,,,вольная борьба - весовая категория  66 кг,026,028,1,8,1,1,Д
,,,,,,,,,вольная борьба - весовая категория 68 кг,026,001,1,6,1,1,С
,,,,,,,,,вольная борьба - весовая категория  69 кг,026,030,1,8,1,1,Д
,,,,,,,,,вольная борьба - весовая категория  70 кг,026,031,1,8,1,1,Ф
,,,,,,,,,вольная борьба - весовая категория  71 кг,026,214,1,8,1,1,Ю
,,,,,,,,,вольная борьба - весовая категория  72 кг,026,032,1,8,1,1,Б
,,,,,,,,,вольная борьба - весовая категория  73 кг,026,033,1,8,1,1,Д
,,,,,,,,,вольная борьба - весовая категория  74 кг,026,034,1,6,1,1,А
,,,,,,,,,вольная борьба - весовая категория  75 кг,026,160,1,8,1,1,Ю
,,,,,,,,,вольная борьба - весовая категория  76 кг,026,035,1,6,1,1,Б
,,,,,,,,,вольная борьба - весовая категория  79 кг,026,029,1,8,1,1,А
,,,,,,,,,вольная борьба - весовая категория  80 кг,026,036,1,8,1,1,Ю
,,,,,,,,,вольная борьба - весовая категория  85 кг,026,037,1,8,1,1,Ю
,,,,,,,,,вольная борьба - весовая категория  86 кг,026,161,1,6,1,1,А
,,,,,,,,,вольная борьба - весовая категория  92 кг,026,038,1,8,1,1,А
,,,,,,,,,вольная борьба - весовая категория  97 кг,026,162,1,6,1,1,А
,,,,,,,,,вольная борьба - весовая категория  100 кг,026,039,1,8,1,1,Ю
,,,,,,,,,вольная борьба - весовая категория  110 кг,026,040,1,8,1,1,Ю
,,,,,,,,,вольная борьба - весовая категория  125 кг,026,163,1,6,1,1,А
,,,,,,,,,вольная борьба - абсолютная категория,026,041,1,8,1,1,Л
,,,,,,,,,вольная борьба - командные соревнования,026,042,1,8,1,1,Л
,,,,,,,,,греко-римская борьба - весовая категория  32 кг,026,043,1,8,1,1,Ю
,,,,,,,,,греко-римская борьба - весовая категория  35 кг,026,044,1,8,1,1,Ю
,,,,,,,,,греко-римская борьба - весовая категория  38 кг,026,045,1,8,1,1,Ю
,,,,,,,,,греко-римская борьба - весовая категория  41 кг,026,047,1,8,1,1,Ю
,,,,,,,,,греко-римская борьба - весовая категория  42 кг,026,046,1,8,1,1,Ю
,,,,,,,,,греко-римская борьба - весовая категория  44 кг,026,048,1,8,1,1,Ю
,,,,,,,,,греко-римская борьба - весовая категория  45 кг,026,049,1,8,1,1,Ю
,,,,,,,,,греко-римская борьба - весовая категория  48 кг,026,050,1,8,1,1,Ю
,,,,,,,,,греко-римская борьба - весовая категория  51 кг,026,051,1,8,1,1,Ю
,,,,,,,,,греко-римская борьба - весовая категория  52 кг,026,053,1,8,1,1,Ю
,,,,,,,,,греко-римская борьба - весовая категория  55 кг,026,052,1,8,1,1,А
,,,,,,,,,греко-римская борьба - весовая категория  57 кг,026,057,1,8,1,1,Ю
,,,,,,,,,греко-римская борьба - весовая категория  60 кг,026,055,1,6,1,1,А
,,,,,,,,,греко-римская борьба - весовая категория  62 кг,026,058,1,8,1,1,Ю
,,,,,,,,,греко-римская борьба - весовая категория  63 кг,026,056,1,8,1,1,А
,,,,,,,,,греко-римская борьба - весовая категория  65 кг,026,059,1,8,1,1,Ю
,,,,,,,,,греко-римская борьба - весовая категория  67 кг,026,060,1,6,1,1,А
,,,,,,,,,греко-римская борьба - весовая категория  68 кг,026,061,1,8,1,1,Ю
,,,,,,,,,греко-римская борьба - весовая категория  71 кг,026,164,1,8,1,1,Ю
,,,,,,,,,греко-римская борьба - весовая категория  72 кг,026,167,1,8,1,1,А
,,,,,,,,,греко-римская борьба - весовая категория  75 кг,026,165,1,8,1,1,Ю
,,,,,,,,,греко-римская борьба - весовая категория  77 кг,026,066,1,6,1,1,А
,,,,,,,,,греко-римская борьба - весовая категория  80 кг,026,166,1,8,1,1,Ю
,,,,,,,,,греко-римская борьба - весовая категория  82 кг,026,054,1,8,1,1,А
,,,,,,,,,греко-римская борьба - весовая категория  84 кг,026,062,1,8,1,1,Ю
,,,,,,,,,греко-римская борьба - весовая категория  85 кг,026,063,1,8,1,1,Ю
,,,,,,,,,греко-римская борьба - весовая категория  87 кг,026,215,1,6,1,1,А
,,,,,,,,,греко-римская борьба - весовая категория  92 кг,026,216,1,8,1,1,Ю
,,,,,,,,,греко-римская борьба - весовая категория  96 кг,026,064,1,8,1,1,Ю
,,,,,,,,,греко-римская борьба - весовая категория  97 кг,026,217,1,6,1,1,А
,,,,,,,,,греко-римская борьба - весовая категория  100 кг,026,065,1,8,1,1,Ю
,,,,,,,,,греко-римская борьба - весовая категория  110 кг,026,218,1,8,1,1,Ю
,,,,,,,,,греко-римская борьба - весовая категория  120 кг,026,219,1,8,1,1,Ю
,,,,,,,,,греко-римская борьба - весовая категория  130 кг,026,168,1,6,1,1,А
,,,,,,,,,греко-римская борьба - абсолютная категория,026,067,1,8,1,1,М
,,,,,,,,,греко-римская борьба - командные соревнования,026,068,1,8,1,1,М
,,,,,,,,,грэпплинг - весовая категория  27 кг,026,220,1,8,1,1,Н
,,,,,,,,,грэпплинг - весовая категория  30 кг,026,221,1,8,1,1,Н
,,,,,,,,,грэпплинг - весовая категория  32 кг,026,222,1,8,1,1,Ю
,,,,,,,,,грэпплинг - весовая категория  34 кг,026,223,1,8,1,1,Н
,,,,,,,,,грэпплинг - весовая категория  35 кг,026,224,1,8,1,1,Ю
,,,,,,,,,грэпплинг - весовая категория  38 кг,026,069,1,8,1,1,Д
,,,,,,,,,грэпплинг - весовая категория  40 кг,026,070,1,8,1,1,Д
,,,,,,,,,грэпплинг - весовая категория  42 кг,026,071,1,8,1,1,Ю
,,,,,,,,,грэпплинг - весовая категория  43 кг,026,072,1,8,1,1,Д
,,,,,,,,,грэпплинг - весовая категория  46 кг,026,073,1,8,1,1,Н
,,,,,,,,,грэпплинг - весовая категория  47 кг,026,225,1,8,1,1,Ю
,,,,,,,,,грэпплинг - весовая категория  48 кг,026,226,1,8,1,1,Д
,,,,,,,,,грэпплинг - весовая категория  49 кг,026,074,1,8,1,1,Д
,,,,,,,,,грэпплинг - весовая категория  50 кг,026,075,1,8,1,1,Ю
,,,,,,,,,грэпплинг - весовая категория  52 кг,026,076,1,8,1,1,Д
,,,,,,,,,грэпплинг - весовая категория  53 кг,026,077,1,8,1,1,С
,,,,,,,,,грэпплинг - весовая категория  54 кг,026,078,1,8,1,1,Ю
,,,,,,,,,грэпплинг - весовая категория  55 кг,026,227,1,8,1,1,Н
,,,,,,,,,грэпплинг - весовая категория  56 кг,026,228,1,8,1,1,Д
,,,,,,,,,грэпплинг - весовая категория  57 кг,026,229,1,8,1,1,Д
,,,,,,,,,грэпплинг - весовая категория  57+ кг,026,230,1,8,1,1,Д
,,,,,,,,,грэпплинг - весовая категория  58 кг,026,079,1,8,1,1,С
,,,,,,,,,грэпплинг - весовая категория  59 кг,026,231,1,8,1,1,Ю
,,,,,,,,,грэпплинг - весовая категория  60 кг,026,080,1,8,1,1,Д
,,,,,,,,,грэпплинг - весовая категория  62 кг,026,081,1,8,1,1,А
,,,,,,,,,грэпплинг - весовая категория  63 кг,026,082,1,8,1,1,Ю
,,,,,,,,,грэпплинг - весовая категория  64 кг,026,083,1,8,1,1,Б
,,,,,,,,,грэпплинг - весовая категория  65 кг,026,084,1,8,1,1,Д
,,,,,,,,,грэпплинг - весовая категория  65+ кг,026,085,1,8,1,1,Д
,,,,,,,,,грэпплинг - весовая категория  66 кг,026,086,1,8,1,1,А
,,,,,,,,,грэпплинг - весовая категория  69 кг,026,087,1,8,1,1,Ю
,,,,,,,,,грэпплинг - весовая категория  71 кг,026,088,1,8,1,1,Я
,,,,,,,,,грэпплинг - весовая категория  71+ кг,026,089,1,8,1,1,Б
,,,,,,,,,грэпплинг - весовая категория  73 кг,026,232,1,8,1,1,Ю
,,,,,,,,,грэпплинг - весовая категория  73+ кг,026,233,1,8,1,1,Ю
,,,,,,,,,грэпплинг - весовая категория  76 кг,026,090,1,8,1,1,Ю
,,,,,,,,,грэпплинг - весовая категория  77 кг,026,091,1,8,1,1,А
,,,,,,,,,грэпплинг - весовая категория  84 кг,026,092,1,8,1,1,А
,,,,,,,,,грэпплинг - весовая категория  85 кг,026,093,1,8,1,1,Ю
,,,,,,,,,грэпплинг - весовая категория  85+ кг,026,094,1,8,1,1,Ю
,,,,,,,,,грэпплинг - весовая категория  92 кг,026,095,1,8,1,1,А
,,,,,,,,,грэпплинг - весовая категория  92+ кг,026,096,1,8,1,1,Ю
,,,,,,,,,грэпплинг - весовая категория  100 кг,026,097,1,8,1,1,М
,,,,,,,,,грэпплинг - весовая категория  100+ кг,026,098,1,8,1,1,М
,,,,,,,,,грэпплинг - абсолютная категория,026,234,1,8,1,1,Л
,,,,,,,,,грэпплинг - командные соревнования,026,235,1,8,1,1,Л
,,,,,,,,,грэпплинг - ги - весовая категория  27 кг,026,236,1,8,1,1,Н
,,,,,,,,,грэпплинг - ги - весовая категория  30 кг,026,237,1,8,1,1,Н
,,,,,,,,,грэпплинг - ги - весовая категория  32 кг,026,238,1,8,1,1,Ю
,,,,,,,,,грэпплинг - ги - весовая категория  34 кг,026,239,1,8,1,1,Н
,,,,,,,,,грэпплинг - ги - весовая категория  35 кг,026,240,1,8,1,1,Ю
,,,,,,,,,грэпплинг - ги - весовая категория  38 кг,026,099,1,8,1,1,Н
,,,,,,,,,грэпплинг - ги - весовая категория  40 кг,026,100,1,8,1,1,Д
,,,,,,,,,грэпплинг - ги - весовая категория  42 кг,026,101,1,8,1,1,Ю
,,,,,,,,,грэпплинг - ги - весовая категория  43 кг,026,102,1,8,1,1,Д
,,,,,,,,,грэпплинг - ги - весовая категория  46 кг,026,103,1,8,1,1,Н
,,,,,,,,,грэпплинг - ги - весовая категория  47 кг,026,241,1,8,1,1,Ю
,,,,,,,,,грэпплинг - ги - весовая категория  48 кг,026,242,1,8,1,1,Д
,,,,,,,,,грэпплинг - ги - весовая категория  49 кг,026,104,1,8,1,1,Д
,,,,,,,,,грэпплинг - ги - весовая категория  50 кг,026,105,1,8,1,1,Ю
,,,,,,,,,грэпплинг - ги - весовая категория  52 кг,026,106,1,8,1,1,Д
,,,,,,,,,грэпплинг - ги - весовая категория  53 кг,026,107,1,8,1,1,Б
,,,,,,,,,грэпплинг - ги - весовая категория  54 кг,026,108,1,8,1,1,Ю
,,,,,,,,,грэпплинг - ги - весовая категория  55 кг,026,243,1,8,1,1,Ю
,,,,,,,,,грэпплинг - ги - весовая категория  56 кг,026,244,1,8,1,1,Д
,,,,,,,,,грэпплинг - ги - весовая категория  57 кг,026,245,1,8,1,1,Д
,,,,,,,,,грэпплинг - ги - весовая категория  57+ кг,026,246,1,8,1,1,Д
,,,,,,,,,грэпплинг - ги - весовая категория  58 кг,026,109,1,8,1,1,С
,,,,,,,,,грэпплинг - ги - весовая категория  59 кг,026,247,1,8,1,1,Ю
,,,,,,,,,грэпплинг - ги - весовая категория  60 кг,026,110,1,8,1,1,Д
,,,,,,,,,грэпплинг - ги - весовая категория  62 кг,026,111,1,8,1,1,А
,,,,,,,,,грэпплинг - ги - весовая категория  63 кг,026,112,1,8,1,1,Ю
,,,,,,,,,грэпплинг - ги - весовая категория  64 кг,026,113,1,8,1,1,Б
,,,,,,,,,грэпплинг - ги - весовая категория  65 кг,026,114,1,8,1,1,Д
,,,,,,,,,грэпплинг - ги - весовая категория  65+ кг,026,115,1,8,1,1,Д
,,,,,,,,,грэпплинг - ги - весовая категория  66 кг,026,116,1,8,1,1,А
,,,,,,,,,грэпплинг - ги - весовая категория  69 кг,026,117,1,8,1,1,Ю
,,,,,,,,,грэпплинг - ги - весовая категория  71 кг,026,118,1,8,1,1,Я
,,,,,,,,,грэпплинг - ги - весовая категория  71+ кг,026,119,1,8,1,1,Б
,,,,,,,,,грэпплинг - ги - весовая категория  73 кг,026,248,1,8,1,1,Ю
,,,,,,,,,грэпплинг - ги - весовая категория  73+ кг,026,249,1,8,1,1,Ю
,,,,,,,,,грэпплинг - ги - весовая категория  76 кг,026,120,1,8,1,1,Ю
,,,,,,,,,грэпплинг - ги - весовая категория  77 кг,026,121,1,8,1,1,А
,,,,,,,,,грэпплинг - ги - весовая категория  84 кг,026,122,1,8,1,1,А
,,,,,,,,,грэпплинг - ги - весовая категория  85 кг,026,123,1,8,1,1,Ю
,,,,,,,,,грэпплинг - ги - весовая категория  85+ кг,026,124,1,8,1,1,Ю
,,,,,,,,,грэпплинг - ги - весовая категория  92 кг,026,125,1,8,1,1,А
,,,,,,,,,грэпплинг - ги - весовая категория  92+ кг,026,126,1,8,1,1,Ю
,,,,,,,,,грэпплинг - ги - весовая категория  100 кг,026,127,1,8,1,1,М
,,,,,,,,,грэпплинг - ги - весовая категория  100+ кг,026,128,1,8,1,1,М
,,,,,,,,,грэпплинг - ги - абсолютная категория,026,250,1,8,1,1,Л
,,,,,,,,,грэпплинг - ги - командные соревнования,026,251,1,8,1,1,Л
,,,,,,,,,панкратион классический - весовая категория 38 кг,026,129,1,8,1,1,Д
,,,,,,,,,панкратион классический - весовая категория 40 кг,026,130,1,8,1,1,Д
,,,,,,,,,панкратион классический - весовая категория 42 кг,026,131,1,8,1,1,Ю
,,,,,,,,,панкратион классический - весовая категория 43 кг,026,132,1,8,1,1,Д
,,,,,,,,,панкратион классический - весовая категория 46 кг,026,133,1,8,1,1,Н
,,,,,,,,,панкратион классический - весовая категория 49 кг,026,134,1,8,1,1,Д
,,,,,,,,,панкратион классический - весовая категория 50 кг,026,135,1,8,1,1,Ю
,,,,,,,,,панкратион классический - весовая категория 52 кг,026,136,1,8,1,1,Д
,,,,,,,,,панкратион классический - весовая категория 53 кг,026,137,1,8,1,1,Б
,,,,,,,,,панкратион классический - весовая категория 54 кг,026,138,1,8,1,1,Ю
,,,,,,,,,панкратион классический - весовая категория 56 кг,026,169,1,8,1,1,Д
,,,,,,,,,панкратион классический - весовая категория 57 кг,026,170,1,8,1,1,А
,,,,,,,,,панкратион классический - весовая категория 58 кг,026,139,1,8,1,1,С
,,,,,,,,,панкратион классический - весовая категория 60 кг,026,140,1,8,1,1,Д
,,,,,,,,,панкратион классический - весовая категория 62 кг,026,141,1,8,1,1,А
,,,,,,,,,панкратион классический - весовая категория 63 кг,026,142,1,8,1,1,Ю
,,,,,,,,,панкратион классический - весовая категория 64 кг,026,143,1,8,1,1,Б
,,,,,,,,,панкратион классический - весовая категория 65 кг,026,144,1,8,1,1,Д
,,,,,,,,,панкратион классический - весовая категория 65+ кг,026,145,1,8,1,1,Д
,,,,,,,,,панкратион классический - весовая категория 66 кг,026,146,1,8,1,1,А
,,,,,,,,,панкратион классический - весовая категория 69 кг,026,147,1,8,1,1,Ю
,,,,,,,,,панкратион классический - весовая категория 71 кг,026,148,1,8,1,1,Я
,,,,,,,,,панкратион классический - весовая категория 71+ кг,026,149,1,8,1,1,Б
,,,,,,,,,панкратион классический - весовая категория 76 кг,026,150,1,8,1,1,Ю
,,,,,,,,,панкратион классический - весовая категория 77 кг,026,151,1,8,1,1,А
,,,,,,,,,панкратион классический - весовая категория 84 кг,026,152,1,8,1,1,А
,,,,,,,,,панкратион классический - весовая категория 85 кг,026,153,1,8,1,1,Ю
,,,,,,,,,панкратион классический - весовая категория 85+ кг,026,154,1,8,1,1,Ю
,,,,,,,,,панкратион классический - весовая категория 92 кг,026,155,1,8,1,1,А
,,,,,,,,,панкратион классический - весовая категория 92+ кг,026,156,1,8,1,1,Ю
,,,,,,,,,панкратион классический - весовая категория 100 кг,026,157,1,8,1,1,М
,,,,,,,,,панкратион классический - весовая категория 100+ кг,026,158,1,8,1,1,М
,,,,,,,,,панкратион традиционный - весовая категория 30 кг,026,171,1,8,1,1,Д
,,,,,,,,,панкратион традиционный - весовая категория 32 кг,026,172,1,8,1,1,Н
,,,,,,,,,панкратион традиционный - весовая категория 34 кг,026,173,1,8,1,1,Д
,,,,,,,,,панкратион традиционный - весовая категория 35 кг,026,174,1,8,1,1,Ю
,,,,,,,,,панкратион традиционный - весовая категория 37 кг,026,175,1,8,1,1,Д
,,,,,,,,,панкратион традиционный - весовая категория 38 кг,026,176,1,8,1,1,Н
,,,,,,,,,панкратион традиционный - весовая категория 40 кг,026,177,1,8,1,1,Д
,,,,,,,,,панкратион традиционный - весовая категория 42 кг,026,178,1,8,1,1,Ю
,,,,,,,,,панкратион традиционный - весовая категория 43 кг,026,179,1,8,1,1,Д
,,,,,,,,,панкратион традиционный - весовая категория 44 кг,026,180,1,8,1,1,Д
,,,,,,,,,панкратион традиционный - весовая категория 46 кг,026,181,1,8,1,1,Н
,,,,,,,,,панкратион традиционный - весовая категория 47 кг,026,182,1,8,1,1,Ю
,,,,,,,,,панкратион традиционный - весовая категория 48 кг,026,183,1,8,1,1,Д
,,,,,,,,,панкратион традиционный - весовая категория 49 кг,026,184,1,8,1,1,Д
,,,,,,,,,панкратион традиционный - весовая категория 50 кг,026,185,1,8,1,1,Ю
,,,,,,,,,панкратион традиционный - весовая категория 52 кг,026,186,1,8,1,1,Д
,,,,,,,,,панкратион традиционный - весовая категория 53 кг,026,187,1,8,1,1,С
,,,,,,,,,панкратион традиционный - весовая категория 54 кг,026,188,1,8,1,1,Ю
,,,,,,,,,панкратион традиционный - весовая категория 56 кг,026,189,1,8,1,1,Д
,,,,,,,,,панкратион традиционный - весовая категория 57 кг,026,190,1,8,1,1,Ф
,,,,,,,,,панкратион традиционный - весовая категория 57+ кг,026,191,1,8,1,1,Д
,,,,,,,,,панкратион традиционный - весовая категория 58 кг,026,192,1,8,1,1,С
,,,,,,,,,панкратион традиционный - весовая категория 59 кг,026,193,1,8,1,1,Ю
,,,,,,,,,панкратион традиционный - весовая категория 60 кг,026,194,1,8,1,1,Д
,,,,,,,,,панкратион традиционный - весовая категория 62 кг,026,195,1,8,1,1,А
,,,,,,,,,панкратион традиционный - весовая категория 63 кг,026,196,1,8,1,1,Ю
,,,,,,,,,панкратион традиционный - весовая категория 64 кг,026,197,1,8,1,1,Б
,,,,,,,,,панкратион традиционный - весовая категория 65 кг,026,198,1,8,1,1,Д
,,,,,,,,,панкратион традиционный - весовая категория 65+ кг,026,199,1,8,1,1,Д
,,,,,,,,,панкратион традиционный - весовая категория 66 кг,026,200,1,8,1,1,А
,,,,,,,,,панкратион традиционный - весовая категория 69 кг,026,201,1,8,1,1,Ю
,,,,,,,,,панкратион традиционный - весовая категория 71 кг,026,202,1,8,1,1,Я
,,,,,,,,,панкратион традиционный - весовая категория 71+ кг,026,203,1,8,1,1,Б
,,,,,,,,,панкратион традиционный - весовая категория 73 кг,026,204,1,8,1,1,Ю
,,,,,,,,,панкратион традиционный - весовая категория 76 кг,026,205,1,8,1,1,Ю
,,,,,,,,,панкратион традиционный - весовая категория 77 кг,026,206,1,8,1,1,А
,,,,,,,,,панкратион традиционный - весовая категория 84 кг,026,207,1,8,1,1,А
,,,,,,,,,панкратион традиционный - весовая категория 85 кг,026,208,1,8,1,1,Ю
,,,,,,,,,панкратион традиционный - весовая категория 85+ кг,026,209,1,8,1,1,Ю
,,,,,,,,,панкратион традиционный - весовая категория 92 кг,026,210,1,8,1,1,А
,,,,,,,,,панкратион традиционный - весовая категория 92+ кг,026,211,1,8,1,1,Ю
,,,,,,,,,панкратион традиционный - весовая категория 100 кг,026,212,1,8,1,1,М
,,,,,,,,,панкратион традиционный - весовая категория 100+ кг,026,213,1,8,1,1,М
,,,,,,,,,пляжная борьба - весовая категория 40 кг,026,252,1,8,1,1,Д
,,,,,,,,,пляжная борьба - весовая категория 45 кг,026,253,1,8,1,1,Н
,,,,,,,,,пляжная борьба - весовая категория 50 кг,026,254,1,8,1,1,С
,,,,,,,,,пляжная борьба - весовая категория 55 кг,026,255,1,8,1,1,Н
,,,,,,,,,пляжная борьба - весовая категория 60 кг,026,256,1,8,1,1,С
,,,,,,,,,пляжная борьба - весовая категория 65 кг,026,257,1,8,1,1,Н
,,,,,,,,,пляжная борьба - весовая категория 70 кг,026,258,1,8,1,1,Я
,,,,,,,,,пляжная борьба - весовая категория 70+ кг,026,259,1,8,1,1,Б
,,,,,,,,,пляжная борьба - весовая категория 75 кг,026,260,1,8,1,1,Ю
,,,,,,,,,пляжная борьба - весовая категория 80 кг,026,261,1,8,1,1,А
,,,,,,,,,пляжная борьба - весовая категория 90 кг,026,262,1,8,1,1,А
,,,,,,,,,пляжная борьба - весовая категория 90+ кг,026,263,1,8,1,1,А
110,Спортивно-прикладное собаководство,098,000,5,3,1,1,Я,защитно-караульная служба,098,001,1,8,1,1,Я
,,,,,,,,,общий курс дрессировки,098,002,1,8,1,1,Я
,,,,,,,,,послушание (обидиенс),098,003,1,8,1,1,Я
,,,,,,,,,поисково-спасательная служба,098,004,1,8,1,1,Я
,,,,,,,,,следовая работа,098,005,1,8,1,1,Я
,,,,,,,,,служба спасения на водах,098,006,1,8,1,1,Я
,,,,,,,,,буксировка лыжника,098,007,3,8,1,1,Я
,,,,,,,,,двоеборье (общий курс дрессировки + защитно-караульная служба),098,008,1,8,1,1,Я
,,,,,,,,,зимнее многоборье,098,009,3,8,1,1,Я
,,,,,,,,,троеборье,098,010,1,8,1,1,Я
,,,,,,,,,IGP (служебное троеборье),098,011,1,8,1,1,Я
,,,,,,,,,пятиборье,098,012,1,8,1,1,Я
,,,,,,,,,танцы с собаками - произвольный стиль,098,013,1,8,1,1,Л
,,,,,,,,,танцы с собаками - движение рядом под музыку,098,014,1,8,1,1,Л
,,,,,,,,,скоростное двоеборье - высота в холке от 15 см,098,015,1,8,1,1,Я
,,,,,,,,,скоростное двоеборье - высота в холке от 35 см,098,016,1,8,1,1,Я
,,,,,,,,,скоростное двоеборье - высота в холке от 43 см,098,017,1,8,1,1,Я
,,,,,,,,,скоростное двоеборье - высота в холке от 15 см - группа,098,018,1,8,1,1,Я
,,,,,,,,,скоростное двоеборье - высота в холке от 35 см - группа,098,019,1,8,1,1,Я
,,,,,,,,,скоростное двоеборье - высота в холке от 43 см - группа,098,020,1,8,1,1,Я
111,Спортивное метание ножа,009,000,1,4,1,1,Я,дистанция 3 м,009,001,1,8,1,1,С
,,,,,,,,,дистанция 4 м,009,005,1,8,1,1,С
,,,,,,,,,дистанция 5 м,009,002,1,8,1,1,Я
,,,,,,,,,дистанция 6 м,009,006,1,8,1,1,Г
,,,,,,,,,дистанция 7 м,009,003,1,8,1,1,Г
,,,,,,,,,дистанция 8 м,009,007,1,8,1,1,М
,,,,,,,,,дистанция 9 м,009,004,1,8,1,1,М
,,,,,,,,,скоростное метание,009,008,1,8,1,1,Л
,,,,,,,,,ПОДА - дистанция 3 м (С),009,009,1,7,1,1,Л
,,,,,,,,,ПОДА - дистанция 3 м (Н),009,010,1,7,1,1,Л
,,,,,,,,,ПОДА - дистанция 3 м (В),009,011,1,7,1,1,Л
,,,,,,,,,ПОДА - дистанция 4 м (С),009,012,1,7,1,1,Л
,,,,,,,,,ПОДА - дистанция 4 м (Н),009,013,1,7,1,1,Л
,,,,,,,,,ПОДА - дистанция 4 м (В),009,014,1,7,1,1,Л
,,,,,,,,,ПОДА - дистанция 5 м (С),009,015,1,7,1,1,Л
,,,,,,,,,ПОДА - дистанция 5 м (Н),009,016,1,7,1,1,Л
,,,,,,,,,ПОДА - дистанция 5 м (В),009,017,1,7,1,1,Л
112,Спорт глухих,114,000,7,7,1,1,Я,армрестлинг - весовая категория  40 кг,114,001,1,7,1,1,Д
,,,,,,,,,армрестлинг - весовая категория  45 кг,114,002,1,7,1,1,Д
,,,,,,,,,армрестлинг - весовая категория  50 кг,114,003,1,7,1,1,С
,,,,,,,,,армрестлинг - весовая категория  55 кг,114,004,1,7,1,1,С
,,,,,,,,,армрестлинг - весовая категория  60 кг,114,005,1,7,1,1,Я
,,,,,,,,,армрестлинг - весовая категория  65 кг,114,006,1,7,1,1,Я
,,,,,,,,,армрестлинг - весовая категория  65+ кг,114,007,1,7,1,1,Д
,,,,,,,,,армрестлинг - весовая категория  70 кг,114,008,1,7,1,1,Г
,,,,,,,,,армрестлинг - весовая категория 70+ кг,114,009,1,7,1,1,Э
,,,,,,,,,армрестлинг - весовая категория 75 кг,114,010,1,7,1,1,М
,,,,,,,,,армрестлинг - весовая категория  80 кг,114,012,1,7,1,1,М
,,,,,,,,,армрестлинг - весовая категория  85 кг,114,013,1,7,1,1,М
,,,,,,,,,армрестлинг - весовая категория 90 кг,114,323,1,7,1,1,М
,,,,,,,,,армрестлинг - весовая категория  95 кг,114,014,1,7,1,1,М
,,,,,,,,,армрестлинг - весовая категория 100 кг,114,015,1,7,1,1,М
,,,,,,,,,армрестлинг - весовая категория 100+ кг,114,016,1,7,1,1,М
,,,,,,,,,бадминтон - одиночный разряд,114,019,2,7,1,1,Я
,,,,,,,,,бадминтон - парный разряд,114,020,2,7,1,1,Я
,,,,,,,,,бадминтон - смешанный парный разряд,114,021,2,7,1,1,Я
,,,,,,,,,бадминтон - командные соревнования,114,022,2,7,1,1,Я
,,,,,,,,,баскетбол,114,023,2,7,1,1,Я
,,,,,,,,,баскетбол 3х3,114,108,2,7,1,1,Л
,,,,,,,,,боулинг - личные соревнования,114,024,2,7,1,1,Я
,,,,,,,,,боулинг - парные соревнования,114,025,2,7,1,1,Я
,,,,,,,,,боулинг - тройки,114,026,2,7,1,1,Я
,,,,,,,,,боулинг - абсолютное,114,029,2,7,1,1,Я
,,,,,,,,,боулинг - командные соревнования,114,027,2,7,1,1,Я
,,,,,,,,,велосипедный спорт - маунтинбайк - индивидуальная гонка на время,114,083,1,7,1,1,М
,,,,,,,,,велосипедный спорт - маунтинбайк - кросс-кантри,114,252,1,7,1,1,Л
,,,,,,,,,велосипедный спорт - маунтинбайк - кросс - кантри - гонка с выбыванием,114,011,1,7,1,1,Л
,,,,,,,,,велосипедный спорт - маунтинбайк - кросс - кантри - марафон,114,284,1,7,1,1,Л
,,,,,,,,,велосипедный спорт - маунтинбайк - шорт-трек,114,253,1,7,1,1,Л
,,,,,,,,,велосипедный спорт - маунтинбайк - эстафета,114,254,1,7,1,1,Л
,,,,,,,,,велосипедный спорт - шоссе - индивидуальная гонка на время,114,082,1,7,1,1,Л
,,,,,,,,,велосипедный спорт - шоссе - критериум,114,089,1,7,1,1,Г
,,,,,,,,,велосипедный спорт - шоссе - спринт 1000 м,114,090,1,7,1,1,Г
,,,,,,,,,велосипедный спорт - шоссе - групповая гонка,114,088,1,7,1,1,Л
,,,,,,,,,волейбол,114,091,2,7,1,1,Я
,,,,,,,,,волейбол - пляжный,114,092,2,7,1,1,Я
,,,,,,,,,вольная борьба - весовая категория  38 кг,114,051,1,7,1,1,Ю
,,,,,,,,,вольная борьба - весовая категория  41 кг,114,052,1,7,1,1,Ю
,,,,,,,,,вольная борьба - весовая категория  44 кг,114,053,1,7,1,1,Ю
,,,,,,,,,вольная борьба - весовая категория  45 кг,114,054,1,7,1,1,Ю
,,,,,,,,,вольная борьба - весовая категория  48 кг,114,055,1,7,1,1,Ю
,,,,,,,,,вольная борьба - весовая категория  51 кг,114,056,1,7,1,1,Ю
,,,,,,,,,вольная борьба - весовая категория  52 кг,114,057,1,7,1,1,Ю
,,,,,,,,,вольная борьба - весовая категория  55 кг,114,058,1,7,1,1,Ю
,,,,,,,,,вольная борьба - весовая категория  57 кг,114,059,1,7,1,1,А
,,,,,,,,,вольная борьба - весовая категория  60 кг,114,060,1,7,1,1,Ю
,,,,,,,,,вольная борьба - весовая категория  61 кг,114,061,1,7,1,1,А
,,,,,,,,,вольная борьба - весовая категория  62 кг,114,062,1,7,1,1,Ю
,,,,,,,,,вольная борьба - весовая категория  65 кг,114,063,1,7,1,1,А
,,,,,,,,,вольная борьба - весовая категория  68 кг,114,064,1,7,1,1,Ю
,,,,,,,,,вольная борьба - весовая категория  70 кг,114,065,1,7,1,1,А
,,,,,,,,,вольная борьба - весовая категория  71 кг,114,066,1,7,1,1,Ю
,,,,,,,,,вольная борьба - весовая категория  74 кг,114,067,1,7,1,1,А
,,,,,,,,,вольная борьба - весовая категория  75 кг,114,068,1,7,1,1,Ю
,,,,,,,,,вольная борьба - весовая категория  79 кг,114,069,1,7,1,1,А
,,,,,,,,,вольная борьба - весовая категория  80 кг,114,070,1,7,1,1,Ю
,,,,,,,,,вольная борьба - весовая категория  85 кг,114,071,1,7,1,1,Ю
,,,,,,,,,вольная борьба - весовая категория  86 кг,114,072,1,7,1,1,А
,,,,,,,,,вольная борьба - весовая категория  92 кг,114,073,1,7,1,1,А
,,,,,,,,,вольная борьба - весовая категория  97 кг,114,074,1,7,1,1,А
,,,,,,,,,вольная борьба - весовая категория 110 кг,114,075,1,7,1,1,Ю
,,,,,,,,,вольная борьба - весовая категория 125 кг,114,076,1,7,1,1,А
,,,,,,,,,гандбол,114,263,2,7,1,1,Л
,,,,,,,,,гольф,114,272,2,7,1,1,Л
,,,,,,,,,горнолыжный спорт - скоростной спуск,114,255,3,7,1,1,Я
,,,,,,,,,горнолыжный спорт - супер - гигант,114,256,3,7,1,1,Я
,,,,,,,,,горнолыжный спорт - слалом - гигант,114,257,3,7,1,1,Я
,,,,,,,,,горнолыжный спорт - слалом,114,258,3,7,1,1,Я
,,,,,,,,,горнолыжный спорт - слалом - параллельный,114,109,3,7,1,1,Л
,,,,,,,,,горнолыжный спорт - супер - комбинация,114,259,3,7,1,1,Я
,,,,,,,,,греко-римская борьба - весовая категория  38 кг,114,077,1,7,1,1,Ю
,,,,,,,,,греко-римская борьба - весовая категория  41 кг,114,078,1,7,1,1,Ю
,,,,,,,,,греко-римская борьба - весовая категория  44 кг,114,079,1,7,1,1,Ю
,,,,,,,,,греко-римская борьба - весовая категория  45 кг,114,080,1,7,1,1,Ю
,,,,,,,,,греко-римская борьба - весовая категория  48 кг,114,081,1,7,1,1,Ю
,,,,,,,,,греко-римская борьба - весовая категория  51 кг,114,084,1,7,1,1,Ю
,,,,,,,,,греко-римская борьба - весовая категория  52 кг,114,085,1,7,1,1,Ю
,,,,,,,,,греко-римская борьба - весовая категория  55 кг,114,086,1,7,1,1,А
,,,,,,,,,греко-римская борьба - весовая категория  57 кг,114,087,1,7,1,1,Ю
,,,,,,,,,греко-римская борьба - весовая категория  62 кг,114,224,1,7,1,1,Ю
,,,,,,,,,греко-римская борьба - весовая категория  65 кг,114,225,1,7,1,1,Ю
,,,,,,,,,греко-римская борьба - весовая категория  60 кг,114,226,1,7,1,1,А
,,,,,,,,,греко-римская борьба - весовая категория  63 кг,114,227,1,7,1,1,А
,,,,,,,,,греко-римская борьба - весовая категория  67 кг,114,228,1,7,1,1,А
,,,,,,,,,греко-римская борьба - весовая категория  68 кг,114,229,1,7,1,1,Ю
,,,,,,,,,греко-римская борьба - весовая категория  71 кг,114,230,1,7,1,1,Ю
,,,,,,,,,греко-римская борьба - весовая категория  72 кг,114,231,1,7,1,1,А
,,,,,,,,,греко-римская борьба - весовая категория  75 кг,114,232,1,7,1,1,Ю
,,,,,,,,,греко-римская борьба - весовая категория  77 кг,114,233,1,7,1,1,А
,,,,,,,,,греко-римская борьба - весовая категория  80 кг,114,234,1,7,1,1,Ю
,,,,,,,,,греко-римская борьба - весовая категория  82 кг,114,277,1,7,1,1,А
,,,,,,,,,греко-римская борьба - весовая категория  85 кг,114,278,1,7,1,1,Ю
,,,,,,,,,греко-римская борьба - весовая категория  87 кг,114,279,1,7,1,1,А
,,,,,,,,,греко-римская борьба - весовая категория  92 кг,114,280,1,7,1,1,Ю
,,,,,,,,,греко-римская борьба - весовая категория  97 кг,114,281,1,7,1,1,А
,,,,,,,,,греко-римская борьба - весовая категория 110 кг,114,282,1,7,1,1,Ю
,,,,,,,,,греко-римская борьба - весовая категория 130 кг,114,283,1,7,1,1,А
,,,,,,,,,дзюдо - весовая категория  40 кг,114,030,1,7,1,1,Д
,,,,,,,,,дзюдо - весовая категория  44 кг,114,031,1,7,1,1,Д
,,,,,,,,,дзюдо - весовая категория  48 кг,114,033,1,7,1,1,Б
,,,,,,,,,дзюдо - весовая категория  50 кг,114,034,1,7,1,1,Ю
,,,,,,,,,дзюдо - весовая категория  52 кг,114,035,1,7,1,1,Б
,,,,,,,,,дзюдо - весовая категория  55 кг,114,036,1,7,1,1,Ю
,,,,,,,,,дзюдо - весовая категория  57 кг,114,037,1,7,1,1,Б
,,,,,,,,,дзюдо - весовая категория  60 кг,114,038,1,7,1,1,А
,,,,,,,,,дзюдо - весовая категория  63 кг,114,039,1,7,1,1,Б
,,,,,,,,,дзюдо - весовая категория  66 кг,114,040,1,7,1,1,А
,,,,,,,,,дзюдо - весовая категория  70 кг,114,041,1,7,1,1,Б
,,,,,,,,,дзюдо - весовая категория 70+ кг,114,032,1,7,1,1,Д
,,,,,,,,,дзюдо - весовая категория  73 кг,114,042,1,7,1,1,А
,,,,,,,,,дзюдо - весовая категория  78 кг,114,043,1,7,1,1,Ж
,,,,,,,,,дзюдо - весовая категория  78+ кг,114,044,1,7,1,1,Ж
,,,,,,,,,дзюдо - весовая категория  81 кг,114,045,1,7,1,1,А
,,,,,,,,,дзюдо - весовая категория  90 кг,114,046,1,7,1,1,А
,,,,,,,,,дзюдо - весовая категория  90+ кг,114,047,1,7,1,1,Ю
,,,,,,,,,дзюдо - весовая категория  100 кг,114,048,1,7,1,1,М
,,,,,,,,,дзюдо - весовая категория  100+ кг,114,049,1,7,1,1,М
,,,,,,,,,дзюдо - абсолютная категория,114,050,1,7,1,1,Л
,,,,,,,,,дзюдо - командные соревнования,114,287,1,7,1,1,Л
,,,,,,,,,дзюдо - ката - группа,114,288,1,7,1,1,Л
,,,,,,,,,каратэ - весовая категория  50 кг,114,093,1,7,1,1,Б
,,,,,,,,,каратэ - весовая категория  55 кг,114,094,1,7,1,1,Б
,,,,,,,,,каратэ - весовая категория  60 кг,114,095,1,7,1,1,А
,,,,,,,,,каратэ - весовая категория  61 кг,114,096,1,7,1,1,Б
,,,,,,,,,каратэ - весовая категория  67 кг,114,097,1,7,1,1,А
,,,,,,,,,каратэ - весовая категория  75 кг,114,098,1,7,1,1,А
,,,,,,,,,каратэ - весовая категория  68 кг,114,099,1,7,1,1,Б
,,,,,,,,,каратэ - весовая категория  68+ кг,114,100,1,7,1,1,Б
,,,,,,,,,каратэ - весовая категория  84 кг,114,101,1,7,1,1,А
,,,,,,,,,каратэ - весовая категория  84+ кг,114,261,1,7,1,1,А
,,,,,,,,,каратэ - абсолютная категория,114,267,1,7,1,1,Л
,,,,,,,,,каратэ - командные соревнования,114,269,1,7,1,1,Л
,,,,,,,,,каратэ - ката,114,264,1,7,1,1,Л
,,,,,,,,,каратэ - ката - группа,114,268,1,7,1,1,Л
,,,,,,,,,кёрлинг,114,260,4,7,1,1,Я
,,,,,,,,,кёрлинг - смешанные пары,114,342,4,7,1,1,Л
,,,,,,,,,легкая атлетика - бег с барьерами  60 м,114,183,1,7,1,1,Я
,,,,,,,,,легкая атлетика - бег с барьерами  100 м,114,182,1,7,1,1,Б
,,,,,,,,,легкая атлетика - бег с барьерами  110 м,114,184,1,7,1,1,А
,,,,,,,,,легкая атлетика - бег с барьерами  400 м,114,185,1,7,1,1,Я
,,,,,,,,,легкая атлетика - бег  60м,114,170,1,7,1,1,Я
,,,,,,,,,легкая атлетика - бег  100м,114,169,1,7,1,1,Я
,,,,,,,,,легкая атлетика - бег  200м,114,171,1,7,1,1,Я
,,,,,,,,,легкая атлетика - бег  300м,114,172,1,7,1,1,Я
,,,,,,,,,легкая атлетика - бег  400м,114,173,1,7,1,1,Я
,,,,,,,,,легкая атлетика - бег 400 м (круг 200 м),114,285,1,7,1,1,Л
,,,,,,,,,легкая атлетика - бег  800м,114,174,1,7,1,1,Я
,,,,,,,,,легкая атлетика - бег 800 м (круг 200 м),114,286,1,7,1,1,Л
,,,,,,,,,легкая атлетика - бег  1500м,114,175,1,7,1,1,Я
,,,,,,,,,легкая атлетика - бег 1500 м (круг 200 м),114,326,1,7,1,1,Л
,,,,,,,,,легкая атлетика - бег  3000м,114,176,1,7,1,1,Я
,,,,,,,,,легкая атлетика - бег 3000 м (круг 200 м),114,327,1,7,1,1,Л
,,,,,,,,,легкая атлетика - бег  5000м,114,177,1,7,1,1,Л
,,,,,,,,,легкая атлетика - бег 10 000м,114,178,1,7,1,1,Л
,,,,,,,,,легкая атлетика - бег по шоссе 15 км,114,179,1,7,1,1,Г
,,,,,,,,,"легкая атлетика - бег по шоссе 21,0975 км",114,180,1,7,1,1,Г
,,,,,,,,,"легкая атлетика - бег по шоссе 42,195 км",114,181,1,7,1,1,Л
,,,,,,,,,легкая атлетика - бег с препятствиями 2000 м,114,186,1,7,1,1,Я
,,,,,,,,,легкая атлетика - бег с препятствиями  3000 м,114,187,1,7,1,1,Я
,,,,,,,,,легкая атлетика - кросс  1 км,114,201,1,7,1,1,Я
,,,,,,,,,легкая атлетика - кросс  2 км,114,202,1,7,1,1,Я
,,,,,,,,,легкая атлетика - кросс  3 км,114,203,1,7,1,1,Я
,,,,,,,,,легкая атлетика - кросс  4 км,114,204,1,7,1,1,Я
,,,,,,,,,легкая атлетика - кросс  5 км,114,205,1,7,1,1,А
,,,,,,,,,легкая атлетика - кросс  6 км,114,206,1,7,1,1,Ж
,,,,,,,,,легкая атлетика - кросс  8 км,114,207,1,7,1,1,А
,,,,,,,,,легкая атлетика - кросс 12 км,114,208,1,7,1,1,М
,,,,,,,,,легкая атлетика - метание диска,114,196,1,7,1,1,Я
,,,,,,,,,легкая атлетика - метание копья,114,197,1,7,1,1,Я
,,,,,,,,,легкая атлетика - метание молота,114,198,1,7,1,1,Я
,,,,,,,,,легкая атлетика - прыжок в высоту,114,192,1,7,1,1,Я
,,,,,,,,,легкая атлетика - прыжок в длину,114,191,1,7,1,1,Я
,,,,,,,,,легкая атлетика - прыжок с шестом,114,194,1,7,1,1,Я
,,,,,,,,,легкая атлетика - прыжок тройной,114,193,1,7,1,1,Я
,,,,,,,,,легкая атлетика - толкание ядра,114,195,1,7,1,1,Я
,,,,,,,,,легкая атлетика - эстафета (4 х 100м),114,188,1,7,1,1,Я
,,,,,,,,,легкая атлетика - эстафета (4 х 200м),114,189,1,7,1,1,Я
,,,,,,,,,легкая атлетика - эстафета (4 х 400м),114,190,1,7,1,1,Я
,,,,,,,,,легкая атлетика - эстафета (4 х 400 м) (круг 200 м),114,328,1,7,1,1,Л
,,,,,,,,,легкая атлетика - эстафета (4 х 400 м) - смешанная,114,343,1,7,1,1,Я
,,,,,,,,,легкая атлетика - 10-борье,114,200,1,7,1,1,М
,,,,,,,,,легкая атлетика - 7-борье,114,199,1,7,1,1,Б
,,,,,,,,,легкая атлетика - 7-борье (круг 200 м),114,330,1,7,1,1,М
,,,,,,,,,легкая атлетика - 5-борье (круг 200 м),114,329,1,7,1,1,Ж
,,,,,,,,,лыжные гонки - классический стиль - спринт,114,155,3,7,1,1,Я
,,,,,,,,,лыжные гонки - классический стиль - спринт - группа,114,112,3,7,1,1,Л
,,,,,,,,,лыжные гонки - классический стиль - спринт - группа - смешанная,114,331,3,7,1,1,Л
,,,,,,,,,"лыжные гонки - классический стиль 3,3 км",114,341,3,7,1,1,Ж
,,,,,,,,,лыжные гонки - классический стиль   5 км,114,156,3,7,1,1,Я
,,,,,,,,,лыжные гонки - классический стиль  10 км,114,157,3,7,1,1,Я
,,,,,,,,,лыжные гонки - классический стиль  15 км,114,158,3,7,1,1,М
,,,,,,,,,лыжные гонки - масстарт 10 км,114,270,3,7,1,1,Ж
,,,,,,,,,лыжные гонки - масстарт 15 км,114,271,3,7,1,1,М
,,,,,,,,,"лыжные гонки - гонка преследования 6,6 км",114,339,3,7,1,1,Ж
,,,,,,,,,лыжные гонки - гонка преследования 10 км,114,340,3,7,1,1,М
,,,,,,,,,лыжные гонки - скиатлон (5км + 5км),114,167,3,7,1,1,Ж
,,,,,,,,,"лыжные гонки - скиатлон (7,5 км + 7,5 км)",114,332,3,7,1,1,М
,,,,,,,,,лыжные гонки - скиатлон (10км + 10км),114,168,3,7,1,1,М
,,,,,,,,,лыжные гонки - свободный стиль - спринт - группа,114,333,3,7,1,1,Л
,,,,,,,,,лыжные гонки - свободный стиль - спринт - группа - смешанная,114,126,3,7,1,1,Л
,,,,,,,,,лыжные гонки - свободный стиль  5 км,114,159,3,7,1,1,С
,,,,,,,,,лыжные гонки - свободный стиль 10 км,114,160,3,7,1,1,Я
,,,,,,,,,лыжные гонки - свободный стиль 15 км,114,161,3,7,1,1,Г
,,,,,,,,,лыжные гонки - свободный стиль 30 км,114,162,3,7,1,1,М
,,,,,,,,,лыжные гонки - эстафета (3 х 3км),114,163,3,7,1,1,Б
,,,,,,,,,лыжные гонки - эстафета (3 х 5км),114,165,3,7,1,1,С
,,,,,,,,,лыжные гонки - эстафета (3 х10км),114,164,3,7,1,1,М
,,,,,,,,,"лыжные гонки - эстафета смешанная (3 х 2,5 км)",114,334,3,7,1,1,Л
,,,,,,,,,лыжные гонки - эстафета смешанная (3м х 10км + 1ж х 5км),114,166,3,7,1,1,Л
,,,,,,,,,настольный теннис - командные соревнования,114,131,2,7,1,1,Я
,,,,,,,,,настольный теннис - одиночный разряд,114,128,2,7,1,1,Я
,,,,,,,,,настольный теннис - парный разряд,114,129,2,7,1,1,Я
,,,,,,,,,настольный теннис - смешанный парный разряд,114,130,2,7,1,1,Я
,,,,,,,,,плавание - баттерфляй  50 м,114,144,1,7,1,1,Я
,,,,,,,,,плавание - баттерфляй 100 м,114,145,1,7,1,1,Я
,,,,,,,,,плавание - баттерфляй  200 м,114,146,1,7,1,1,Я
,,,,,,,,,плавание - брасс  50 м,114,139,1,7,1,1,Я
,,,,,,,,,плавание - брасс  100 м,114,138,1,7,1,1,Я
,,,,,,,,,плавание - брасс  200 м,114,141,1,7,1,1,Я
,,,,,,,,,плавание - вольный стиль  50 м,114,132,1,7,1,1,Я
,,,,,,,,,плавание - вольный стиль  100 м,114,135,1,7,1,1,Я
,,,,,,,,,плавание - вольный стиль  1500 м,114,133,1,7,1,1,Г
,,,,,,,,,плавание - вольный стиль  200 м,114,136,1,7,1,1,Я
,,,,,,,,,плавание - вольный стиль  400 м,114,137,1,7,1,1,Я
,,,,,,,,,плавание - вольный стиль  800 м,114,134,1,7,1,1,К
,,,,,,,,,плавание - комплексное плавание 100 м,114,147,1,7,1,1,Я
,,,,,,,,,плавание - комплексное плавание 200 м,114,148,1,7,1,1,Я
,,,,,,,,,плавание - комплексное плавание 400 м,114,149,1,7,1,1,Я
,,,,,,,,,плавание - на спине   50 м,114,142,1,7,1,1,Я
,,,,,,,,,плавание - на спине  100 м,114,140,1,7,1,1,Я
,,,,,,,,,плавание - на спине  200 м,114,143,1,7,1,1,Я
,,,,,,,,,плавание - эстафета 4х50 м - вольный стиль,114,150,1,7,1,1,Я
,,,,,,,,,плавание - эстафета 4х100 м - вольный стиль,114,151,1,7,1,1,Я
,,,,,,,,,плавание - эстафета 4х100 м - вольный стиль - смешанная,114,275,1,7,1,1,Л
,,,,,,,,,плавание - эстафета 4х200 м - вольный стиль,114,152,1,7,1,1,Я
,,,,,,,,,плавание - эстафета 4х50 м - комбинированная,114,153,1,7,1,1,Я
,,,,,,,,,плавание - эстафета 4х100 м - комбинированная,114,154,1,7,1,1,Я
,,,,,,,,,плавание - эстафета 4х100 м - комбинированная - смешанная,114,276,1,7,1,1,Л
,,,,,,,,,"пулевая стрельба - ВП-40, винтовка пневматическая, 10 м, 40 выстрелов стоя",114,110,1,7,1,1,Я
,,,,,,,,,"пулевая стрельба - ВП-60, винтовка пневматическая, 10 м, 60 выстрелов стоя",114,111,1,7,1,1,Я
,,,,,,,,,"пулевая стрельба - МВ-20, винтовка малокалиберная, 25 или 50 м, 20 выстрелов с упора лежа",114,113,1,7,1,1,Н
,,,,,,,,,"пулевая стрельба - МВ-3х20, винтовка малокалиберная, 50 м, 60 выстрелов (3х20), три положения",114,115,1,7,1,1,Я
,,,,,,,,,"пулевая стрельба - МВ-3х40, винтовка малокалиберная, 50 м, 120 выстрелов (3х40), три положения",114,116,1,7,1,1,Я
,,,,,,,,,"пулевая стрельба - МВ-30, винтовка малокалиберная, 25 или 50 м, 30 выстрелов лежа",114,117,1,7,1,1,Я
,,,,,,,,,"пулевая стрельба - МВ-60, винтовка малокалиберная, 50 м, 60 выстрелов лежа",114,118,1,7,1,1,Я
,,,,,,,,,"пулевая стрельба - МП-30, пистолет малокалиберный стандартный, 25 м, 30 выстрелов, неподвижная мишень",114,122,1,7,1,1,Я
,,,,,,,,,"пулевая стрельба - МП-60, пистолет малокалиберный стандартный, 25 м, 60 выстрелов (30+30)",114,123,1,7,1,1,Я
,,,,,,,,,"пулевая стрельба - упражнение МПП-60, пистолет малокалиберный произвольный, 50 м, 60 выстрелов",114,124,1,7,1,1,Я
,,,,,,,,,"пулевая стрельба - МП-60СС, пистолет малокалиберный стандартный, 25 м, 60 выстрелов (2х30), скоростная стрельба по 5 мишеням, 8-6-4 секунды",114,262,1,7,1,1,Я
,,,,,,,,,"пулевая стрельба - МП-60М, пистолет малокалиберный стандартный, 25 м, 60 выстрелов (20+20+20), ограниченное время 150-20-10 секунд",114,125,1,7,1,1,Я
,,,,,,,,,"пулевая стрельба - ПП-20, пистолет пневматический, 10 м, 20 выстрелов стоя с упора (штатив)",114,119,1,7,1,1,Н
,,,,,,,,,"пулевая стрельба - ПП-40, пистолет пневматический, 10 м, 40 выстрелов",114,120,1,7,1,1,С
,,,,,,,,,"пулевая стрельба - ПП-60, пистолет пневматический, 10 м, 60 выстрелов",114,121,1,7,1,1,Г
,,,,,,,,,"пулевая стрельба - КП-60, крупнокалиберный пистолет или револьвер, 25 м, 60 выстрелов (30+30)",114,127,1,7,1,1,А
,,,,,,,,,"пулевая стрельба - ВП-ПС, винтовка пневматическая, 10 м, пара смешанная",114,337,1,7,1,1,Л
,,,,,,,,,"пулевая стрельба - ПП-ПС, пистолет пневматический, 10 м, пара смешанная",114,338,1,7,1,1,Л
,,,,,,,,,самбо - весовая категория 44 кг,114,294,1,7,1,1,Д
,,,,,,,,,самбо - весовая категория 47 кг,114,295,1,7,1,1,Д
,,,,,,,,,самбо - весовая категория 49 кг,114,296,1,7,1,1,Ю
,,,,,,,,,самбо - весовая категория 50 кг,114,297,1,7,1,1,Б
,,,,,,,,,самбо - весовая категория 53 кг,114,299,1,7,1,1,Ю
,,,,,,,,,самбо - весовая категория 54 кг,114,300,1,7,1,1,Б
,,,,,,,,,самбо - весовая категория 58 кг,114,301,1,7,1,1,А
,,,,,,,,,самбо - весовая категория 59 кг,114,302,1,7,1,1,Б
,,,,,,,,,самбо - весовая категория 64 кг,114,304,1,7,1,1,А
,,,,,,,,,самбо - весовая категория 65 кг,114,305,1,7,1,1,Б
,,,,,,,,,самбо - весовая категория 71 кг,114,307,1,7,1,1,А
,,,,,,,,,самбо - весовая категория 72 кг,114,310,1,7,1,1,Б
,,,,,,,,,самбо - весовая категория 79 кг,114,312,1,7,1,1,А
,,,,,,,,,самбо - весовая категория 80 кг,114,313,1,7,1,1,Б
,,,,,,,,,самбо - весовая категория 80+ кг,114,314,1,7,1,1,Б
,,,,,,,,,самбо - весовая категория 88 кг,114,318,1,7,1,1,А
,,,,,,,,,самбо - весовая категория 98 кг,114,319,1,7,1,1,А
,,,,,,,,,самбо - весовая категория 98+ кг,114,320,1,7,1,1,А
,,,,,,,,,сноуборд - биг-эйр,114,335,3,7,1,1,Л
,,,,,,,,,сноуборд - параллельный слалом-гигант,114,248,3,7,1,1,Я
,,,,,,,,,сноуборд - параллельный слалом,114,249,3,7,1,1,Я
,,,,,,,,,сноуборд - слоуп-стайл,114,273,3,7,1,1,Л
,,,,,,,,,сноуборд - сноуборд - кросс,114,250,3,7,1,1,Я
,,,,,,,,,сноуборд - хаф-пайп,114,251,3,7,1,1,Л
,,,,,,,,,спортивное ориентирование - кросс - классика,114,210,1,7,1,1,Я
,,,,,,,,,спортивное ориентирование - кросс - лонг,114,211,1,7,1,1,Я
,,,,,,,,,спортивное ориентирование - кросс - классика - общий старт,114,214,1,7,1,1,Л
,,,,,,,,,спортивное ориентирование - кросс - лонг - общий старт,114,215,1,7,1,1,Я
,,,,,,,,,спортивное ориентирование - кросс - спринт - общий старт,114,213,1,7,1,1,Я
,,,,,,,,,спортивное ориентирование - кросс - спринт,114,209,1,7,1,1,Я
,,,,,,,,,спортивное ориентирование - кросс - эстафета - 2 человека (1м + 1ж),114,344,1,7,1,1,Л
,,,,,,,,,спортивное ориентирование - кросс - эстафета - 3 человека,114,212,1,7,1,1,Я
,,,,,,,,,спортивное ориентирование - кросс - эстафета 4 человека (2м + 2ж),114,321,1,7,1,1,Л
,,,,,,,,,спортивное ориентирование - лыжная гонка - классика,114,217,3,7,1,1,Я
,,,,,,,,,спортивное ориентирование - лыжная гонка - лонг,114,218,3,7,1,1,Л
,,,,,,,,,спортивное ориентирование - лыжная гонка - классика - общий старт,114,222,3,7,1,1,Я
,,,,,,,,,спортивное ориентирование - лыжная гонка - спринт,114,216,3,7,1,1,Я
,,,,,,,,,спортивное ориентирование - лыжная гонка - эстафета - 3 человека,114,219,3,7,1,1,Я
,,,,,,,,,спортивное ориентирование - лыжная гонка - эстафета - маркированная трасса - 3 человека,114,220,3,7,1,1,Я
,,,,,,,,,спортивное ориентирование - лыжная гонка - маркированная трасса,114,221,3,7,1,1,Я
,,,,,,,,,теннис - одиночный разряд,114,105,2,7,1,1,Я
,,,,,,,,,теннис - парный  разряд,114,106,2,7,1,1,Я
,,,,,,,,,теннис - смешанный парный разряд,114,107,2,7,1,1,Я
,,,,,,,,,теннис - командные соревнования,114,336,2,7,1,1,Л
,,,,,,,,,тхэквондо - весовая категория 44 кг,114,235,1,7,1,1,Д
,,,,,,,,,тхэквондо - весовая категория 48 кг,114,237,1,7,1,1,Ю
,,,,,,,,,тхэквондо - весовая категория 49 кг,114,236,1,7,1,1,Б
,,,,,,,,,тхэквондо - весовая категория 55 кг,114,238,1,7,1,1,Н
,,,,,,,,,тхэквондо - весовая категория 57 кг,114,239,1,7,1,1,Ж
,,,,,,,,,тхэквондо - весовая категория 58 кг,114,240,1,7,1,1,А
,,,,,,,,,тхэквондо - весовая категория 63 кг,114,241,1,7,1,1,Н
,,,,,,,,,тхэквондо - весовая категория 63+ кг,114,345,1,7,1,1,Д
,,,,,,,,,тхэквондо - весовая категория 67 кг,114,242,1,7,1,1,Б
,,,,,,,,,тхэквондо - весовая категория 67+ кг,114,243,1,7,1,1,Ж
,,,,,,,,,тхэквондо - весовая категория 68 кг,114,244,1,7,1,1,А
,,,,,,,,,тхэквондо - весовая категория 73 кг,114,245,1,7,1,1,Ю
,,,,,,,,,тхэквондо - весовая категория 73+ кг,114,346,1,7,1,1,Ю
,,,,,,,,,тхэквондо - весовая категория 80 кг,114,246,1,7,1,1,М
,,,,,,,,,тхэквондо - весовая категория 80+ кг,114,247,1,7,1,1,М
,,,,,,,,,тхэквондо – пхумсэ – индивидуальная программа,114,265,1,7,1,1,Л
,,,,,,,,,тхэквондо – пхумсэ – двойки смешанные,114,289,1,7,1,1,Л
,,,,,,,,,тхэквондо – пхумсэ – тройки,114,290,1,7,1,1,Л
,,,,,,,,,футбол,114,028,2,7,1,1,Я
,,,,,,,,,футзал,114,223,2,7,1,1,Я
,,,,,,,,,хоккей,114,104,4,7,1,1,Г
,,,,,,,,,шахматы - командные соревнования,114,017,2,7,1,1,Я
,,,,,,,,,шахматы - личные соревнования,114,018,2,7,1,1,Я
,,,,,,,,,шахматы - блиц,114,266,2,7,1,1,Л
,,,,,,,,,шашки - русские шашки,114,102,2,7,1,1,Я
,,,,,,,,,шашки - русские шашки - быстрая игра,114,324,2,7,1,1,Л
,,,,,,,,,шашки - русские шашки - командные соревнования,114,322,2,7,1,1,Л
,,,,,,,,,шашки - стоклеточные шашки,114,103,2,7,1,1,Я
,,,,,,,,,шашки - стоклеточные шашки - быстрая игра,114,325,2,7,1,1,Л
,,,,,,,,,шашки - стоклеточные шашки - командные соревнования,114,274,2,7,1,1,Л
113,Спорт лиц с интеллектуальными нарушениями,149,000,7,7,1,1,Я,академическая гребля - четверка распашная с рулевым - смешанная,149,001,1,7,1,1,Я
,,,,,,,,,баскетбол,149,002,2,7,1,1,Я
,,,,,,,,,академическая гребля - индор - одиночная гребля 500 м,149,097,1,7,1,1,Л
,,,,,,,,,академическая гребля - индор - одиночная гребля 1000 м,149,098,1,7,1,1,Л
,,,,,,,,,бадминтон - одиночный разряд,149,099,2,7,1,1,Я
,,,,,,,,,бадминтон - парный разряд,149,100,2,7,1,1,Я
,,,,,,,,,бадминтон - смешанный парный разряд,149,101,2,7,1,1,Я
,,,,,,,,,бадминтон - командные соревнования,149,102,2,7,1,1,Я
,,,,,,,,,баскетбол 3х3,149,103,2,7,1,1,Я
,,,,,,,,,велоспорт-трек - гит с ходу 200 м,149,104,1,7,1,1,Я
,,,,,,,,,велоспорт-трек - гит с ходу 500 м,149,105,1,7,1,1,Я
,,,,,,,,,велоспорт-трек - гит с места 200 м,149,106,1,7,1,1,Я
,,,,,,,,,велоспорт-трек - гит с места 500 м,149,107,1,7,1,1,С
,,,,,,,,,велоспорт-трек - гит с места 1000 м,149,108,1,7,1,1,А
,,,,,,,,,велоспорт-трек - спринт,149,109,1,7,1,1,Я
,,,,,,,,,велоспорт-трек - командная гонка преследования 2 км,149,110,1,7,1,1,Я
,,,,,,,,,велоспорт-трек - командная гонка преследования 3 км,149,111,1,7,1,1,Я
,,,,,,,,,велоспорт-трек - командная гонка преследования 4 км,149,112,1,7,1,1,Я
,,,,,,,,,велоспорт-трек - командный спринт,149,113,1,7,1,1,Я
,,,,,,,,,велоспорт-трек - гонка преследования 4 км,149,114,1,7,1,1,М
,,,,,,,,,велоспорт-трек - гонка преследования 2 км,149,115,1,7,1,1,С
,,,,,,,,,велоспорт-трек - гонка преследования 3 км,149,116,1,7,1,1,Г
,,,,,,,,,велоспорт-трек - групповая гонка с выбыванием,149,117,1,7,1,1,С
,,,,,,,,,велоспорт-шоссе - индивидуальная гонка 50 км,149,003,1,7,1,1,А
,,,,,,,,,велоспорт-шоссе - индивидуальная гонка на время 5 км,149,118,1,7,1,1,Б
,,,,,,,,,велоспорт-шоссе - индивидуальная гонка на время 10 км,149,119,1,7,1,1,Я
,,,,,,,,,велоспорт-шоссе - индивидуальная гонка на время 15 км,149,120,1,7,1,1,Я
,,,,,,,,,велоспорт-шоссе - индивидуальная гонка на время 20 км,149,121,1,7,1,1,Я
,,,,,,,,,велоспорт-шоссе - индивидуальная гонка на время 25 км,149,122,1,7,1,1,С
,,,,,,,,,велоспорт-шоссе - индивидуальная гонка на время,149,123,1,7,1,1,Я
,,,,,,,,,велоспорт-шоссе - индивидуальная гонка на время в гору 10 км,149,124,1,7,1,1,Я
,,,,,,,,,велоспорт-шоссе - индивидуальная гонка на время в гору 15 км,149,125,1,7,1,1,Я
,,,,,,,,,велоспорт-шоссе - командная гонка 10 км,149,126,1,7,1,1,Б
,,,,,,,,,велоспорт-шоссе - командная гонка 25 км,149,127,1,7,1,1,Я
,,,,,,,,,велоспорт-шоссе - командная гонка 50 км,149,004,1,7,1,1,Б
,,,,,,,,,велоспорт-шоссе - парная гонка 25 км,149,128,1,7,1,1,Я
,,,,,,,,,велоспорт-шоссе - парная гонка 50 км,149,129,1,7,1,1,Г
,,,,,,,,,велоспорт-шоссе - групповая гонка 25 км,149,131,1,7,1,1,Я
,,,,,,,,,велоспорт-шоссе - групповая гонка 50 км,149,005,1,7,1,1,Я
,,,,,,,,,велоспорт-шоссе - критериум 40 км,149,130,1,7,1,1,С
,,,,,,,,,гандбол,149,132,2,7,1,1,А
,,,,,,,,,горнолыжный спорт - супер-гигант,149,006,3,7,1,1,Я
,,,,,,,,,горнолыжный спорт - слалом - гигант,149,007,3,7,1,1,Л
,,,,,,,,,горнолыжный спорт - слалом,149,008,3,7,1,1,Я
,,,,,,,,,дзюдо - весовая категория 24 кг,149,133,1,7,1,1,Н
,,,,,,,,,дзюдо - весовая категория 26 кг,149,134,1,7,1,1,Ю
,,,,,,,,,дзюдо - весовая категория 28 кг,149,135,1,7,1,1,Д
,,,,,,,,,дзюдо - весовая категория 30 кг,149,136,1,7,1,1,Ю
,,,,,,,,,дзюдо - весовая категория 32 кг,149,137,1,7,1,1,Д
,,,,,,,,,дзюдо - весовая категория 34 кг,149,138,1,7,1,1,Ю
,,,,,,,,,дзюдо - весовая категория 36 кг,149,139,1,7,1,1,Д
,,,,,,,,,дзюдо - весовая категория 38 кг,149,140,1,7,1,1,Ю
,,,,,,,,,дзюдо - весовая категория 40 кг,149,141,1,7,1,1,Д
,,,,,,,,,дзюдо - весовая категория 42 кг,149,142,1,7,1,1,Ю
,,,,,,,,,дзюдо - весовая категория 44 кг,149,009,1,7,1,1,Д
,,,,,,,,,дзюдо - весовая категория 48 кг,149,010,1,7,1,1,Б
,,,,,,,,,дзюдо - весовая категория 52 кг,149,011,1,7,1,1,Б
,,,,,,,,,дзюдо - весовая категория 57 кг,149,012,1,7,1,1,С
,,,,,,,,,дзюдо - весовая категория 60 кг,149,013,1,7,1,1,А
,,,,,,,,,дзюдо - весовая категория 63 кг,149,014,1,7,1,1,Б
,,,,,,,,,дзюдо - весовая категория 66 кг,149,015,1,7,1,1,А
,,,,,,,,,дзюдо - весовая категория 70 кг,149,016,1,7,1,1,Б
,,,,,,,,,дзюдо - весовая категория 73 кг,149,017,1,7,1,1,А
,,,,,,,,,дзюдо - весовая категория 78 кг,149,018,1,7,1,1,Б
,,,,,,,,,дзюдо - весовая категория 78+ кг,149,019,1,7,1,1,Я
,,,,,,,,,дзюдо - весовая категория 81 кг,149,020,1,7,1,1,А
,,,,,,,,,дзюдо - весовая категория 90 кг,149,021,1,7,1,1,А
,,,,,,,,,дзюдо - весовая категория 90+ кг,149,022,1,7,1,1,Ю
,,,,,,,,,дзюдо - весовая категория 100 кг,149,023,1,7,1,1,М
,,,,,,,,,дзюдо - весовая категория 100+ кг,149,024,1,7,1,1,М
,,,,,,,,,конный спорт - выездка 3-ий уровень,149,025,1,7,1,1,Я
,,,,,,,,,конный спорт - конкур,149,026,1,7,1,1,Я
,,,,,,,,,конный спорт - пробеги,149,027,1,7,1,1,Я
,,,,,,,,,лёгкая атлетика - бег 60 м,149,028,1,7,1,1,Я
,,,,,,,,,лёгкая атлетика - бег 100 м,149,029,1,7,1,1,Я
,,,,,,,,,лёгкая атлетика - бег 200 м,149,030,1,7,1,1,Я
,,,,,,,,,лёгкая атлетика - бег 400 м,149,031,1,7,1,1,Я
,,,,,,,,,легкая атлетика - бег 400 м (круг 200 м),149,143,1,7,1,1,Я
,,,,,,,,,лёгкая атлетика - бег 800 м,149,032,1,7,1,1,Я
,,,,,,,,,легкая атлетика - бег 800 м (круг 200 м),149,144,1,7,1,1,Я
,,,,,,,,,лёгкая атлетика - бег 1500 м,149,033,1,7,1,1,Я
,,,,,,,,,легкая атлетика - бег 1500 м (круг 200 м),149,145,1,7,1,1,Я
,,,,,,,,,лёгкая атлетика - бег 3000 м,149,034,1,7,1,1,Я
,,,,,,,,,легкая атлетика - бег 3000 м (круг 200 м),149,146,1,7,1,1,Я
,,,,,,,,,лёгкая атлетика - бег 5000 м,149,035,1,7,1,1,Л
,,,,,,,,,лёгкая атлетика - бег 10000 м,149,036,1,7,1,1,Л
,,,,,,,,,лёгкая атлетика - бег 60 м с барьерами,149,037,1,7,1,1,Я
,,,,,,,,,лёгкая атлетика - бег 110 м с барьерами,149,038,1,7,1,1,А
,,,,,,,,,лёгкая атлетика - бег 100 м с барьерами,149,039,1,7,1,1,Б
,,,,,,,,,лёгкая атлетика - бег 400 м с барьерами,149,040,1,7,1,1,Я
,,,,,,,,,лёгкая атлетика - бег 3000 м с препятствиями,149,041,1,7,1,1,Л
,,,,,,,,,"лёгкая атлетика - бег на шоссе 10 - 21,0975 км",149,042,1,7,1,1,Л
,,,,,,,,,лёгкая атлетика - эстафета 4x100 м,149,058,1,7,1,1,Я
,,,,,,,,,лёгкая атлетика - эстафета 4x200 м,149,059,1,7,1,1,Я
,,,,,,,,,легкая атлетика - эстафета 4 х 200 м (круг 200 м),149,147,1,7,1,1,Я
,,,,,,,,,лёгкая атлетика - эстафета 4x400 м,149,060,1,7,1,1,Я
,,,,,,,,,легкая атлетика - эстафета 4 х 400 м (круг 200 м),149,148,1,7,1,1,Я
,,,,,,,,,легкая атлетика - эстафета 100 м + 200 м + 400 м + 800 м,149,149,1,7,1,1,Я
,,,,,,,,,легкая атлетика - кросс 1 км,149,150,1,7,1,1,С
,,,,,,,,,легкая атлетика - кросс 2 км,149,151,1,7,1,1,С
,,,,,,,,,легкая атлетика - кросс 3 км,149,152,1,7,1,1,Я
,,,,,,,,,легкая атлетика - кросс 4 км,149,153,1,7,1,1,Б
,,,,,,,,,легкая атлетика - кросс 5 км,149,154,1,7,1,1,Б
,,,,,,,,,легкая атлетика - кросс 6 км,149,155,1,7,1,1,Я
,,,,,,,,,легкая атлетика - кросс 8 км,149,156,1,7,1,1,Б
,,,,,,,,,легкая атлетика - кросс 10 км,149,157,1,7,1,1,А
,,,,,,,,,легкая атлетика - кросс 12 км,149,158,1,7,1,1,М
,,,,,,,,,легкая атлетика - кросс - командные соревнования,149,159,1,7,1,1,Я
,,,,,,,,,лёгкая атлетика - ходьба 1500 м,149,052,1,7,1,1,Я
,,,,,,,,,лёгкая атлетика - ходьба 3000 м,149,053,1,7,1,1,Я
,,,,,,,,,лёгкая атлетика - ходьба 5000 м,149,054,1,7,1,1,Л
,,,,,,,,,лёгкая атлетика - ходьба 10000 м,149,055,1,7,1,1,Л
,,,,,,,,,лёгкая атлетика - ходьба 20 км,149,056,1,7,1,1,М
,,,,,,,,,лёгкая атлетика - ходьба 50 км,149,057,1,7,1,1,М
,,,,,,,,,лёгкая атлетика - прыжок в высоту,149,046,1,7,1,1,Я
,,,,,,,,,легкая атлетика - прыжок с шестом,149,160,1,7,1,1,А
,,,,,,,,,лёгкая атлетика - прыжок в длину,149,047,1,7,1,1,Я
,,,,,,,,,лёгкая атлетика - тройной прыжок,149,048,1,7,1,1,Л
,,,,,,,,,лёгкая атлетика - метание диска,149,043,1,7,1,1,Я
,,,,,,,,,лёгкая атлетика - метание молота,149,045,1,7,1,1,Л
,,,,,,,,,лёгкая атлетика - метание копья,149,044,1,7,1,1,Я
,,,,,,,,,лёгкая атлетика - толкание ядра,149,049,1,7,1,1,Я
,,,,,,,,,лёгкая атлетика - 5-борье,149,050,1,7,1,1,Л
,,,,,,,,,легкая атлетика - 5-борье (круг 200 м),149,161,1,7,1,1,Л
,,,,,,,,,лёгкая атлетика - 7-борье,149,051,1,7,1,1,Б
,,,,,,,,,легкая атлетика - 7-борье (круг 200 м),149,162,1,7,1,1,А
,,,,,,,,,легкая атлетика - 10-борье,149,163,1,7,1,1,М
,,,,,,,,,лыжные гонки - классический стиль - спринт,149,164,3,7,1,1,Я
,,,,,,,,,"лыжные гонки - классический стиль 2,5 км",149,064,3,7,1,1,Б
,,,,,,,,,лыжные гонки - классический стиль 3 км,149,165,3,7,1,1,Я
,,,,,,,,,лыжные гонки - классический стиль 5  км,149,065,3,7,1,1,Я
,,,,,,,,,"лыжные гонки - классический стиль 7,5 км",149,166,3,7,1,1,Л
,,,,,,,,,"лыжные гонки - классический стиль 7,5 км (масстарт)",149,167,3,7,1,1,Ж
,,,,,,,,,лыжные гонки - классический стиль 10 км,149,066,3,7,1,1,А
,,,,,,,,,"лыжные гонки - классический стиль 12,5 км (масстарт)",149,168,3,7,1,1,М
,,,,,,,,,лыжные гонки - классический стиль 15 км,149,169,3,7,1,1,Ю
,,,,,,,,,лыжные гонки - свободный стиль - спринт,149,170,3,7,1,1,Я
,,,,,,,,,"лыжные гонки - свободный стиль 2,5 км",149,061,3,7,1,1,Б
,,,,,,,,,лыжные гонки - свободный стиль 3 км,149,171,3,7,1,1,Я
,,,,,,,,,лыжные гонки - свободный стиль 5 км,149,062,3,7,1,1,Я
,,,,,,,,,"лыжные гонки - свободный стиль 7,5 км",149,172,3,7,1,1,Л
,,,,,,,,,"лыжные гонки - свободный стиль 7,5 км (масстарт)",149,173,3,7,1,1,Ж
,,,,,,,,,лыжные гонки - свободный стиль 10 км,149,063,3,7,1,1,А
,,,,,,,,,"лыжные гонки - свободный стиль 12,5 км (масстарт)",149,174,3,7,1,1,М
,,,,,,,,,лыжные гонки - свободный стиль 15 км,149,175,3,7,1,1,М
,,,,,,,,,лыжные гонки - эстафета 4х3 км,149,176,3,7,1,1,С
,,,,,,,,,лыжные гонки - эстафета 4х5 км,149,177,3,7,1,1,Г
,,,,,,,,,"лыжные гонки - эстафета 4х7,5 км",149,178,3,7,1,1,М
,,,,,,,,,настольный теннис - одиночный разряд,149,067,2,7,1,1,Я
,,,,,,,,,настольный теннис - одиночный разряд (ИН2),149,237,2,7,1,1,Л
,,,,,,,,,настольный теннис - парный разряд,149,068,2,7,1,1,Я
,,,,,,,,,настольный теннис - парный разряд (ИН2),149,238,2,7,1,1,Л
,,,,,,,,,настольный теннис - смешанный разряд,149,069,2,7,1,1,Я
,,,,,,,,,настольный теннис - смешанный разряд (ИН2),149,239,2,7,1,1,Л
,,,,,,,,,настольный теннис - командные соревнования,149,070,2,7,1,1,Л
,,,,,,,,,пауэрлифтинг - троеборье - весовая категория 43 кг,149,179,1,7,1,1,Д
,,,,,,,,,пауэрлифтинг - троеборье - весовая категория 47 кг,149,180,1,7,1,1,Б
,,,,,,,,,пауэрлифтинг - троеборье - весовая категория 52 кг,149,181,1,7,1,1,Б
,,,,,,,,,пауэрлифтинг - троеборье - весовая категория 53 кг,149,182,1,7,1,1,Ю
,,,,,,,,,пауэрлифтинг - троеборье - весовая категория 57 кг,149,183,1,7,1,1,Б
,,,,,,,,,пауэрлифтинг - троеборье - весовая категория 59 кг,149,184,1,7,1,1,А
,,,,,,,,,пауэрлифтинг - троеборье - весовая категория 63 кг,149,185,1,7,1,1,Б
,,,,,,,,,пауэрлифтинг - троеборье - весовая категория 66 кг,149,186,1,7,1,1,А
,,,,,,,,,пауэрлифтинг - троеборье - весовая категория 72 кг,149,187,1,7,1,1,Б
,,,,,,,,,пауэрлифтинг - троеборье - весовая категория 74 кг,149,188,1,7,1,1,А
,,,,,,,,,пауэрлифтинг - троеборье - весовая категория 83 кг,149,189,1,7,1,1,А
,,,,,,,,,пауэрлифтинг - троеборье - весовая категория 84 кг,149,190,1,7,1,1,Б
,,,,,,,,,пауэрлифтинг - троеборье - весовая категория 84+ кг,149,191,1,7,1,1,Б
,,,,,,,,,пауэрлифтинг - троеборье - весовая категория 93 кг,149,192,1,7,1,1,А
,,,,,,,,,пауэрлифтинг - троеборье - весовая категория 105 кг,149,193,1,7,1,1,А
,,,,,,,,,пауэрлифтинг - троеборье - весовая категория 120 кг,149,194,1,7,1,1,А
,,,,,,,,,пауэрлифтинг - троеборье - весовая категория 120+ кг,149,195,1,7,1,1,А
,,,,,,,,,плавание - баттерфляй 50 м,149,080,1,7,1,1,Я
,,,,,,,,,плавание - баттерфляй 50 м (ИН2),149,240,1,7,1,1,Я
,,,,,,,,,плавание - баттерфляй 50 м (бассейн 25 м),149,196,1,7,1,1,Я
,,,,,,,,,плавание - баттерфляй 50 м (бассейн 25 м) (ИН2),149,241,1,7,1,1,Л
,,,,,,,,,плавание - баттерфляй 100 м,149,081,1,7,1,1,Я
,,,,,,,,,плавание - баттерфляй 100 м (ИН2),149,242,1,7,1,1,Г
,,,,,,,,,плавание - баттерфляй 100 м (бассейн 25 м),149,197,1,7,1,1,Я
,,,,,,,,,плавание - баттерфляй  200 м,149,082,1,7,1,1,Л
,,,,,,,,,плавание - баттерфляй 200 м (бассейн 25 м),149,198,1,7,1,1,Л
,,,,,,,,,плавание - брасс 50 м,149,071,1,7,1,1,Я
,,,,,,,,,плавание - брасс 50 м (ИН2),149,243,1,7,1,1,Я
,,,,,,,,,плавание - брасс 50 м (бассейн 25 м),149,199,1,7,1,1,Я
,,,,,,,,,плавание - брасс 50 м (бассейн 25 м) (ИН2),149,244,1,7,1,1,Л
,,,,,,,,,плавание - брасс 100 м,149,072,1,7,1,1,Я
,,,,,,,,,плавание - брасс 100 м (ИН2),149,245,1,7,1,1,Я
,,,,,,,,,плавание - брасс 100 м (бассейн 25 м),149,200,1,7,1,1,Я
,,,,,,,,,плавание - брасс 100 м (бассейн 25 м) (ИН2),149,246,1,7,1,1,Л
,,,,,,,,,плавание - брасс 200 м,149,073,1,7,1,1,Я
,,,,,,,,,плавание - брасс 200 м (бассейн 25 м),149,201,1,7,1,1,Я
,,,,,,,,,плавание - вольный стиль 50 м,149,074,1,7,1,1,Я
,,,,,,,,,плавание - вольный стиль 50 м (ИН2),149,247,1,7,1,1,Я
,,,,,,,,,плавание - вольный стиль 50 м (бассейн 25 м),149,202,1,7,1,1,Я
,,,,,,,,,плавание - вольный стиль 50 м (бассейн 25 м) (ИН2),149,248,1,7,1,1,Л
,,,,,,,,,плавание - вольный стиль 100 м,149,075,1,7,1,1,Я
,,,,,,,,,плавание - вольный стиль 100 м (ИН2),149,249,1,7,1,1,Я
,,,,,,,,,плавание - вольный стиль 100 м (бассейн 25 м),149,203,1,7,1,1,Я
,,,,,,,,,плавание - вольный стиль 100 м (бассейн 25 м) (ИН2),149,250,1,7,1,1,Л
,,,,,,,,,плавание - вольный стиль 200 м,149,076,1,7,1,1,Я
,,,,,,,,,плавание - вольный стиль 200 м (ИН2),149,251,1,7,1,1,Я
,,,,,,,,,плавание - вольный стиль 200 м (бассейн 25 м),149,204,1,7,1,1,Я
,,,,,,,,,плавание - вольный стиль 200 м (бассейн 25 м) (ИН2),149,252,1,7,1,1,Л
,,,,,,,,,плавание - вольный стиль 400 м,149,077,1,7,1,1,Л
,,,,,,,,,плавание - вольный стиль 400 м (ИН2),149,253,1,7,1,1,Л
,,,,,,,,,плавание - вольный стиль 400 м (бассейн 25 м),149,205,1,7,1,1,Л
,,,,,,,,,плавание - вольный стиль 800 м,149,078,1,7,1,1,Ж
,,,,,,,,,плавание - вольный стиль 800 м (бассейн 25 м),149,206,1,7,1,1,Ж
,,,,,,,,,плавание - вольный стиль 1500 м,149,079,1,7,1,1,М
,,,,,,,,,плавание - вольный стиль 1500 м (бассейн 25 м),149,207,1,7,1,1,М
,,,,,,,,,плавание - на спине 50 м,149,083,1,7,1,1,Я
,,,,,,,,,плавание - на спине 50 м (ИН2),149,254,1,7,1,1,Я
,,,,,,,,,плавание - на спине 50 м (бассейн 25 м),149,208,1,7,1,1,Я
,,,,,,,,,плавание - на спине 50 м (бассейн 25 м) (ИН2),149,255,1,7,1,1,Л
,,,,,,,,,плавание - на спине 100 м,149,084,1,7,1,1,Я
,,,,,,,,,плавание - на спине 100 м (ИН2),149,256,1,7,1,1,Я
,,,,,,,,,плавание - на спине 100 м (бассейн 25 м),149,209,1,7,1,1,Я
,,,,,,,,,плавание - на спине 100 м (бассейн 25 м) (ИН2),149,257,1,7,1,1,Л
,,,,,,,,,плавание - на спине 200 м,149,085,1,7,1,1,Я
,,,,,,,,,плавание - на спине 200 м (бассейн 25 м),149,210,1,7,1,1,Я
,,,,,,,,,плавание - комплексное 100 м (бассейн 25 м),149,211,1,7,1,1,Я
,,,,,,,,,плавание - комплексное 100 м (бассейн 25 м) (ИН2),149,258,1,7,1,1,Л
,,,,,,,,,плавание - комплексное 200 м,149,086,1,7,1,1,Л
,,,,,,,,,плавание - комплексное 200 м (ИН2),149,259,1,7,1,1,Г
,,,,,,,,,плавание - комплексное 200 м (бассейн 25 м),149,212,1,7,1,1,Л
,,,,,,,,,плавание - комплексное 400 м,149,087,1,7,1,1,Л
,,,,,,,,,плавание - комплексное 400 м (бассейн 25 м),149,213,1,7,1,1,Л
,,,,,,,,,плавание - эстафета 4x50 м вольный стиль,149,088,1,7,1,1,Я
,,,,,,,,,плавание - эстафета 4х50 м вольный стиль (бассейн 25 м),149,214,1,7,1,1,Я
,,,,,,,,,плавание - эстафета 4x100 м вольный стиль,149,089,1,7,1,1,Я
,,,,,,,,,плавание - эстафета 4х100 м вольный стиль (бассейн 25 м),149,215,1,7,1,1,Я
,,,,,,,,,плавание - эстафета 4x100 м вольный стиль - смешанная,149,218,1,7,1,1,Я
,,,,,,,,,плавание - эстафета 4x100 м вольный стиль - смешанная (бассейн 25 м),149,219,1,7,1,1,Я
,,,,,,,,,плавание - эстафета 4x200 м вольный стиль,149,090,1,7,1,1,Л
,,,,,,,,,плавание - эстафета 4х200 м вольный стиль (бассейн 25 м),149,216,1,7,1,1,Л
,,,,,,,,,плавание - эстафета 4x50 м комбинированная,149,091,1,7,1,1,Я
,,,,,,,,,плавание - эстафета 4x50 м комбинированная (бассейн 25 м),149,217,1,7,1,1,Я
,,,,,,,,,плавание - эстафета 4x50 м - комбинированная (бассейн 25 м) (ИН2),149,260,1,7,1,1,Л
,,,,,,,,,плавание - эстафета 4x100 м комбинированная,149,092,1,7,1,1,Я
,,,,,,,,,плавание - эстафета 4x100 м комбинированная (бассейн 25 м),149,220,1,7,1,1,Я
,,,,,,,,,плавание - эстафета 4x100 м комбинированная - смешанная,149,221,1,7,1,1,Я
,,,,,,,,,спортивная гимнастика - бревно,149,222,1,7,1,1,Б
,,,,,,,,,спортивная гимнастика - вольные упражнения,149,223,1,7,1,1,Я
,,,,,,,,,спортивная гимнастика - кольца,149,224,1,7,1,1,А
,,,,,,,,,спортивная гимнастика - конь,149,225,1,7,1,1,А
,,,,,,,,,спортивная гимнастика - опорный прыжок,149,226,1,7,1,1,Я
,,,,,,,,,спортивная гимнастика - параллельные брусья,149,227,1,7,1,1,А
,,,,,,,,,спортивная гимнастика - перекладина,149,228,1,7,1,1,А
,,,,,,,,,спортивная гимнастика - разновысокие брусья,149,229,1,7,1,1,Б
,,,,,,,,,спортивная гимнастика - многоборье,149,230,1,7,1,1,Я
,,,,,,,,,спортивная гимнастика - командные соревнования,149,231,1,7,1,1,Я
,,,,,,,,,теннис - одиночный разряд,149,093,2,7,1,1,Я
,,,,,,,,,теннис - парный разряд,149,094,2,7,1,1,Я
,,,,,,,,,теннис - смешанный парный разряд,149,232,2,7,1,1,Л
,,,,,,,,,тхэквондо - пхумсэ - индивидуальная программа,149,233,1,7,1,1,Я
,,,,,,,,,тхэквондо - пхумсэ - двойки смешанные,149,234,1,7,1,1,Я
,,,,,,,,,тхэквондо - пхумсэ - тройки,149,235,1,7,1,1,Я
,,,,,,,,,тхэквондо - пхумсэ - пятерки смешанные,149,236,1,7,1,1,Я
,,,,,,,,,мини-футбол (футзал),149,095,2,7,1,1,Я
,,,,,,,,,футбол,149,096,2,7,1,1,А
114,Спорт лиц с поражением ОДА,116,000,7,7,1,1,Я,академическая гребля - одиночка,116,202,1,7,1,1,Л
,,,,,,,,,академическая гребля - двойка парная-микст,116,203,1,7,1,1,Л
,,,,,,,,,академическая гребля - двойка парная,116,204,1,7,1,1,М
,,,,,,,,,академическая гребля - четверка распашная с рулевым - микст,116,205,1,7,1,1,Л
,,,,,,,,,"академическая гребля - эргометр (PR1, PR2, PR3)",116,243,1,7,1,1,Л
,,,,,,,,,бадминтон - одиночный разряд,116,005,2,7,1,1,Я
,,,,,,,,,бадминтон - парный разряд,116,006,2,7,1,1,Я
,,,,,,,,,бадминтон - смешанный разряд,116,007,2,7,1,1,Я
,,,,,,,,,баскетбол на колясках,116,186,2,7,1,1,Я
,,,,,,,,,биатлон - гонка  6 км   (LW2 - LW9),116,002,3,7,1,1,Ж
,,,,,,,,,биатлон - гонка  6 км   (LW10 - LW12),116,003,3,7,1,1,Ж
,,,,,,,,,"биатлон - гонка  7,5 км   (LW10 - LW12)",116,069,3,7,1,1,Я
,,,,,,,,,"биатлон - гонка  7,5 км   (LW2 - LW9)",116,070,3,7,1,1,Я
,,,,,,,,,биатлон - гонка 10 км   (LW10 - LW12),116,074,3,7,1,1,Б
,,,,,,,,,биатлон - гонка 10 км   (LW2 - LW9),116,076,3,7,1,1,Я
,,,,,,,,,"биатлон - гонка 12,5 км   (LW1 - LW9)",116,073,3,7,1,1,Б
,,,,,,,,,"биатлон - гонка 12,5 км   (LW10 - LW12)",116,071,3,7,1,1,А
,,,,,,,,,"биатлон - гонка 12,5 км   (LW2 - LW9)",116,072,3,7,1,1,А
,,,,,,,,,биатлон - гонка 15 км   (LW2 - LW9),116,004,3,7,1,1,М
,,,,,,,,,биатлон - гонка 15 км   (LW10 - LW12),116,065,3,7,1,1,М
,,,,,,,,,биатлон - спринт    (LW10 - LW12),116,075,3,7,1,1,Я
,,,,,,,,,бочча (BC1),116,210,2,7,1,1,Я
,,,,,,,,,бочча (BC2),116,211,2,7,1,1,Я
,,,,,,,,,бочча (BC3),116,212,2,7,1,1,Я
,,,,,,,,,бочча (BC4),116,213,2,7,1,1,Я
,,,,,,,,,бочча - пара (BC3),116,066,2,7,1,1,Л
,,,,,,,,,бочча - пара (BC4),116,067,2,7,1,1,Л
,,,,,,,,,бочча - тройка (BC1+BC2),116,173,2,7,1,1,Л
,,,,,,,,,велоспорт - трек 500 м (C1-C5),116,214,1,7,1,1,Ж
,,,,,,,,,велоспорт - трек 1000 м (C1-C2),116,215,1,7,1,1,М
,,,,,,,,,велоспорт - трек 1000 м (C3),116,216,1,7,1,1,М
,,,,,,,,,велоспорт - трек 1000 м (C4-C5),116,217,1,7,1,1,М
,,,,,,,,,велоспорт - трек 3000 м (C1-C2),116,219,1,7,1,1,М
,,,,,,,,,велоспорт - трек 3000 м (C3),116,220,1,7,1,1,М
,,,,,,,,,велоспорт - трек 3000 м (C1-C4),116,218,1,7,1,1,Ж
,,,,,,,,,велоспорт - трек 3000 м (C5),116,017,1,7,1,1,Ж
,,,,,,,,,велоспорт - трек 4000 м (C4),116,221,1,7,1,1,М
,,,,,,,,,велоспорт - трек 4000 м (C5),116,077,1,7,1,1,М
,,,,,,,,,велоспорт - трек - командный спринт (C1-C5),116,482,1,7,1,1,Л
,,,,,,,,,велоспорт - трек - скретч - групповая гонка (C1-C3),116,483,1,7,1,1,Л
,,,,,,,,,велоспорт - трек - скретч - групповая гонка (C4-C5),116,484,1,7,1,1,Л
,,,,,,,,,велоспорт - шоссе - индивидуальная гонка (C1-C2),116,223,1,7,1,1,М
,,,,,,,,,велоспорт - шоссе - индивидуальная гонка (C3),116,224,1,7,1,1,М
,,,,,,,,,велоспорт - шоссе - индивидуальная гонка (C4),116,225,1,7,1,1,М
,,,,,,,,,велоспорт - шоссе - индивидуальная гонка (C1-C4),116,222,1,7,1,1,Ж
,,,,,,,,,велоспорт - шоссе - индивидуальная гонка (C5),116,078,1,7,1,1,Л
,,,,,,,,,велоспорт - шоссе - индивидуальная гонка (H1-H3),116,226,1,7,1,1,Л
,,,,,,,,,велоспорт - шоссе - индивидуальная гонка (Н4-Н5),116,089,1,7,1,1,Л
,,,,,,,,,велоспорт - шоссе - индивидуальная гонка (T1-T2),116,227,1,7,1,1,Л
,,,,,,,,,велоспорт - шоссе - групповая гонка (C1-C2),116,229,1,7,1,1,М
,,,,,,,,,велоспорт - шоссе - групповая гонка (С3),116,230,1,7,1,1,М
,,,,,,,,,велоспорт - шоссе - групповая гонка (C4-C5),116,231,1,7,1,1,М
,,,,,,,,,велоспорт - шоссе - групповая гонка (C1-C5),116,228,1,7,1,1,Ж
,,,,,,,,,велоспорт - шоссе - групповая гонка (Н1-Н3),116,094,1,7,1,1,М
,,,,,,,,,велоспорт - шоссе - групповая гонка (H4-H5),116,233,1,7,1,1,М
,,,,,,,,,велоспорт - шоссе - групповая гонка (H1-H5),116,232,1,7,1,1,Ж
,,,,,,,,,велоспорт - шоссе - групповая гонка (T1-T2),116,234,1,7,1,1,Л
,,,,,,,,,велоспорт - шоссе - эстафета (Н1-Н5),116,485,1,7,1,1,Л
,,,,,,,,,волейбол сидя,116,068,2,7,1,1,Я
,,,,,,,,,"горнолыжный спорт - слалом - гигант (LW1-LW9, LW10-LW12)",116,165,3,7,1,1,Л
,,,,,,,,,"горнолыжный спорт - скоростной спуск (LW1-LW9, LW10-LW12)",116,166,3,7,1,1,Л
,,,,,,,,,"горнолыжный спорт - слалом (LW1-LW9, LW10-LW12)",116,167,3,7,1,1,Л
,,,,,,,,,"горнолыжный спорт - супер - гигант (LW1-LW9, LW10-LW12)",116,193,3,7,1,1,Л
,,,,,,,,,"горнолыжный спорт - супер - комбинация (LW1-LW9, LW10-LW12)",116,252,3,7,1,1,Л
,,,,,,,,,гребля на байдарках и каноэ - дистанция 200 м (KL-1),116,256,1,7,1,1,Л
,,,,,,,,,гребля на байдарках и каноэ - дистанция 200 м (KL-2),116,103,1,7,1,1,М
,,,,,,,,,гребля на байдарках и каноэ - дистанция 200 м (KL-3),116,120,1,7,1,1,М
,,,,,,,,,"гребля на байдарках и каноэ - дистанция 200 м (KL-2, KL-3)",116,134,1,7,1,1,Ж
,,,,,,,,,гребля на байдарках и каноэ - дистанция 200 м (VL-1),116,152,1,7,1,1,М
,,,,,,,,,гребля на байдарках и каноэ - дистанция 200 м (VL-2),116,154,1,7,1,1,М
,,,,,,,,,гребля на байдарках и каноэ - дистанция 200 м (VL-3),116,155,1,7,1,1,М
,,,,,,,,,"гребля на байдарках и каноэ - дистанция 200 м (VL-1, VL-2, VL-3)",116,257,1,7,1,1,Ж
,,,,,,,,,дартс - большой раунд,116,013,2,7,1,1,Я
,,,,,,,,,дартс - крикет,116,015,2,7,1,1,Я
,,,,,,,,,дартс - одиночный разряд,116,012,2,7,1,1,Я
,,,,,,,,,дартс - парный разряд,116,014,2,7,1,1,Я
,,,,,,,,,дартс - сектор - 20,116,016,2,7,1,1,Я
,,,,,,,,,конный спорт - выездка - обязательная программа 1 уровень,116,008,1,7,1,1,Л
,,,,,,,,,конный спорт - выездка - обязательная программа 2 уровень,116,009,1,7,1,1,Л
,,,,,,,,,конный спорт - выездка - обязательная программа 3 уровень,116,010,1,7,1,1,Л
,,,,,,,,,конный спорт - выездка - обязательная программа 4 уровень,116,011,1,7,1,1,Л
,,,,,,,,,конный спорт - выездка - обязательная программа 5 уровень,116,049,1,7,1,1,Л
,,,,,,,,,конный спорт - выездка - произвольная программа 1 уровень,116,156,1,7,1,1,Л
,,,,,,,,,конный спорт - выездка - произвольная программа 2 уровень,116,157,1,7,1,1,Л
,,,,,,,,,конный спорт - выездка - произвольная программа 3 уровень,116,161,1,7,1,1,Л
,,,,,,,,,конный спорт - выездка - произвольная программа 4 уровень,116,182,1,7,1,1,Л
,,,,,,,,,конный спорт - выездка - произвольная программа 5 уровень,116,244,1,7,1,1,Л
,,,,,,,,,конный спорт - выездка - командные соревнования,116,302,1,7,1,1,Л
,,,,,,,,,легкая атлетика - бег 60 м (Т35),116,050,1,7,1,1,А
,,,,,,,,,"легкая атлетика - бег 60 м (Т35, T36)",116,051,1,7,1,1,Ж
,,,,,,,,,легкая атлетика - бег 60 м (Т35-T38),116,052,1,7,1,1,Д
,,,,,,,,,легкая атлетика - бег 60 м (Т36),116,053,1,7,1,1,А
,,,,,,,,,"легкая атлетика - бег 60 м (Т37, T38)",116,054,1,7,1,1,Г
,,,,,,,,,"легкая атлетика - бег 60 м (Т42-T45, T61-T64)",116,055,1,7,1,1,А
,,,,,,,,,"легкая атлетика - бег 60 м (Т42-T47, T61-T64)",116,056,1,7,1,1,Б
,,,,,,,,,"легкая атлетика - бег 60 м (Т46,T47)",116,057,1,7,1,1,А
,,,,,,,,,легкая атлетика - бег 100 м (RR1-3 или T71-72),116,047,1,7,1,1,Л
,,,,,,,,,легкая атлетика - бег 100 м (Т33),116,058,1,7,1,1,Л
,,,,,,,,,легкая атлетика - бег 100 м (Т33-T35),116,059,1,7,1,1,Ю
,,,,,,,,,легкая атлетика - бег 100 м (Т33-T36),116,060,1,7,1,1,Д
,,,,,,,,,легкая атлетика - бег 100 м (Т34),116,061,1,7,1,1,Л
,,,,,,,,,легкая атлетика - бег 100 м (T35),116,062,1,7,1,1,Л
,,,,,,,,,легкая атлетика - бег 100 м (Т36),116,063,1,7,1,1,Г
,,,,,,,,,легкая атлетика - бег 100 м (Т37),116,064,1,7,1,1,Г
,,,,,,,,,"легкая атлетика - бег 100 м (Т37, T38)",116,096,1,7,1,1,Д
,,,,,,,,,легкая атлетика - бег 100 м (Т38),116,097,1,7,1,1,Г
,,,,,,,,,"легкая атлетика - бег 100 м (Т42, T63)",116,098,1,7,1,1,Л
,,,,,,,,,"легкая атлетика - бег 100 м (Т42-T47, T61-T64)",116,099,1,7,1,1,Н
,,,,,,,,,"легкая атлетика - бег 100 м (Т44, T62, T64)",116,100,1,7,1,1,Л
,,,,,,,,,легкая атлетика - бег 100 м (Т45-T47),116,101,1,7,1,1,Л
,,,,,,,,,легкая атлетика - бег 100 м (Т51),116,102,1,7,1,1,Л
,,,,,,,,,легкая атлетика - бег 100 м (Т52),116,104,1,7,1,1,Л
,,,,,,,,,легкая атлетика - бег 100 м (Т53),116,105,1,7,1,1,Л
,,,,,,,,,легкая атлетика - бег 100 м (Т54),116,106,1,7,1,1,Л
,,,,,,,,,"легкая атлетика - бег 200 м (Т33, T34)",116,107,1,7,1,1,Л
,,,,,,,,,легкая атлетика - бег 200 м (Т33-T35),116,108,1,7,1,1,Ю
,,,,,,,,,легкая атлетика - бег 200 м (Т33-T38),116,109,1,7,1,1,Д
,,,,,,,,,легкая атлетика - бег 200 м (T35),116,110,1,7,1,1,Л
,,,,,,,,,легкая атлетика - бег 200 м (Т36),116,111,1,7,1,1,Г
,,,,,,,,,легкая атлетика - бег 200 м (Т37),116,112,1,7,1,1,Л
,,,,,,,,,"легкая атлетика - бег 200 м (Т37, T38)",116,113,1,7,1,1,Ю
,,,,,,,,,легкая атлетика - бег 200 м (T38),116,114,1,7,1,1,Л
,,,,,,,,,"легкая атлетика - бег 200 м (T42, T43, T62, T63)",116,115,1,7,1,1,Л
,,,,,,,,,"легкая атлетика - бег 200 м (Т42-T47, T61-T64)",116,116,1,7,1,1,Н
,,,,,,,,,"легкая атлетика - бег 200 м (Т44, T64)",116,117,1,7,1,1,Л
,,,,,,,,,легкая атлетика - бег 200 м (Т45-T47),116,118,1,7,1,1,Л
,,,,,,,,,легкая атлетика - бег 200 м (Т51),116,119,1,7,1,1,Л
,,,,,,,,,легкая атлетика - бег 200 м (Т52),116,121,1,7,1,1,Л
,,,,,,,,,легкая атлетика - бег 200 м (Т53),116,122,1,7,1,1,Л
,,,,,,,,,легкая атлетика - бег 200 м (T54),116,123,1,7,1,1,Л
,,,,,,,,,легкая атлетика - бег 200 м (T61),116,124,1,7,1,1,Л
,,,,,,,,,"легкая атлетика - бег 400 м (Т35, T36)",116,125,1,7,1,1,Г
,,,,,,,,,легкая атлетика - бег 400 м (Т35-T38),116,126,1,7,1,1,Д
,,,,,,,,,легкая атлетика - бег 400 м (Т37),116,127,1,7,1,1,Л
,,,,,,,,,"легкая атлетика - бег 400 м (Т37, T38)",116,128,1,7,1,1,Ю
,,,,,,,,,легкая атлетика - бег 400 м (Т38),116,129,1,7,1,1,Л
,,,,,,,,,"легкая атлетика - бег 400 м (T42, T43, T61, T63, T64)",116,130,1,7,1,1,Л
,,,,,,,,,"легкая атлетика - бег 400 м (Т42, T43, T61-T64)",116,131,1,7,1,1,Н
,,,,,,,,,легкая атлетика - бег 400 м (Т45-T47),116,132,1,7,1,1,Л
,,,,,,,,,"легкая атлетика - бег 400 м (Т51, T52)",116,133,1,7,1,1,Л
,,,,,,,,,легкая атлетика - бег 400 м (Т53),116,135,1,7,1,1,Л
,,,,,,,,,легкая атлетика - бег 400 м (Т54),116,136,1,7,1,1,Л
,,,,,,,,,легкая атлетика - бег 400 м (Т62),116,137,1,7,1,1,Л
,,,,,,,,,"легкая атлетика - бег 800 м (Т33, T34)",116,138,1,7,1,1,Л
,,,,,,,,,легкая атлетика - бег 800 м (Т36),116,139,1,7,1,1,М
,,,,,,,,,легкая атлетика - бег 800 м (Т36-Т38),116,140,1,7,1,1,Ж
,,,,,,,,,"легкая атлетика - бег 800 м (T36-T38, Т45-Т47, Т51-T54)",116,141,1,7,1,1,Н
,,,,,,,,,"легкая атлетика - бег 800 м (Т37, T38)",116,142,1,7,1,1,М
,,,,,,,,,легкая атлетика - бег 800 м (Т45-Т47),116,143,1,7,1,1,Л
,,,,,,,,,"легкая атлетика - бег 800 м (Т51, Т52)",116,144,1,7,1,1,Л
,,,,,,,,,легкая атлетика - бег 800 м (Т53),116,145,1,7,1,1,Л
,,,,,,,,,легкая атлетика - бег 800 м (Т54),116,146,1,7,1,1,Л
,,,,,,,,,"легкая атлетика - бег 1500 м (Т35, Т36)",116,147,1,7,1,1,Л
,,,,,,,,,легкая атлетика - бег 1500 м (Т35-Т38),116,148,1,7,1,1,Н
,,,,,,,,,"легкая атлетика - бег 1500 м (Т37, Т38)",116,149,1,7,1,1,Л
,,,,,,,,,"легкая атлетика - бег 1500 м (Т45, T46)",116,150,1,7,1,1,Я
,,,,,,,,,"легкая атлетика - бег 1500 м (Т51, T52)",116,151,1,7,1,1,Л
,,,,,,,,,"легкая атлетика - бег 1500 м (Т53, T54)",116,153,1,7,1,1,Л
,,,,,,,,,легкая атлетика - бег 5000 м (Т35-T38),116,158,1,7,1,1,А
,,,,,,,,,легкая атлетика - бег 5000 м (Т45-T47),116,159,1,7,1,1,М
,,,,,,,,,"легкая атлетика - бег 5000 м (Т51, T52)",116,160,1,7,1,1,Л
,,,,,,,,,"легкая атлетика - бег 5000 м (Т53, T54)",116,162,1,7,1,1,Л
,,,,,,,,,"легкая атлетика - бег 10000 м (Т45, T46)",116,163,1,7,1,1,А
,,,,,,,,,"легкая атлетика - бег по шоссе 42,195 км (Т45, T46)",116,261,1,7,1,1,Г
,,,,,,,,,"легкая атлетика - бег по шоссе 42,195 км (Т52-T54)",116,303,1,7,1,1,Я
,,,,,,,,,"легкая атлетика - эстафета 4х100 м - смешанная (T11-T13, T33-T34, T51-T54, T35-T38, T42-T47, T61-T64)",116,308,1,7,1,1,Л
,,,,,,,,,"легкая атлетика - прыжок в высоту (T42, T63)",116,313,1,7,1,1,М
,,,,,,,,,"легкая атлетика - прыжок в высоту (T42-T47, T61-T64)",116,314,1,7,1,1,Ю
,,,,,,,,,"легкая атлетика - прыжок в высоту (T43, T61, T62)",116,315,1,7,1,1,М
,,,,,,,,,"легкая атлетика - прыжок в высоту (T44, T64)",116,316,1,7,1,1,М
,,,,,,,,,легкая атлетика - прыжок в высоту (T45-T47),116,317,1,7,1,1,М
,,,,,,,,,легкая атлетика - прыжок в длину (T36),116,318,1,7,1,1,Л
,,,,,,,,,легкая атлетика - прыжок в длину (T36-T38),116,337,1,7,1,1,Ю
,,,,,,,,,"легкая атлетика - прыжок в длину (T36-T38, T42-T47)",116,391,1,7,1,1,Д
,,,,,,,,,легкая атлетика - прыжок в длину (T37),116,412,1,7,1,1,Л
,,,,,,,,,легкая атлетика - прыжок в длину (T38),116,425,1,7,1,1,Л
,,,,,,,,,"легкая атлетика - прыжок в длину (T42, T61, T63)",116,500,1,7,1,1,Л
,,,,,,,,,"легкая атлетика - прыжок в длину (T42-T47, T61-T64)",116,501,1,7,1,1,Ю
,,,,,,,,,"легкая атлетика - прыжок в длину (T44, T62, T64)",116,502,1,7,1,1,Л
,,,,,,,,,легкая атлетика - прыжок в длину (T45-T47),116,503,1,7,1,1,Л
,,,,,,,,,"легкая атлетика - метание булавы (F31, F32)",116,505,1,7,1,1,Л
,,,,,,,,,"легкая атлетика - метание булавы (F31, F32, F51) ",116,506,1,7,1,1,Ю
,,,,,,,,,легкая атлетика - метание булавы (F51),116,507,1,7,1,1,Л
,,,,,,,,,легкая атлетика - метание диска (F32-F34),116,508,1,7,1,1,А
,,,,,,,,,легкая атлетика - метание диска (F32-F38),116,509,1,7,1,1,Д
,,,,,,,,,"легкая атлетика - метание диска (F35, F36)",116,510,1,7,1,1,Л
,,,,,,,,,легкая атлетика - метание диска (F35-F38),116,511,1,7,1,1,Ю
,,,,,,,,,легкая атлетика - метание диска (F37),116,512,1,7,1,1,Л
,,,,,,,,,легкая атлетика - метание диска (F38),116,513,1,7,1,1,Л
,,,,,,,,,"легкая атлетика - метание диска (F40, F41)",116,514,1,7,1,1,Л
,,,,,,,,,"легкая атлетика - метание диска (F42, F63)",116,515,1,7,1,1,Л
,,,,,,,,,"легкая атлетика - метание диска (F43, F44, F62-F64)",116,516,1,7,1,1,Л
,,,,,,,,,"легкая атлетика - метание диска (F51, F52)",116,517,1,7,1,1,Л
,,,,,,,,,легкая атлетика - метание диска (F51-F57),116,518,1,7,1,1,Н
,,,,,,,,,"легкая атлетика - метание диска (F53, F54)",116,519,1,7,1,1,Л
,,,,,,,,,"легкая атлетика - метание диска (F55, F56)",116,520,1,7,1,1,Л
,,,,,,,,,легкая атлетика - метание диска (F57),116,521,1,7,1,1,Л
,,,,,,,,,"легкая атлетика - метание копья (F33, F34)",116,522,1,7,1,1,Л
,,,,,,,,,легкая атлетика - метание копья (F33-F38),116,523,1,7,1,1,Н
,,,,,,,,,"легкая атлетика - метание копья (F35, F36)",116,524,1,7,1,1,Л
,,,,,,,,,легкая атлетика - метание копья (F37),116,525,1,7,1,1,Л
,,,,,,,,,легкая атлетика - метание копья (F38),116,526,1,7,1,1,Л
,,,,,,,,,"легкая атлетика - метание копья (F40, F41)",116,527,1,7,1,1,Л
,,,,,,,,,легкая атлетика - метание копья (F40-F46),116,528,1,7,1,1,Н
,,,,,,,,,"легкая атлетика - метание копья (F40-F46, F62-F64)",116,529,1,7,1,1,Н
,,,,,,,,,"легкая атлетика - метание копья (F42-F44, F61-F64)",116,530,1,7,1,1,Л
,,,,,,,,,"легкая атлетика - метание копья (F45, F46)",116,531,1,7,1,1,Л
,,,,,,,,,легкая атлетика - метание копья (F52-F57),116,532,1,7,1,1,Н
,,,,,,,,,"легкая атлетика - метание копья (F53, F54)",116,533,1,7,1,1,Л
,,,,,,,,,"легкая атлетика - метание копья (F55, F56)",116,534,1,7,1,1,Л
,,,,,,,,,легкая атлетика - метание копья (F57),116,535,1,7,1,1,Л
,,,,,,,,,легкая атлетика - толкание ядра (F32),116,536,1,7,1,1,Л
,,,,,,,,,легкая атлетика - толкание ядра (F32-F36),116,537,1,7,1,1,Н
,,,,,,,,,легкая атлетика - толкание ядра (F33),116,538,1,7,1,1,Л
,,,,,,,,,легкая атлетика - толкание ядра (F34),116,539,1,7,1,1,Л
,,,,,,,,,легкая атлетика - толкание ядра (F35),116,540,1,7,1,1,Л
,,,,,,,,,легкая атлетика - толкание ядра (F36),116,541,1,7,1,1,Л
,,,,,,,,,легкая атлетика - толкание ядра (F37),116,542,1,7,1,1,Л
,,,,,,,,,легкая атлетика - толкание ядра (F38),116,543,1,7,1,1,Л
,,,,,,,,,легкая атлетика - толкание ядра (F40),116,544,1,7,1,1,Л
,,,,,,,,,"легкая атлетика - толкание ядра (F40-F46, F61-F64)",116,545,1,7,1,1,Н
,,,,,,,,,легкая атлетика - толкание ядра (F41),116,546,1,7,1,1,Л
,,,,,,,,,"легкая атлетика - толкание ядра (F42, F61, F63)",116,547,1,7,1,1,Л
,,,,,,,,,"легкая атлетика - толкание ядра (F43, F44, F62, F64)",116,548,1,7,1,1,Л
,,,,,,,,,"легкая атлетика - толкание ядра (F45, F46)",116,549,1,7,1,1,Л
,,,,,,,,,легкая атлетика - толкание ядра (F52),116,550,1,7,1,1,Л
,,,,,,,,,легкая атлетика - толкание ядра (F52-F57),116,551,1,7,1,1,Н
,,,,,,,,,легкая атлетика - толкание ядра (F53),116,552,1,7,1,1,Л
,,,,,,,,,"легкая атлетика - толкание ядра (F54, F55)",116,553,1,7,1,1,Л
,,,,,,,,,"легкая атлетика - толкание ядра (F56, F57)",116,554,1,7,1,1,Л
,,,,,,,,,"лыжные гонки - классический стиль    2,5 км (LW10-LW12)",116,079,3,7,1,1,Б
,,,,,,,,,лыжные гонки - классический стиль   5 км (LW1-LW9) ,116,082,3,7,1,1,Б
,,,,,,,,,лыжные гонки - классический стиль   5 км (LW10-LW12) ,116,080,3,7,1,1,А
,,,,,,,,,лыжные гонки - классический стиль   5 км (LW2-LW9) ,116,081,3,7,1,1,А
,,,,,,,,,"лыжные гонки - классический стиль 7,5 км (LW10 - LW12)",116,236,3,7,1,1,М
,,,,,,,,,лыжные гонки - классический стиль 10 км (LW2 – LW9),116,237,3,7,1,1,Л
,,,,,,,,,лыжные гонки - классический стиль  10 км (LW10 - LW12),116,174,3,7,1,1,М
,,,,,,,,,лыжные гонки - классический стиль  12 км (LW10 - LW12) ,116,175,3,7,1,1,Ж
,,,,,,,,,лыжные гонки - классический стиль  15 км  (LW10 -LW12),116,083,3,7,1,1,Я
,,,,,,,,,лыжные гонки - классический стиль  15 км (LW2 -LW9),116,084,3,7,1,1,Я
,,,,,,,,,лыжные гонки - классический стиль  20 км (LW2 -LW9) ,116,085,3,7,1,1,Я
,,,,,,,,,лыжные гонки - свободный стиль   5 км (LW10 -LW12) ,116,088,3,7,1,1,Б
,,,,,,,,,лыжные гонки - свободный стиль  10 км (LW1 - LW9)  ,116,091,3,7,1,1,Б
,,,,,,,,,лыжные гонки - свободный стиль  10 км (LW2 - LW9)  ,116,090,3,7,1,1,А
,,,,,,,,,лыжные гонки - свободный стиль  15 км  (LW2 - LW9),116,092,3,7,1,1,Я
,,,,,,,,,лыжные гонки - свободный стиль  20 км (LW - LW9)  ,116,093,3,7,1,1,А
,,,,,,,,,лыжные гонки - спринт классический стиль (LW10 -LW12),116,086,3,7,1,1,Я
,,,,,,,,,лыжные гонки - спринт классический стиль (LW2 -LW9) ,116,087,3,7,1,1,Я
,,,,,,,,,лыжные гонки - спринт свободный стиль (LW2 -LW9),116,095,3,7,1,1,Я
,,,,,,,,,"лыжные гонки - эстафета 4х2,5 км - смешанная (LW) ",116,176,3,7,1,1,Л
,,,,,,,,,"лыжные гонки - эстафета 4х2,5 км - смешанная (LW+B) ",116,177,3,7,1,1,Л
,,,,,,,,,настольный теннис - одиночный разряд (1 класс),116,178,2,7,1,1,М
,,,,,,,,,настольный теннис - одиночный разряд (2 класс),116,179,2,7,1,1,М
,,,,,,,,,настольный теннис - одиночный разряд (1 класс - 2 класс),116,180,2,7,1,1,Ж
,,,,,,,,,настольный теннис - одиночный разряд (3 класс),116,181,2,7,1,1,Л
,,,,,,,,,настольный теннис - одиночный разряд (4 класс),116,183,2,7,1,1,Л
,,,,,,,,,настольный теннис - одиночный разряд (5 класс),116,184,2,7,1,1,Л
,,,,,,,,,настольный теннис - одиночный разряд (1 класс - 5 класс),116,185,2,7,1,1,Н
,,,,,,,,,настольный теннис - одиночный разряд (6 класс),116,266,2,7,1,1,Л
,,,,,,,,,настольный теннис - одиночный разряд (7 класс),116,267,2,7,1,1,Л
,,,,,,,,,настольный теннис - одиночный разряд (8 класс),116,268,2,7,1,1,Л
,,,,,,,,,настольный теннис - одиночный разряд (6 класс - 8 класс),116,269,2,7,1,1,Ю
,,,,,,,,,настольный теннис - одиночный разряд (9 класс),116,270,2,7,1,1,Л
,,,,,,,,,настольный теннис - одиночный разряд (10 класс),116,271,2,7,1,1,Л
,,,,,,,,,настольный теннис - одиночный разряд (9 класс - 10 класс),116,465,2,7,1,1,Ю
,,,,,,,,,настольный теннис - одиночный разряд (6 класс - 10 класс),116,466,2,7,1,1,Д
,,,,,,,,,настольный теннис - парный разряд (MS14 класс),116,048,2,7,1,1,М
,,,,,,,,,настольный теннис - парный разряд (WS14 класс),116,168,2,7,1,1,Ж
,,,,,,,,,настольный теннис - парный разряд (MS18 класс),116,169,2,7,1,1,М
,,,,,,,,,настольный теннис - парный разряд (MW4 класс),116,170,2,7,1,1,М
,,,,,,,,,настольный теннис - парный разряд (MW8 класс),116,171,2,7,1,1,М
,,,,,,,,,настольный теннис - парный разряд (WS20 класс),116,172,2,7,1,1,Ж
,,,,,,,,,настольный теннис - парный разряд (WW5 класс),116,235,2,7,1,1,Ж
,,,,,,,,,настольный теннис - парный разряд (WW10 класс),116,238,2,7,1,1,Ж
,,,,,,,,,настольный теннис - парный разряд - смешанный (XS17 класс),116,239,2,7,1,1,Л
,,,,,,,,,настольный теннис - парный разряд - смешанный (XW7 класс),116,240,2,7,1,1,Л
,,,,,,,,,настольный теннис - командные соревнования (1 класс - 2 класс),116,304,2,7,1,1,М
,,,,,,,,,настольный теннис - командные соревнования (3 класс),116,305,2,7,1,1,М
,,,,,,,,,настольный теннис - командные соревнования (1 класс - 3 класс),116,306,2,7,1,1,Ж
,,,,,,,,,настольный теннис - командные соревнования (4 класс - 5 класс),116,307,2,7,1,1,Л
,,,,,,,,,настольный теннис - командные соревнования (1 класс - 5 класс),116,467,2,7,1,1,Ю
,,,,,,,,,настольный теннис - командные соревнования (6 класс - 7 класс),116,468,2,7,1,1,М
,,,,,,,,,настольный теннис - командные соревнования (8 класс),116,469,2,7,1,1,М
,,,,,,,,,настольный теннис - командные соревнования (6 класс - 8 класс),116,470,2,7,1,1,Ж
,,,,,,,,,настольный теннис - командные соревнования (9 класс - 10 класс),116,471,2,7,1,1,Л
,,,,,,,,,настольный теннис - командные соревнования (6 класс - 10 класс),116,472,2,7,1,1,Ю
,,,,,,,,,настольный теннис - командные соревнования (1 класс - 10 класс),116,473,2,7,1,1,Д
,,,,,,,,,"парусный спорт - класс ""Скуд 18""",116,206,1,7,1,1,Л
,,,,,,,,,"парусный спорт - класс ""Сонар""",116,207,1,7,1,1,Л
,,,,,,,,,"парусный спорт - класс 2,4 метра",116,208,1,7,1,1,Л
,,,,,,,,,пауэрлифтинг - весовая категория 41 кг,116,272,1,7,1,1,Ж
,,,,,,,,,пауэрлифтинг - весовая категория  45 кг        ,116,273,1,7,1,1,Ж
,,,,,,,,,пауэрлифтинг - весовая категория  49 кг,116,274,1,7,1,1,М
,,,,,,,,,пауэрлифтинг - весовая категория  50 кг,116,275,1,7,1,1,Ж
,,,,,,,,,пауэрлифтинг - весовая категория  54 кг,116,276,1,7,1,1,М
,,,,,,,,,пауэрлифтинг - весовая категория  55 кг,116,277,1,7,1,1,Ж
,,,,,,,,,пауэрлифтинг - весовая категория  59 кг,116,278,1,7,1,1,М
,,,,,,,,,пауэрлифтинг - весовая категория  61 кг,116,279,1,7,1,1,Ж
,,,,,,,,,пауэрлифтинг - весовая категория  65 кг,116,280,1,7,1,1,М
,,,,,,,,,пауэрлифтинг - весовая категория  67 кг,116,281,1,7,1,1,Ж
,,,,,,,,,пауэрлифтинг - весовая категория  72 кг       ,116,282,1,7,1,1,М
,,,,,,,,,пауэрлифтинг - весовая категория  73 кг,116,283,1,7,1,1,Ж
,,,,,,,,,пауэрлифтинг - весовая категория  79 кг,116,284,1,7,1,1,Ж
,,,,,,,,,пауэрлифтинг - весовая категория  80 кг,116,285,1,7,1,1,М
,,,,,,,,,пауэрлифтинг - весовая категория  86 кг,116,286,1,7,1,1,Ж
,,,,,,,,,пауэрлифтинг - весовая категория  86+ кг,116,287,1,7,1,1,Ж
,,,,,,,,,пауэрлифтинг - весовая категория  88 кг,116,288,1,7,1,1,М
,,,,,,,,,пауэрлифтинг - весовая категория  97 кг       ,116,289,1,7,1,1,М
,,,,,,,,,пауэрлифтинг - весовая категория 107 кг,116,290,1,7,1,1,М
,,,,,,,,,пауэрлифтинг - весовая категория 107+ кг,116,291,1,7,1,1,М
,,,,,,,,,плавание - баттерфляй 50 м (S1-S3),116,319,1,7,1,1,Л
,,,,,,,,,плавание - баттерфляй 50 м (S4),116,490,1,7,1,1,Л
,,,,,,,,,плавание - баттерфляй 50 м (S5),116,491,1,7,1,1,Л
,,,,,,,,,плавание - баттерфляй 50 м (S6),116,320,1,7,1,1,Л
,,,,,,,,,плавание - баттерфляй 50 м (S7),116,321,1,7,1,1,Л
,,,,,,,,,плавание - баттерфляй 50 м (S1-S7),116,322,1,7,1,1,Н
,,,,,,,,,плавание - баттерфляй 50 м - бассейн 25 м (S1-S7),116,323,1,7,1,1,Я
,,,,,,,,,плавание - баттерфляй 100 м (S8),116,324,1,7,1,1,Г
,,,,,,,,,плавание - баттерфляй 100 м (S9),116,325,1,7,1,1,Г
,,,,,,,,,плавание - баттерфляй 100 м (S8-S9),116,326,1,7,1,1,Д
,,,,,,,,,плавание - баттерфляй 100 м (S10),116,327,1,7,1,1,Я
,,,,,,,,,плавание - баттерфляй 100 м - бассейн 25 м (S8-S9),116,328,1,7,1,1,Ю
,,,,,,,,,плавание - баттерфляй 100 м - бассейн 25 м (S8-S10),116,329,1,7,1,1,К
,,,,,,,,,плавание - баттерфляй 100 м - бассейн 25 м (S10),116,330,1,7,1,1,Ю
,,,,,,,,,плавание - брасс 50 м (SB1-SB2),116,331,1,7,1,1,Л
,,,,,,,,,плавание - брасс 50 м (SB3),116,332,1,7,1,1,Л
,,,,,,,,,плавание - брасс 50 м (SB1-SB3) - бассейн 25 м,116,334,1,7,1,1,Л
,,,,,,,,,плавание - брасс 100 м (SB4),116,335,1,7,1,1,Г
,,,,,,,,,плавание - брасс 100 м (SB5),116,336,1,7,1,1,Г
,,,,,,,,,плавание - брасс 100 м (SB6),116,338,1,7,1,1,Л
,,,,,,,,,плавание - брасс 100 м (SB4-SB6),116,339,1,7,1,1,Д
,,,,,,,,,плавание - брасс 100 м (SB7),116,340,1,7,1,1,Л
,,,,,,,,,плавание - брасс 100 м (SB6-SB7),116,341,1,7,1,1,Ю
,,,,,,,,,плавание - брасс 100 м (SB8),116,342,1,7,1,1,Г
,,,,,,,,,плавание - брасс 100 м (SB7-SB8),116,343,1,7,1,1,Д
,,,,,,,,,плавание - брасс 100 м (SB9),116,344,1,7,1,1,Я
,,,,,,,,,плавание - брасс 100 м - бассейн 25 м (SB4),116,345,1,7,1,1,Д
,,,,,,,,,плавание - брасс 100 м - бассейн 25 м (SB4-SB6),116,346,1,7,1,1,Л
,,,,,,,,,плавание - брасс 100 м - бассейн 25 м (SB4-SB7),116,347,1,7,1,1,Ю
,,,,,,,,,плавание - брасс 100 м - бассейн 25 м (SB7-SB8),116,348,1,7,1,1,М
,,,,,,,,,плавание - брасс 100 м - бассейн 25 м (SB5-SB8),116,349,1,7,1,1,Д
,,,,,,,,,плавание - брасс 100 м - бассейн 25 м (SB8),116,350,1,7,1,1,Ю
,,,,,,,,,плавание - брасс 100 м - бассейн 25 м (SB9),116,351,1,7,1,1,Ф
,,,,,,,,,плавание - брасс 100 м - бассейн 25 м (SB7-SB9),116,352,1,7,1,1,Ж
,,,,,,,,,плавание - вольный стиль 50 м (S1-S2),116,353,1,7,1,1,Л
,,,,,,,,,плавание - вольный стиль 50 м (S1-S3),116,354,1,7,1,1,Н
,,,,,,,,,плавание - вольный стиль 50 м (S3),116,355,1,7,1,1,Л
,,,,,,,,,плавание - вольный стиль 50 м (S4),116,492,1,7,1,1,Л
,,,,,,,,,плавание - вольный стиль 50 м (S5)                ,116,356,1,7,1,1,Л
,,,,,,,,,плавание - вольный стиль 50 м (S4-S5) ,116,357,1,7,1,1,Н
,,,,,,,,,плавание - вольный стиль 50 м (S6),116,359,1,7,1,1,Я
,,,,,,,,,плавание - вольный стиль 50 м (S7),116,360,1,7,1,1,Я
,,,,,,,,,плавание - вольный стиль 50 м (S8),116,361,1,7,1,1,Я
,,,,,,,,,плавание - вольный стиль 50 м (S9),116,362,1,7,1,1,Я
,,,,,,,,,плавание - вольный стиль 50 м (S10),116,363,1,7,1,1,Я
,,,,,,,,,плавание - вольный стиль 50 м - бассейн 25 м (S1-S3),116,364,1,7,1,1,М
,,,,,,,,,плавание - вольный стиль 50 м - бассейн 25 м (S4-S5),116,365,1,7,1,1,М
,,,,,,,,,плавание - вольный стиль 50 м - бассейн 25 м (S1-S5),116,366,1,7,1,1,С
,,,,,,,,,плавание - вольный стиль 50 м - бассейн 25 м (S6),116,367,1,7,1,1,Э
,,,,,,,,,плавание - вольный стиль 50 м - бассейн 25 м (S7),116,368,1,7,1,1,Ю
,,,,,,,,,плавание - вольный стиль 50 м - бассейн 25 м (S6-S7),116,369,1,7,1,1,Е
,,,,,,,,,плавание - вольный стиль 50 м - бассейн 25 м (S8),116,370,1,7,1,1,Ю
,,,,,,,,,плавание - вольный стиль 50 м - бассейн 25 м (S8-S9),116,371,1,7,1,1,Е
,,,,,,,,,плавание - вольный стиль 50 м - бассейн 25 м (S8-S10),116,372,1,7,1,1,Ж
,,,,,,,,,плавание - вольный стиль 50 м - бассейн 25 м (S9-S10),116,373,1,7,1,1,А
,,,,,,,,,плавание - вольный стиль 50 м - бассейн 25 м (S10),116,374,1,7,1,1,Д
,,,,,,,,,плавание - вольный стиль 100 м (S1-S2),116,375,1,7,1,1,Л
,,,,,,,,,плавание - вольный стиль 100 м (S1-S3),116,376,1,7,1,1,Н
,,,,,,,,,плавание - вольный стиль 100 м (S3),116,377,1,7,1,1,Л
,,,,,,,,,плавание - вольный стиль 100 м (S4),116,493,1,7,1,1,Л
,,,,,,,,,плавание - вольный стиль 100 м (S5),116,378,1,7,1,1,Л
,,,,,,,,,плавание - вольный стиль 100 м (S6),116,379,1,7,1,1,Л
,,,,,,,,,плавание - вольный стиль 100 м (S4-S6),116,380,1,7,1,1,Н
,,,,,,,,,плавание - вольный стиль 100 м (S7),116,381,1,7,1,1,Я
,,,,,,,,,плавание - вольный стиль 100 м (S8),116,382,1,7,1,1,Я
,,,,,,,,,плавание - вольный стиль 100 м (S9),116,383,1,7,1,1,Я
,,,,,,,,,плавание - вольный стиль 100 м (S10),116,384,1,7,1,1,Я
,,,,,,,,,плавание - вольный стиль 100 м - бассейн 25 м (S1-S3),116,385,1,7,1,1,М
,,,,,,,,,плавание - вольный стиль 100 м - бассейн 25 м (S1-S5),116,386,1,7,1,1,Д
,,,,,,,,,плавание - вольный стиль 100 м - бассейн 25 м (S1-S6),116,387,1,7,1,1,Э
,,,,,,,,,плавание - вольный стиль 100 м - бассейн 25 м (S7-S8),116,388,1,7,1,1,А
,,,,,,,,,плавание - вольный стиль 100 м - бассейн 25 м (S9-S10),116,389,1,7,1,1,А
,,,,,,,,,плавание - вольный стиль 100 м - бассейн 25 м (S7-S10),116,390,1,7,1,1,Б
,,,,,,,,,плавание - вольный стиль 200 м (S1-S2),116,258,1,7,1,1,Л
,,,,,,,,,плавание - вольный стиль 200 м (S3),116,259,1,7,1,1,Л
,,,,,,,,,плавание - вольный стиль 200 м (S1-S4),116,392,1,7,1,1,Ю
,,,,,,,,,плавание - вольный стиль 200 м (S1-S5),116,393,1,7,1,1,Д
,,,,,,,,,плавание - вольный стиль 200 м (S4),116,394,1,7,1,1,Л
,,,,,,,,,плавание - вольный стиль 200 м (S5),116,395,1,7,1,1,Г
,,,,,,,,,плавание - вольный стиль 200 м - бассейн 25 м (S1-S3),116,396,1,7,1,1,М
,,,,,,,,,плавание - вольный стиль 200 м - бассейн 25 м (S4),116,397,1,7,1,1,М
,,,,,,,,,плавание - вольный стиль 200 м - бассейн 25 м (S5),116,398,1,7,1,1,М
,,,,,,,,,плавание - вольный стиль 200 м - бассейн 25 м (S1-S5),116,399,1,7,1,1,С
,,,,,,,,,плавание - вольный стиль 400 м (S6),116,400,1,7,1,1,Л
,,,,,,,,,плавание - вольный стиль 400 м (S7),116,401,1,7,1,1,Л
,,,,,,,,,плавание - вольный стиль 400 м (S6-S7),116,402,1,7,1,1,Н
,,,,,,,,,плавание - вольный стиль 400 м (S8),116,403,1,7,1,1,Я
,,,,,,,,,плавание - вольный стиль 400 м (S9),116,404,1,7,1,1,Г
,,,,,,,,,плавание - вольный стиль 400 м (S10),116,405,1,7,1,1,Г
,,,,,,,,,плавание - вольный стиль 400 м (S9-S10),116,406,1,7,1,1,Д
,,,,,,,,,плавание - вольный стиль 400 м - бассейн 25 м (S6-S8),116,407,1,7,1,1,Ф
,,,,,,,,,плавание - вольный стиль 400 м - бассейн 25 м (S9-S10),116,408,1,7,1,1,Ф
,,,,,,,,,плавание - вольный стиль 400 м - бассейн 25 м (S6-S10),116,409,1,7,1,1,Ж
,,,,,,,,,плавание - комплексное 150 м (SM1-SM3),116,486,1,7,1,1,Л
,,,,,,,,,плавание - комплексное 150 м (SM1-SM4),116,410,1,7,1,1,Н
,,,,,,,,,плавание - комплексное 150 м (SM4),116,487,1,7,1,1,Л
,,,,,,,,,плавание - комплексное 150 м - бассейн 25 м (SM1-SM4),116,411,1,7,1,1,Я
,,,,,,,,,плавание - комплексное 200 м (SM5),116,488,1,7,1,1,Л
,,,,,,,,,плавание - комплексное 200 м (SM6),116,489,1,7,1,1,Л
,,,,,,,,,плавание - комплексное 200 м (SM7),116,413,1,7,1,1,Л
,,,,,,,,,плавание - комплексное 200 м (SM5-SM7),116,414,1,7,1,1,Н
,,,,,,,,,плавание - комплексное 200 м (SM8),116,415,1,7,1,1,Л
,,,,,,,,,плавание - комплексное 200 м (SM8-SM9),116,416,1,7,1,1,Н
,,,,,,,,,плавание - комплексное 200 м (SM9),116,417,1,7,1,1,Л
,,,,,,,,,плавание - комплексное 200 м (SM10),116,418,1,7,1,1,Я
,,,,,,,,,плавание - комплексное 200 м - бассейн 25 м (SM5-SM8),116,419,1,7,1,1,Ф
,,,,,,,,,плавание - комплексное 200 м - бассейн 25 м (SM9-SM10),116,420,1,7,1,1,Ф
,,,,,,,,,плавание - комплексное 200 м - бассейн 25 м (SM5-SM10),116,421,1,7,1,1,Ж
,,,,,,,,,плавание - на спине 50 м (S1),116,422,1,7,1,1,Л
,,,,,,,,,плавание - на спине 50 м (S2),116,494,1,7,1,1,Л
,,,,,,,,,плавание - на спине 50 м (S3),116,423,1,7,1,1,Л
,,,,,,,,,плавание - на спине 50 м (S1-S3),116,424,1,7,1,1,Ю
,,,,,,,,,плавание - на спине 50 м (S4),116,426,1,7,1,1,Л
,,,,,,,,,плавание - на спине 50 м (S4-S5),116,427,1,7,1,1,Ю
,,,,,,,,,плавание - на спине 50 м (S5),116,428,1,7,1,1,Л
,,,,,,,,,плавание - на спине 50 м (S1-S5),116,429,1,7,1,1,Д
,,,,,,,,,плавание - на спине 50 м - бассейн 25 м (S1-S3),116,430,1,7,1,1,М
,,,,,,,,,плавание - на спине 50 м - бассейн 25 м (S4-S5),116,431,1,7,1,1,М
,,,,,,,,,плавание - на спине 50 м - бассейн 25 м (S1-S5),116,432,1,7,1,1,С
,,,,,,,,,плавание - на спине 100 м (S1),116,433,1,7,1,1,Л
,,,,,,,,,плавание - на спине 100 м (S2),116,495,1,7,1,1,Л
,,,,,,,,,плавание - на спине 100 м (S6),116,434,1,7,1,1,Г
,,,,,,,,,плавание - на спине 100 м (S7),116,435,1,7,1,1,Г
,,,,,,,,,плавание - на спине 100 м (S6-S7) ,116,436,1,7,1,1,Д
,,,,,,,,,плавание - на спине 100 м (S8),116,437,1,7,1,1,Я
,,,,,,,,,плавание - на спине 100 м (S9),116,438,1,7,1,1,Я
,,,,,,,,,плавание - на спине 100 м (S10),116,439,1,7,1,1,Я
,,,,,,,,,плавание - на спине 100 м - бассейн 25 м (S6),116,440,1,7,1,1,Ю
,,,,,,,,,плавание - на спине 100 м - бассейн 25 м (S6-S8),116,441,1,7,1,1,К
,,,,,,,,,плавание - на спине 100 м - бассейн 25 м (S7-S8),116,442,1,7,1,1,Ю
,,,,,,,,,плавание - на спине 100 м - бассейн 25 м (S9-S10),116,443,1,7,1,1,Я
,,,,,,,,,плавание - эстафета 4x50 м - вольный стиль (сумма 20) ,116,444,1,7,1,1,Л
,,,,,,,,,плавание - эстафета 4x50 м - вольный стиль - бассейн 25 м (сумма 20),116,445,1,7,1,1,М
,,,,,,,,,плавание - эстафета 4x50 м - вольный стиль - смешанная (сумма 20),116,446,1,7,1,1,Л
,,,,,,,,,плавание - эстафета 4x50 м - комбинированная (сумма 20),116,447,1,7,1,1,Л
,,,,,,,,,плавание - эстафета 4x50 м - комбинированная - бассейн 25 м (сумма 20),116,448,1,7,1,1,М
,,,,,,,,,плавание - эстафета 4x100 м - вольный стиль (сумма 34),116,449,1,7,1,1,Я
,,,,,,,,,плавание - эстафета 4x100 м - вольный стиль - бассейн 25 м (сумма 34),116,450,1,7,1,1,Л
,,,,,,,,,плавание - эстафета 4x100 м - комбинированная (сумма 34),116,451,1,7,1,1,Я
,,,,,,,,,плавание - эстафета 4x100 м - комбинированная - бассейн 25 м (сумма 34),116,452,1,7,1,1,Л
,,,,,,,,,"пулевая стрельба - П1 - пистолет пневматический, 10 м - 60 выстрелов",116,027,1,7,1,1,А
,,,,,,,,,"пулевая стрельба - П1а - пистолет пневматический, 10 м - 30 выстрелов",116,028,1,7,1,1,А
,,,,,,,,,"пулевая стрельба - П2 - пистолет пневматический, 10 м - 60 выстрелов",116,029,1,7,1,1,Б
,,,,,,,,,"пулевая стрельба - П2а - пистолет пневматический, 10 м - 30 выстрелов",116,030,1,7,1,1,Б
,,,,,,,,,"пулевая стрельба - П3 - пистолет малокалиберный стандартный, 25 м - 60 выстрелов (30+30)",116,031,1,7,1,1,А
,,,,,,,,,"пулевая стрельба - П3а - пистолет малокалиберный стандартный, 25 м - 30 выстрелов, неподвижная мишень",116,032,1,7,1,1,Б
,,,,,,,,,"пулевая стрельба - П3к - пистолет малокалиберный стандартный, 25 м - 3 человека х 60 выстрелов (30+30) - командные соревнования - смешанные",116,046,1,7,1,1,Л
,,,,,,,,,"пулевая стрельба - П4 - пистолет малокалиберный произвольный, 50 м - 60 выстрелов",116,033,1,7,1,1,Я
,,,,,,,,,"пулевая стрельба - П4к - пистолет малокалиберный произвольный, 50 м - 3 человека х 60 выстрелов - командные соревнования - смешанные",116,496,1,7,1,1,Л
,,,,,,,,,"пулевая стрельба - П5 - пистолет пневматический стандартный, 10 м - 20 выстрелов (5 выстрелов за 10 секунд)",116,034,1,7,1,1,Б
,,,,,,,,,"пулевая стрельба - П6 - пистолет пневматический стандартный, 10 м - 40 выстрелов (5 выстрелов за 10 секунд)",116,035,1,7,1,1,Я
,,,,,,,,,"пулевая стрельба - В1 - винтовка пневматическая, 10 м - 60 выстрелов, стоя",116,036,1,7,1,1,А
,,,,,,,,,"пулевая стрельба - В1а - винтовка пневматическая, 10 м - 30 выстрелов, стоя",116,037,1,7,1,1,А
,,,,,,,,,"пулевая стрельба - В2 - винтовка пневматическая, 10 м - 60 выстрелов, стоя",116,038,1,7,1,1,Б
,,,,,,,,,"пулевая стрельба - В3 - винтовка пневматическая, 10 м - 60 выстрелов, лежа с ремня с опорой о стол",116,039,1,7,1,1,Я
,,,,,,,,,"пулевая стрельба - В3к - винтовка пневматическая, 10 м - 3 человека х 60 выстрелов, лежа с ремня с опорой о стол - командные соревнования - смешанные",116,497,1,7,1,1,Л
,,,,,,,,,"пулевая стрельба - В4 - винтовка пневматическая, 10 м - 60 выстрелов, стоя с подставки",116,040,1,7,1,1,Я
,,,,,,,,,"пулевая стрельба - В4к - винтовка пневматическая, 10 м - 3 человека х 60 выстрелов,  стоя с подставки - командные соревнования - смешанные",116,498,1,7,1,1,Л
,,,,,,,,,"пулевая стрельба - В5 - винтовка пневматическая, 10 м - 60 выстрелов, лежа с подставки",116,041,1,7,1,1,Я
,,,,,,,,,"пулевая стрельба - В5к - винтовка пневматическая, 10 м - 3 человека х 60 выстрелов, лежа с подставки - командные соревнования - смешанные",116,499,1,7,1,1,Л
,,,,,,,,,"пулевая стрельба - В6 - винтовка малокалиберная произвольная, 50 м - 60 выстрелов, лежа",116,042,1,7,1,1,Я
,,,,,,,,,"пулевая стрельба - В7 - малокалиберная винтовка произвольная, 50 м - 120 выстрелов, три положения",116,043,1,7,1,1,А
,,,,,,,,,"пулевая стрельба - В8 - винтовка малокалиберная стандартная, 50 м - 120 выстрелов, три положения",116,044,1,7,1,1,Б
,,,,,,,,,"пулевая стрельба - В9 - винтовка малокалиберная произвольная, 50 м - 60 выстрелов, лежа с подставки",116,045,1,7,1,1,Я
,,,,,,,,,регби на колясках,116,260,2,7,1,1,Л
,,,,,,,,,"сноуборд - кросс (SB-LL1, SB-LL2, SB-UL)",116,265,3,7,1,1,Л
,,,,,,,,,"сноуборд - кросс - слалом (SB-LL1, SB-LL2, SB-UL)",116,209,3,7,1,1,Л
,,,,,,,,,спортивное ориентирование – спринт (O1- O3),116,187,1,7,1,1,Л
,,,,,,,,,спортивное ориентирование – спринт (O4-O6),116,262,1,7,1,1,Л
,,,,,,,,,спортивное ориентирование – точное ориентирование (O1-O3),116,188,1,7,1,1,Л
,,,,,,,,,спортивное ориентирование – точное ориентирование (O4-O6),116,263,1,7,1,1,Л
,,,,,,,,,спортивное ориентирование – командные соревнования (O1-O6),116,264,1,7,1,1,Л
,,,,,,,,,"стендовая стрельба - трап (SG-S, SG-L, SG-U)",116,309,1,7,1,1,Л
,,,,,,,,,стрельба из лука - КЛ - 18 м (30+30 выстрелов) + финал (O),116,018,1,7,1,1,Л
,,,,,,,,,стрельба из лука - КЛ - 70 м (36+36 выстрелов) + финал (O),116,019,1,7,1,1,Л
,,,,,,,,,"стрельба из лука - КЛ - командные соревнования (квалификация + 
финал 18 м) (O)",116,020,1,7,1,1,Л
,,,,,,,,,стрельба из лука - КЛ - командные соревнования - смешанные (квалификация + финал 18 м) (O),116,021,1,7,1,1,Л
,,,,,,,,,"стрельба из лука - КЛ - командные соревнования (квалификация + финал 
70 м) (O)",116,022,1,7,1,1,Л
,,,,,,,,,стрельба из лука - КЛ - командные соревнования - смешанные (квалификация + финал 70 м) (O),116,023,1,7,1,1,Л
,,,,,,,,,стрельба из лука - БЛ - 18 м (30+30 выстрелов) + финал (O),116,024,1,7,1,1,Л
,,,,,,,,,стрельба из лука - БЛ - 18 м (30+30 выстрелов) + финал (W1),116,025,1,7,1,1,Л
,,,,,,,,,стрельба из лука - БЛ - 50 м (36+36 выстрелов) + финал (O),116,026,1,7,1,1,Л
,,,,,,,,,стрельба из лука - БЛ - 50 м (36+36 выстрелов) + финал (W1),116,459,1,7,1,1,Л
,,,,,,,,,"стрельба из лука - БЛ - командные  соревнования (квалификация + финал 
18 м) (O)",116,460,1,7,1,1,Л
,,,,,,,,,стрельба из лука - БЛ - командные соревнования - смешанные (квалификация + финал 18 м) (O),116,461,1,7,1,1,Л
,,,,,,,,,"стрельба из лука - БЛ - командные соревнования (квалификация + финал 
50 м) (O)",116,462,1,7,1,1,Л
,,,,,,,,,стрельба из лука - БЛ - командные соревнования - смешанные (квалификация + финал 50 м) (O),116,463,1,7,1,1,Л
,,,,,,,,,стрельба из лука - БЛ - командные соревнования - смешанные (квалификация + финал 50 м) (W1),116,464,1,7,1,1,Л
,,,,,,,,,танцы на колясках - дуэты - европейская программа (1 класс),116,200,1,7,1,1,Л
,,,,,,,,,танцы на колясках - дуэты - европейская программа (2 класс),116,201,1,7,1,1,Л
,,,,,,,,,танцы на колясках - дуэты - латиноамериканская программа (1 класс),116,198,1,7,1,1,Л
,,,,,,,,,танцы на колясках - дуэты - латиноамериканская программа (2 класс),116,199,1,7,1,1,Л
,,,,,,,,,танцы на колясках - комби - европейская программа (1 класс),116,194,1,7,1,1,Л
,,,,,,,,,танцы на колясках - комби - европейская программа (2 класс),116,195,1,7,1,1,Л
,,,,,,,,,танцы на колясках - комби -латиноамериканская программа (1 класс),116,196,1,7,1,1,Л
,,,,,,,,,танцы на колясках - комби - латиноамериканская программа (2 класс),116,197,1,7,1,1,Л
,,,,,,,,,танцы на колясках - общая программа (1 класс),116,474,1,7,1,1,Л
,,,,,,,,,танцы на колясках - общая программа (2 класс),116,475,1,7,1,1,Л
,,,,,,,,,танцы на колясках - произвольная программа (1 класс),116,476,1,7,1,1,Л
,,,,,,,,,танцы на колясках - произвольная программа (2 класс),116,477,1,7,1,1,Л
,,,,,,,,,танцы на колясках - комби - произвольная программа (1 класс),116,478,1,7,1,1,Л
,,,,,,,,,танцы на колясках - комби - произвольная программа (2 класс),116,479,1,7,1,1,Л
,,,,,,,,,теннис на колясках - одиночный разряд,116,001,2,7,1,1,Я
,,,,,,,,,теннис на колясках - одиночный разряд - смешанный (квад),116,241,2,7,1,1,Л
,,,,,,,,,теннис на колясках - парный разряд - смешанный (квад),116,242,2,7,1,1,Л
,,,,,,,,,теннис на колясках - парный разряд,116,189,2,7,1,1,Я
,,,,,,,,,фехтование - рапира (А),116,292,1,7,1,1,Я
,,,,,,,,,фехтование - рапира (В),116,293,1,7,1,1,Я
,,,,,,,,,фехтование - рапира (С),116,294,1,7,1,1,Л
,,,,,,,,,фехтование - сабля (А),116,296,1,7,1,1,Я
,,,,,,,,,фехтование - сабля (В),116,297,1,7,1,1,Я
,,,,,,,,,фехтование - шпага (А),116,298,1,7,1,1,Я
,,,,,,,,,фехтование - шпага (В),116,299,1,7,1,1,Я
,,,,,,,,,фехтование - шпага (С),116,300,1,7,1,1,Л
,,,,,,,,,фехтование – рапира – командные соревнования,116,253,1,7,1,1,Л
,,,,,,,,,фехтование – сабля – командные соревнования,116,254,1,7,1,1,Л
,,,,,,,,,фехтование – шпага – командные соревнования,116,255,1,7,1,1,Л
,,,,,,,,,футбол ампутантов,116,164,2,7,1,1,А
,,,,,,,,,хоккей - следж,116,190,4,7,1,1,Г
,,,,,,,,,шахматы (А),116,480,2,7,1,1,М
,,,,,,,,,шахматы (В),116,481,2,7,1,1,М
,,,,,,,,,"шахматы (А, В)",116,191,2,7,1,1,С
,,,,,,,,,"шахматы - быстрая игра (А, В)",116,245,2,7,1,1,Л
,,,,,,,,,"шахматы - блиц (А, В)",116,246,2,7,1,1,Л
,,,,,,,,,шашки,116,192,2,7,1,1,Я
115,Спорт слепых,115,000,7,7,1,1,Я,"армрестлинг - весовая категория 60 кг (В1, В2, В3)",115,001,1,7,1,1,Я
,,,,,,,,,"армрестлинг - весовая категория 60+ кг (В1, В2, В3)",115,002,1,7,1,1,Н
,,,,,,,,,"армрестлинг - весовая категория 70 кг (В1, В2, В3)",115,292,1,7,1,1,Л
,,,,,,,,,"армрестлинг - весовая категория 70+ кг (В1, В2, В3)",115,293,1,7,1,1,Ж
,,,,,,,,,"армрестлинг - весовая категория  75 кг (В1, В2, В3)",115,003,1,7,1,1,Н
,,,,,,,,,"армрестлинг - весовая категория 80 кг (В1, В2, В3)",115,294,1,7,1,1,М
,,,,,,,,,"армрестлинг - весовая категория 90 кг (В1, В2, В3)",115,004,1,7,1,1,А
,,,,,,,,,"армрестлинг - весовая категория 100+ кг (В1, В2, В3)",115,005,1,7,1,1,М
,,,,,,,,,"армрестлинг - весовая категория 100 кг (В1, В2, В3)",115,295,1,7,1,1,М
,,,,,,,,,"биатлон - гонка  7,5 км (В1,В2,В3)",115,006,3,7,1,1,Я
,,,,,,,,,"биатлон - гонка 10 км (В1,В2,В3)",115,286,3,7,1,1,Ж
,,,,,,,,,"биатлон - гонка 12,5 км (В1,В2,В3)",115,007,3,7,1,1,Я
,,,,,,,,,"биатлон - гонка 15 км (В1,В2,В3)",115,287,3,7,1,1,М
,,,,,,,,,"биатлон - спринт - (В1,В2,В3)",115,008,3,7,1,1,Я
,,,,,,,,,"биатлон - эстафета (3 х 1,5 км) (В1,В2,В3)",115,009,3,7,1,1,Я
,,,,,,,,,"борьба - весовая категория  48 кг (В1,В2,В3)",115,010,1,7,1,1,М
,,,,,,,,,"борьба - весовая категория  52 кг (В1,В2,В3)",115,213,1,7,1,1,М
,,,,,,,,,"борьба - весовая категория  57 кг (В1,В2,В3)",115,011,1,7,1,1,М
,,,,,,,,,"борьба - весовая категория  62 кг (В1,В2,В3)",115,012,1,7,1,1,М
,,,,,,,,,"борьба - весовая категория  68 кг (В1,В2,В3)",115,013,1,7,1,1,М
,,,,,,,,,"борьба - весовая категория  74 кг (В1,В2,В3)",115,014,1,7,1,1,М
,,,,,,,,,"борьба - весовая категория  82 кг (В1,В2,В3)",115,015,1,7,1,1,М
,,,,,,,,,"борьба - весовая категория  90 кг (В1,В2,В3)",115,016,1,7,1,1,М
,,,,,,,,,"борьба - весовая категория 100 кг (В1,В2,В3)",115,017,1,7,1,1,М
,,,,,,,,,"борьба - весовая категория 100+ кг (В1,В2,В3)",115,018,1,7,1,1,М
,,,,,,,,,боулинг 10 - (В1),115,019,2,7,1,1,Я
,,,,,,,,,боулинг 10 - (В2),115,020,2,7,1,1,Я
,,,,,,,,,боулинг 10 - (В3),115,021,2,7,1,1,Я
,,,,,,,,,"боулинг 10 - командные соревнования - 3 х 3 (В1,В2,В3)",115,215,2,7,1,1,Я
,,,,,,,,,"боулинг 10 - командные соревнования - 4 х 4 (В1,В2,В3)",115,216,2,7,1,1,Я
,,,,,,,,,"боулинг 10 - парные соревнования (В1,В2,В3)",115,214,2,7,1,1,Я
,,,,,,,,,"велоспорт-тандем - трек - гонка 1000 м  (В1,В2,В3)",115,026,1,7,1,1,Я
,,,,,,,,,"велоспорт-тандем - трек - гонка преследования (В1, В2, В3)",115,028,1,7,1,1,Я
,,,,,,,,,"велоспорт-тандем - трек - спринт (В1,В2,В3)",115,027,1,7,1,1,Я
,,,,,,,,,"велоспорт-тандем - шоссе - групповая гонка (В1, В2, В3)",115,220,1,7,1,1,Л
,,,,,,,,,"велоспорт-тандем - шоссе - раздельный старт (В1,В2,В3)",115,022,1,7,1,1,Я
,,,,,,,,,"голбол (В1,В2,В3)",115,029,2,7,1,1,Я
,,,,,,,,,"горнолыжный спорт -  скоростной спуск (В1,В2,В3)",115,190,3,7,1,1,Я
,,,,,,,,,"горнолыжный спорт -  слалом-гигант (В1, В2, В3)",115,192,3,7,1,1,Я
,,,,,,,,,"горнолыжный спорт -  слалом (В1,В2,В3)",115,191,3,7,1,1,Я
,,,,,,,,,"горнолыжный спорт -  супер-гигант (В1,В2,В3)",115,193,3,7,1,1,Я
,,,,,,,,,"горнолыжный спорт - комбинация (В1,В2,В3)",115,194,3,7,1,1,Я
,,,,,,,,,дзюдо -  весовая категория  48 кг (J1),115,030,1,7,1,1,Б
,,,,,,,,,дзюдо -  весовая категория  48 кг (J2),115,031,1,7,1,1,Б
,,,,,,,,,дзюдо -  весовая категория  57 кг (J1),115,032,1,7,1,1,С
,,,,,,,,,дзюдо -  весовая категория  57 кг (J2),115,033,1,7,1,1,С
,,,,,,,,,дзюдо -  весовая категория  60 кг (J1),115,034,1,7,1,1,А
,,,,,,,,,дзюдо -  весовая категория  60 кг (J2),115,035,1,7,1,1,А
,,,,,,,,,дзюдо -  весовая категория  70 кг (J1),115,036,1,7,1,1,Б
,,,,,,,,,дзюдо -  весовая категория  70 кг (J2),115,037,1,7,1,1,Б
,,,,,,,,,дзюдо -  весовая категория  70+ кг (J1),115,038,1,7,1,1,Б
,,,,,,,,,дзюдо -  весовая категория  70+ кг (J2),115,039,1,7,1,1,Б
,,,,,,,,,дзюдо -  весовая категория  73 кг (J1),115,040,1,7,1,1,А
,,,,,,,,,дзюдо -  весовая категория  73 кг (J2),115,041,1,7,1,1,А
,,,,,,,,,дзюдо -  весовая категория  90 кг (J1),115,042,1,7,1,1,А
,,,,,,,,,дзюдо -  весовая категория  90 кг (J2),115,043,1,7,1,1,А
,,,,,,,,,дзюдо -  весовая категория 90+ кг (J1),115,044,1,7,1,1,А
,,,,,,,,,дзюдо -  весовая категория 90+ кг (J2),115,045,1,7,1,1,А
,,,,,,,,,"дзюдо - командные соревнования (J1, J2)",115,046,1,7,1,1,Л
,,,,,,,,,легкая атлетика - бег 60 м (В1),115,093,1,7,1,1,Я
,,,,,,,,,легкая атлетика - бег  60 м (В2),115,061,1,7,1,1,Я
,,,,,,,,,легкая атлетика - бег  60 м (В3),115,081,1,7,1,1,Я
,,,,,,,,,легкая атлетика - бег  100 м (В1),115,062,1,7,1,1,Я
,,,,,,,,,легкая атлетика - бег  100 м (В2),115,071,1,7,1,1,Я
,,,,,,,,,легкая атлетика - бег  100 м (В3),115,080,1,7,1,1,Я
,,,,,,,,,легкая атлетика - бег  200 м (В1),115,063,1,7,1,1,Я
,,,,,,,,,легкая атлетика - бег  200 м (В2),115,072,1,7,1,1,Я
,,,,,,,,,легкая атлетика - бег  200 м (В3),115,082,1,7,1,1,Я
,,,,,,,,,легкая атлетика - бег  300 м (В1),115,064,1,7,1,1,Н
,,,,,,,,,легкая атлетика - бег  300 м (В2),115,073,1,7,1,1,Н
,,,,,,,,,легкая атлетика - бег  300 м (В3),115,083,1,7,1,1,Н
,,,,,,,,,легкая атлетика - бег  400 м (В1) - круг 200м,115,185,1,7,1,1,Ф
,,,,,,,,,легкая атлетика - бег  400 м (В1),115,065,1,7,1,1,Я
,,,,,,,,,легкая атлетика - бег  400 м (В2) - круг 200м,115,186,1,7,1,1,Я
,,,,,,,,,легкая атлетика - бег  400 м (В2),115,074,1,7,1,1,Я
,,,,,,,,,легкая атлетика - бег  400 м (В3) - круг 200м,115,221,1,7,1,1,Я
,,,,,,,,,легкая атлетика - бег  400 м (В3),115,084,1,7,1,1,Я
,,,,,,,,,легкая атлетика - бег  600 м (В1),115,066,1,7,1,1,Н
,,,,,,,,,легкая атлетика - бег  600 м (В2),115,075,1,7,1,1,Н
,,,,,,,,,легкая атлетика - бег  600 м (В3),115,085,1,7,1,1,Н
,,,,,,,,,легкая атлетика - бег  800 м (В1) - круг 200м,115,222,1,7,1,1,Г
,,,,,,,,,легкая атлетика - бег  800 м (В1),115,067,1,7,1,1,Я
,,,,,,,,,легкая атлетика - бег  800 м (В2) - круг 200м,115,223,1,7,1,1,Я
,,,,,,,,,легкая атлетика - бег  800 м (В2),115,076,1,7,1,1,Я
,,,,,,,,,легкая атлетика - бег  800 м (В3) - круг 200м,115,224,1,7,1,1,А
,,,,,,,,,легкая атлетика - бег  800 м (В3),115,086,1,7,1,1,Я
,,,,,,,,,легкая атлетика - бег  1500 м (В1) - круг 200м,115,225,1,7,1,1,Ю
,,,,,,,,,легкая атлетика - бег  1500 м (В1),115,068,1,7,1,1,Я
,,,,,,,,,легкая атлетика - бег  1500 м (В2) - круг 200м,115,226,1,7,1,1,Ю
,,,,,,,,,легкая атлетика - бег  1500 м (В2),115,077,1,7,1,1,Я
,,,,,,,,,легкая атлетика - бег  1500 м (В3) - круг 200м,115,227,1,7,1,1,Ю
,,,,,,,,,легкая атлетика - бег  1500 м (В3),115,087,1,7,1,1,Я
,,,,,,,,,легкая атлетика - бег  3000 м (В1) - круг 200м,115,228,1,7,1,1,Ж
,,,,,,,,,легкая атлетика - бег  3000 м (В2) - круг 200м,115,229,1,7,1,1,Ж
,,,,,,,,,легкая атлетика - бег  5000 м (В1),115,069,1,7,1,1,Л
,,,,,,,,,легкая атлетика - бег  5000 м (В2),115,078,1,7,1,1,Л
,,,,,,,,,легкая атлетика - бег  5000 м (В3),115,088,1,7,1,1,Л
,,,,,,,,,легкая атлетика - бег  10 000 м (В1),115,070,1,7,1,1,М
,,,,,,,,,легкая атлетика - бег  10 000 м (В2),115,079,1,7,1,1,М
,,,,,,,,,легкая атлетика - бег  10 000 м (В3),115,089,1,7,1,1,М
,,,,,,,,,"легкая атлетика - марафон (В1,В2,В3)",115,090,1,7,1,1,Л
,,,,,,,,,легкая атлетика - метание диска  (В1),115,100,1,7,1,1,Л
,,,,,,,,,легкая атлетика - метание диска  (В2),115,106,1,7,1,1,Л
,,,,,,,,,легкая атлетика - метание диска  (В3),115,112,1,7,1,1,Я
,,,,,,,,,легкая атлетика - метание копья  (В1),115,101,1,7,1,1,Я
,,,,,,,,,легкая атлетика - метание копья  (В2),115,107,1,7,1,1,Я
,,,,,,,,,легкая атлетика - метание копья  (В3),115,113,1,7,1,1,Я
,,,,,,,,,"легкая атлетика - метание мяча  (В1,В2,В3)",115,099,1,7,1,1,Н
,,,,,,,,,легкая атлетика - прыжки в высоту  (В1),115,098,1,7,1,1,Я
,,,,,,,,,легкая атлетика - прыжки в высоту  (В2),115,105,1,7,1,1,Я
,,,,,,,,,легкая атлетика - прыжки в высоту  (В3),115,111,1,7,1,1,Я
,,,,,,,,,легкая атлетика - прыжки в длину  (В1),115,096,1,7,1,1,Я
,,,,,,,,,легкая атлетика - прыжки в длину  (В2),115,103,1,7,1,1,Я
,,,,,,,,,легкая атлетика - прыжки в длину  (В3),115,109,1,7,1,1,Я
,,,,,,,,,легкая атлетика - прыжки тройным  (В1),115,097,1,7,1,1,Л
,,,,,,,,,легкая атлетика - прыжки тройным  (В2),115,104,1,7,1,1,Л
,,,,,,,,,легкая атлетика - прыжки тройным  (В3),115,110,1,7,1,1,Л
,,,,,,,,,легкая атлетика - толкание ядра  (В1),115,102,1,7,1,1,Я
,,,,,,,,,легкая атлетика - толкание ядра  (В2),115,108,1,7,1,1,Я
,,,,,,,,,легкая атлетика - толкание ядра  (В3),115,114,1,7,1,1,Я
,,,,,,,,,легкая атлетика - пятиборье  (В3),115,115,1,7,1,1,Л
,,,,,,,,,"легкая атлетика - эстафета  4х 60 м (В1,В2,В3) ",115,091,1,7,1,1,Н
,,,,,,,,,"легкая атлетика - эстафета  4х100 м  (В1,В2,В3)",115,092,1,7,1,1,Я
,,,,,,,,,"легкая атлетика - эстафета  4х200 м  (В1,В2,В3)",115,095,1,7,1,1,Н
,,,,,,,,,"легкая атлетика - эстафета  4х400 м (В1,В2,В3) ",115,094,1,7,1,1,Я
,,,,,,,,,"лыжные гонки - классический стиль 5 км (В1,В2,В3)",115,116,3,7,1,1,Я
,,,,,,,,,"лыжные гонки - классический стиль   спринт (В1,В2,В3)",115,125,3,7,1,1,Я
,,,,,,,,,"лыжные гонки - классический стиль 7,5 км (В1,В2,В3)",115,289,3,7,1,1,Ж
,,,,,,,,,"лыжные гонки - классический стиль 10 км (В1,В2,В3)",115,118,3,7,1,1,Ф
,,,,,,,,,"лыжные гонки - классический стиль 15 км (В1,В2,В3)",115,120,3,7,1,1,Ж
,,,,,,,,,"лыжные гонки - классический стиль 20 км (В1,В2,В3)",115,122,3,7,1,1,М
,,,,,,,,,"лыжные гонки - свободный стиль 5 км (В1,В2,В3)",115,117,3,7,1,1,Я
,,,,,,,,,"лыжные гонки - свободный стиль спринт (В1,В2,В3)",115,126,3,7,1,1,Я
,,,,,,,,,"лыжные гонки - свободный стиль 7,5 км (В1,В2,В3)",115,288,3,7,1,1,Ж
,,,,,,,,,"лыжные гонки - свободный стиль 10 км (В1,В2,В3)",115,119,3,7,1,1,Ф
,,,,,,,,,"лыжные гонки - свободный стиль  15 км (В1,В2,В3)",115,121,3,7,1,1,Ж
,,,,,,,,,"лыжные гонки - свободный стиль  20 км (В1,В2,В3)",115,123,3,7,1,1,М
,,,,,,,,,"лыжные гонки - эстафета 3 этапа (В1,В2,В3)",115,124,3,7,1,1,Я
,,,,,,,,,"настольный теннис (В1, В2, В3)",115,271,2,7,1,1,Я
,,,,,,,,,"настольный теннис - командные соревнования (В1, В2, В3)",115,290,2,7,1,1,Л
,,,,,,,,,"пауэрлифтинг - весовая категория  44 кг (В1,В2,В3)",115,048,1,7,1,1,Б
,,,,,,,,,"пауэрлифтинг - весовая категория  48 кг (В1,В2,В3)",115,049,1,7,1,1,Б
,,,,,,,,,"пауэрлифтинг - весовая категория  52 кг (В1,В2,В3)",115,050,1,7,1,1,Я
,,,,,,,,,"пауэрлифтинг - весовая категория  56 кг (В1,В2,В3)",115,051,1,7,1,1,Я
,,,,,,,,,"пауэрлифтинг - весовая категория  60 кг (В1,В2,В3)",115,052,1,7,1,1,Я
,,,,,,,,,"пауэрлифтинг - весовая категория  67,5 кг (В1,В2,В3)",115,053,1,7,1,1,Я
,,,,,,,,,"пауэрлифтинг - весовая категория  75 кг (В1,В2,В3)",115,054,1,7,1,1,Я
,,,,,,,,,"пауэрлифтинг - весовая категория  82,5 кг (В1,В2,В3)",115,055,1,7,1,1,Я
,,,,,,,,,"пауэрлифтинг - весовая категория  90 кг (В1,В2,В3)",115,056,1,7,1,1,Я
,,,,,,,,,"пауэрлифтинг - весовая категория  90+ кг (В1,В2,В3)",115,057,1,7,1,1,Б
,,,,,,,,,"пауэрлифтинг - весовая категория 100 кг (В1,В2,В3)",115,058,1,7,1,1,А
,,,,,,,,,"пауэрлифтинг - весовая категория 110 кг (В1,В2,В3)",115,023,1,7,1,1,А
,,,,,,,,,"пауэрлифтинг - весовая категория 125 кг (В1,В2,В3)",115,059,1,7,1,1,А
,,,,,,,,,"пауэрлифтинг - весовая категория 125+ кг (В1,В2,В3)",115,060,1,7,1,1,А
,,,,,,,,,"пауэрлифтинг - жим - весовая категория  52 кг (В1,В2,В3)",115,258,1,7,1,1,Ж
,,,,,,,,,"пауэрлифтинг - жим - весовая категория  56 кг (В1,В2,В3)",115,259,1,7,1,1,Л
,,,,,,,,,"пауэрлифтинг - жим - весовая категория  60 кг (В1,В2,В3)",115,260,1,7,1,1,Л
,,,,,,,,,"пауэрлифтинг - жим - весовая категория 67,5 кг (В1,В2,В3)",115,261,1,7,1,1,Л
,,,,,,,,,"пауэрлифтинг - жим - весовая категория  75 кг (В1,В2,В3)",115,262,1,7,1,1,Л
,,,,,,,,,"пауэрлифтинг - жим - весовая категория 82,5 кг (В1,В2,В3)",115,263,1,7,1,1,М
,,,,,,,,,"пауэрлифтинг - жим - весовая категория  90 кг (В1,В2,В3)",115,264,1,7,1,1,М
,,,,,,,,,"пауэрлифтинг - жим - весовая категория 100 кг (В1, В2, В3)",115,265,1,7,1,1,М
,,,,,,,,,"пауэрлифтинг - жим - весовая категория 110 кг (В1,В2,В3)",115,266,1,7,1,1,М
,,,,,,,,,"пауэрлифтинг - жим - весовая категория 125 кг (В1,В2,В3)",115,267,1,7,1,1,М
,,,,,,,,,"пауэрлифтинг - жим - весовая категория 125+ кг (В1,В2,В3)",115,268,1,7,1,1,М
,,,,,,,,,плавание  - баттерфляй   100 м (В1) - бассейн 25м,115,230,1,7,1,1,Д
,,,,,,,,,плавание  - баттерфляй   100 м (В1),115,166,1,7,1,1,Я
,,,,,,,,,плавание -  баттерфляй   100 м (В2) - бассейн 25м,115,231,1,7,1,1,Н
,,,,,,,,,плавание -  баттерфляй   100 м (В2),115,167,1,7,1,1,Я
,,,,,,,,,плавание -  баттерфляй   100 м (В3) - бассейн 25м,115,232,1,7,1,1,Д
,,,,,,,,,плавание -  баттерфляй   100 м (В3),115,168,1,7,1,1,Я
,,,,,,,,,плавание -  баттерфляй   200 м (В1),115,169,1,7,1,1,Я
,,,,,,,,,плавание -  баттерфляй   200 м (В2),115,170,1,7,1,1,Я
,,,,,,,,,плавание -  баттерфляй   200 м (В3),115,171,1,7,1,1,Я
,,,,,,,,,плавание -  баттерфляй  50 м (В1),115,163,1,7,1,1,Я
,,,,,,,,,плавание -  баттерфляй  50 м (В2) - бассейн 25м,115,233,1,7,1,1,Ю
,,,,,,,,,плавание -  баттерфляй  50 м (В2),115,269,1,7,1,1,Я
,,,,,,,,,плавание -  баттерфляй  50 м (В3) - бассейн 25м,115,234,1,7,1,1,Н
,,,,,,,,,плавание -  баттерфляй  50 м (В3),115,270,1,7,1,1,Я
,,,,,,,,,плавание -  брасс   50 м (В1) - бассейн 25м,115,235,1,7,1,1,Ю
,,,,,,,,,плавание -  брасс   50 м (В1),115,154,1,7,1,1,Я
,,,,,,,,,плавание -  брасс   50 м (В2) - бассейн 25м,115,236,1,7,1,1,Н
,,,,,,,,,плавание -  брасс   50 м (В2),115,155,1,7,1,1,Я
,,,,,,,,,плавание -  брасс   50 м (В3) - бассейн 25м,115,237,1,7,1,1,Н
,,,,,,,,,плавание -  брасс   50 м (В3),115,156,1,7,1,1,Я
,,,,,,,,,плавание -  брасс  100 м (В1) - бассейн 25м,115,238,1,7,1,1,Н
,,,,,,,,,плавание -  брасс  100 м (В1),115,157,1,7,1,1,Я
,,,,,,,,,плавание -  брасс  100 м (В2) - бассейн 25м,115,239,1,7,1,1,Н
,,,,,,,,,плавание -  брасс  100 м (В2),115,158,1,7,1,1,Я
,,,,,,,,,плавание -  брасс  100 м (В3) - бассейн 25м,115,240,1,7,1,1,Н
,,,,,,,,,плавание -  брасс  100 м (В3),115,159,1,7,1,1,Я
,,,,,,,,,плавание -  брасс  200 м (В1),115,160,1,7,1,1,Я
,,,,,,,,,плавание -  брасс  200 м (В2),115,161,1,7,1,1,Я
,,,,,,,,,плавание -  брасс  200 м (В3),115,162,1,7,1,1,Я
,,,,,,,,,плавание -  вольный стиль   50 м (В1) - бассейн 25м,115,241,1,7,1,1,Ю
,,,,,,,,,плавание -  вольный стиль   50 м (В1),115,127,1,7,1,1,Я
,,,,,,,,,плавание -  вольный стиль   50 м (В2) - бассейн 25м,115,242,1,7,1,1,Н
,,,,,,,,,плавание -  вольный стиль   50 м (В2),115,128,1,7,1,1,Я
,,,,,,,,,плавание -  вольный стиль   50 м (В3) - бассейн 25м,115,243,1,7,1,1,Н
,,,,,,,,,плавание -  вольный стиль   50 м (В3),115,129,1,7,1,1,Я
,,,,,,,,,плавание -  вольный стиль  100 м (В1) - бассейн 25м,115,244,1,7,1,1,Н
,,,,,,,,,плавание -  вольный стиль  100 м (В1),115,130,1,7,1,1,Я
,,,,,,,,,плавание -  вольный стиль  100 м (В2) - бассейн 25м,115,245,1,7,1,1,Н
,,,,,,,,,плавание -  вольный стиль  100 м (В2),115,131,1,7,1,1,Я
,,,,,,,,,плавание -  вольный стиль  100 м (В3) - бассейн 25м,115,246,1,7,1,1,Н
,,,,,,,,,плавание -  вольный стиль  100 м (В3),115,132,1,7,1,1,Я
,,,,,,,,,плавание -  вольный стиль  200 м (В1) - бассейн 25м,115,247,1,7,1,1,Н
,,,,,,,,,плавание -  вольный стиль  200 м (В1),115,133,1,7,1,1,Я
,,,,,,,,,плавание -  вольный стиль  200 м (В2) - бассейн 25м,115,248,1,7,1,1,Н
,,,,,,,,,плавание -  вольный стиль  200 м (В2),115,134,1,7,1,1,Я
,,,,,,,,,плавание -  вольный стиль  200 м (В3) - бассейн 25м,115,249,1,7,1,1,Н
,,,,,,,,,плавание -  вольный стиль  200 м (В3),115,135,1,7,1,1,Я
,,,,,,,,,плавание -  вольный стиль  400 м (В1),115,136,1,7,1,1,Я
,,,,,,,,,плавание -  вольный стиль  400 м (В2),115,137,1,7,1,1,Я
,,,,,,,,,плавание -  вольный стиль  400 м (В3),115,138,1,7,1,1,Я
,,,,,,,,,плавание -  вольный стиль  800 м (В1),115,139,1,7,1,1,Я
,,,,,,,,,плавание -  вольный стиль  800 м (В2),115,140,1,7,1,1,Я
,,,,,,,,,плавание -  вольный стиль  800 м (В3),115,141,1,7,1,1,Я
,,,,,,,,,плавание -  вольный стиль 1500 м (В1),115,142,1,7,1,1,А
,,,,,,,,,плавание -  вольный стиль 1500 м (В2),115,143,1,7,1,1,Я
,,,,,,,,,плавание -  вольный стиль 1500 м (В3),115,144,1,7,1,1,Я
,,,,,,,,,плавание -  на спине   50 м (В1) - бассейн 25м,115,250,1,7,1,1,Н
,,,,,,,,,плавание -  на спине   50 м (В1),115,145,1,7,1,1,Я
,,,,,,,,,плавание -   на спине   50 м (В2) - бассейн 25м,115,251,1,7,1,1,Н
,,,,,,,,,плавание -  на спине   50 м (В2),115,149,1,7,1,1,Я
,,,,,,,,,плавание -  на спине   50 м (В3) - бассейн 25м,115,252,1,7,1,1,Н
,,,,,,,,,плавание -  на спине   50 м (В3),115,150,1,7,1,1,Я
,,,,,,,,,плавание -  на спине  100 м (В1) - бассейн 25м,115,253,1,7,1,1,Н
,,,,,,,,,плавание -  на спине  100 м (В1),115,146,1,7,1,1,Я
,,,,,,,,,плавание -  на спине  100 м (В2) - бассейн 25м,115,254,1,7,1,1,Н
,,,,,,,,,плавание -  на спине  100 м (В2),115,147,1,7,1,1,Я
,,,,,,,,,плавание -  на спине  100 м (В3) - бассейн 25м,115,255,1,7,1,1,Н
,,,,,,,,,плавание -  на спине  100 м (В3),115,148,1,7,1,1,Я
,,,,,,,,,плавание -  на спине  200 м (В1),115,151,1,7,1,1,Я
,,,,,,,,,плавание -  на спине  200 м (В2),115,152,1,7,1,1,Я
,,,,,,,,,плавание -  на спине  200 м (В3),115,153,1,7,1,1,Я
,,,,,,,,,плавание - комплексное   200 м (В1),115,172,1,7,1,1,Я
,,,,,,,,,плавание - комплексное   200 м (В2),115,173,1,7,1,1,Я
,,,,,,,,,плавание - комплексное   200 м (В3),115,174,1,7,1,1,Я
,,,,,,,,,плавание - комплексное   400 м (В1),115,175,1,7,1,1,Я
,,,,,,,,,плавание - комплексное   400 м (В2),115,176,1,7,1,1,Я
,,,,,,,,,плавание - комплексное   400 м (В3),115,177,1,7,1,1,Я
,,,,,,,,,"плавание - эстафета вол. стиль 4х 50м (В1,В2,В3)",115,178,1,7,1,1,Я
,,,,,,,,,"плавание - эстафета вол. стиль 4х100м (В1,В2,В3) - бассейн 25м",115,256,1,7,1,1,Н
,,,,,,,,,"плавание - эстафета вол. стиль 4х100м (В1,В2,В3)",115,179,1,7,1,1,Я
,,,,,,,,,"плавание - эстафета комбинир. 4х 50м (В1,В2,В3)",115,180,1,7,1,1,Я
,,,,,,,,,"плавание - эстафета комбинир. 4х100м (В1,В2,В3) басссейн 25м",115,257,1,7,1,1,Н
,,,,,,,,,"плавание - эстафета комбинир. 4х100м (В1,В2,В3) ",115,181,1,7,1,1,Я
,,,,,,,,,"пулевая стрельба - ВМ1 60 выстрелов, лежа (В1,В2,В3)",115,195,1,7,1,1,А
,,,,,,,,,"пулевая стрельба - ВМ2 120 выстрелов, три положения (В1,В2,В3)",115,196,1,7,1,1,А
,,,,,,,,,"пулевая стрельба - ВМ3 60 выстрелов, стоя (В1,В2,В3)",115,197,1,7,1,1,А
,,,,,,,,,"пулевая стрельба - ВW1 60 выстрелов, лежа (В1,В2,В3)",115,198,1,7,1,1,Б
,,,,,,,,,"пулевая стрельба - ВW2 60 выстрелов, три положения (В1,В2,В3)",115,199,1,7,1,1,Б
,,,,,,,,,"пулевая стрельба - ВW3 40 выстрелов, стоя (В1,В2,В3)",115,200,1,7,1,1,Б
,,,,,,,,,"пулевая стрельба - ВМ1 и ВW1 60 выстрелов, лежа (В1,В2,В3)",115,201,1,7,1,1,Я
,,,,,,,,,"пулевая стрельба - ВМ2/3 и ВW2/3, лежа (В1,В2,В3)",115,202,1,7,1,1,Я
,,,,,,,,,"самбо - весовая категория  48 кг (В1,В2,В3)",115,272,1,7,1,1,Ж
,,,,,,,,,"самбо - весовая категория  52 кг (В1,В2,В3)",115,273,1,7,1,1,Ж
,,,,,,,,,"самбо - весовая категория  56 кг (В1,В2,В3)",115,274,1,7,1,1,Ж
,,,,,,,,,"самбо - весовая категория  57 кг (В1,В2,В3)",115,275,1,7,1,1,М
,,,,,,,,,"самбо - весовая категория  62 кг (В1,В2,В3)",115,276,1,7,1,1,М
,,,,,,,,,"самбо - весовая категория  64 кг (В1,В2,В3)",115,277,1,7,1,1,Ж
,,,,,,,,,"самбо - весовая категория  68 кг (В1,В2,В3)",115,278,1,7,1,1,М
,,,,,,,,,"самбо - весовая категория  72 кг (В1,В2,В3)",115,279,1,7,1,1,Ж
,,,,,,,,,"самбо - весовая категория  74 кг (В1,В2,В3)",115,280,1,7,1,1,М
,,,,,,,,,"самбо - весовая категория  80 кг (В1,В2,В3)",115,281,1,7,1,1,Ж
,,,,,,,,,"самбо - весовая категория  80+ кг (В1,В2,В3)",115,282,1,7,1,1,Ж
,,,,,,,,,"самбо - весовая категория  90 кг (В1,В2,В3)",115,283,1,7,1,1,М
,,,,,,,,,"самбо - весовая категория  100 кг (В1,В2,В3)",115,284,1,7,1,1,М
,,,,,,,,,"самбо - весовая категория  100+ кг (В1,В2,В3)",115,285,1,7,1,1,М
,,,,,,,,,спортивный туризм - многоборье  (В1),115,187,1,7,1,1,Я
,,,,,,,,,спортивный туризм - многоборье  (В2),115,188,1,7,1,1,Я
,,,,,,,,,спортивный туризм - многоборье  (В3),115,189,1,7,1,1,Я
,,,,,,,,,"торбол (В1,В2,В3)",115,182,2,7,1,1,Я
,,,,,,,,,футбол - мини-футбол 5х5 (В1),115,164,2,7,1,1,А
,,,,,,,,,"футбол - мини-футбол 5х5 (В1, В2, В3)",115,047,2,7,1,1,Ж
,,,,,,,,,"футбол - футзал 5х5 (В2, В3)",115,165,2,7,1,1,А
,,,,,,,,,"шахматы - (В1,В2,В3)",115,184,2,7,1,1,Я
,,,,,,,,,"шахматы - быстрая игра - командные соревнования (В1,В2,В3)",115,210,2,7,1,1,М
,,,,,,,,,шахматы - молниеносная игра (В1),115,211,2,7,1,1,Л
,,,,,,,,,"шахматы - молниеносная игра (В2,В3)",115,212,2,7,1,1,Л
,,,,,,,,,"шахматы - быстрая игра (В1,В2,В3)",115,209,2,7,1,1,М
,,,,,,,,,"шашки - русские - быстрая игра (В1,В2,В3)",115,203,2,7,1,1,Я
,,,,,,,,,"шашки - русские - командные соревнования (В1,В2,В3)",115,204,2,7,1,1,М
,,,,,,,,,шашки - русские - молниеносная игра (В1),115,206,2,7,1,1,Я
,,,,,,,,,"шашки - русские - молниеносная игра (В2,В3)",115,205,2,7,1,1,Я
,,,,,,,,,"шашки - русские (В1,В2,В3)",115,183,2,7,1,1,Я
,,,,,,,,,"шашки - стоклеточные - командные соревнования (В1,В2,В3)",115,207,2,7,1,1,М
,,,,,,,,,"шашки - стоклеточные (В1,В2,В3)",115,208,2,7,1,1,Я
116,Спортивная акробатика,081,000,1,5,1,1,Я,пара - балансовое упражнение,081,001,1,8,1,1,Я
,,,,,,,,,пара - темповое упражнение,081,002,1,8,1,1,Я
,,,,,,,,,пара - многоборье,081,003,1,8,1,1,Я
,,,,,,,,,пара - комбинированное упражнение,081,017,1,8,1,1,Я
,,,,,,,,,смешанная пара -  балансовое упражнение,081,004,1,8,1,1,Я
,,,,,,,,,смешанная пара -  темповое упражнение,081,005,1,8,1,1,Я
,,,,,,,,,смешанная пара - многоборье,081,006,1,8,1,1,Я
,,,,,,,,,смешанная пара - комбинированное упражнение,081,018,1,8,1,1,Я
,,,,,,,,,тройка - балансовое упражнение,081,007,1,8,1,1,Б
,,,,,,,,,тройка - темповое упражнение,081,008,1,8,1,1,Б
,,,,,,,,,тройка - многоборье,081,009,1,8,1,1,Б
,,,,,,,,,тройка - комбинированное упражнение,081,019,1,8,1,1,Б
,,,,,,,,,четверка - балансовое упражнение,081,010,1,8,1,1,А
,,,,,,,,,четверка - темповое упражнение,081,011,1,8,1,1,А
,,,,,,,,,четверка - многоборье,081,012,1,8,1,1,А
,,,,,,,,,четверка - комбинированное упражнение,081,020,1,8,1,1,А
,,,,,,,,,командные соревнования,081,013,1,8,1,1,Л
117,Спортивная аэробика,082,000,1,4,1,1,Я,индивидуальные выступления,082,001,1,8,1,1,Я
,,,,,,,,,смешанные пары,082,002,1,8,1,1,Я
,,,,,,,,,трио,082,003,1,8,1,1,Я
,,,,,,,,,группа - 5,082,004,1,8,1,1,Я
,,,,,,,,,гимнастическая платформа,082,005,1,8,1,1,Л
,,,,,,,,,танцевальная гимнастика,082,006,1,8,1,1,Л
118,Спортивная гимнастика,016,000,1,6,1,1,Я,командные соревнования,016,001,1,6,1,1,Я
,,,,,,,,,многоборье,016,002,1,6,1,1,Я
,,,,,,,,,вольные упражнения,016,003,1,6,1,1,Я
,,,,,,,,,конь,016,004,1,6,1,1,А
,,,,,,,,,кольца,016,005,1,6,1,1,А
,,,,,,,,,опорный прыжок,016,006,1,6,1,1,Я
,,,,,,,,,параллельные брусья,016,007,1,6,1,1,А
,,,,,,,,,перекладина,016,008,1,6,1,1,А
,,,,,,,,,разновысокие брусья,016,009,1,6,1,1,Б
,,,,,,,,,бревно,016,010,1,6,1,1,Б
119,Спортивное ориентирование,083,000,5,5,1,1,Я,кросс - спринт,083,001,1,8,1,1,Я
,,,,,,,,,кросс - классика,083,002,1,8,1,1,Я
,,,,,,,,,кросс - классика - общий старт,083,010,1,8,1,1,Я
,,,,,,,,,кросс - лонг,083,003,1,8,1,1,Я
,,,,,,,,,кросс - марафон,083,004,1,8,1,1,Л
,,,,,,,,,кросс - многодневный,083,005,1,8,1,1,Я
,,,,,,,,,кросс - эстафета - 2 человека,083,006,1,8,1,1,Я
,,,,,,,,,кросс - эстафета - 3 человека,083,007,1,8,1,1,Я
,,,,,,,,,кросс - эстафета - 4 человека,083,008,1,8,1,1,Я
,,,,,,,,,кросс - спринт - общий старт,083,009,1,8,1,1,Я
,,,,,,,,,кросс - лонг - общий старт,083,011,1,8,1,1,Я
,,,,,,,,,кросс - выбор,083,012,1,8,1,1,Я
,,,,,,,,,лыжная гонка - спринт,083,013,3,8,1,1,Я
,,,,,,,,,лыжная гонка - классика,083,014,3,8,1,1,Я
,,,,,,,,,лыжная гонка - классика - общий старт,083,029,3,8,1,1,Я
,,,,,,,,,лыжная гонка - лонг,083,015,3,8,1,1,Я
,,,,,,,,,лыжная гонка-  марафон,083,016,3,8,1,1,Л
,,,,,,,,,лыжная гонка-  многодневная,083,017,3,8,1,1,Я
,,,,,,,,,лыжная гонка - эстафета - 2 человека,083,030,3,8,1,1,Л
,,,,,,,,,лыжная гонка - эстафета - 3 человека,083,018,3,8,1,1,Я
,,,,,,,,,лыжная гонка - лонг - общий старт,083,019,3,8,1,1,Я
,,,,,,,,,лыжная гонка - маркированная трасса,083,020,3,8,1,1,Я
,,,,,,,,,лыжная гонка - эстафета - маркированная трасса - 3 человека,083,021,3,8,1,1,Я
,,,,,,,,,лыжная гонка - комбинация,083,022,3,8,1,1,Я
,,,,,,,,,велокросс – спринт,083,023,1,8,1,1,Я
,,,,,,,,,велокросс - классика,083,024,1,8,1,1,Я
,,,,,,,,,велокросс - лонг,083,025,1,8,1,1,Я
,,,,,,,,,велокросс - эстафета - 2 человека,083,028,1,8,1,1,Я
,,,,,,,,,велокросс - эстафета 3 человека,083,026,1,8,1,1,Я
,,,,,,,,,велокросс - общий старт,083,027,1,8,1,1,Я
120,Спортивное программирование,101,000,1,3,1,1,Я,программирование алгоритмическое,101,001,1,8,1,1,Я
,,,,,,,,,программирование продуктовое,101,002,1,8,1,1,Я
,,,,,,,,,программирование беспилотных авиационных систем,101,003,1,8,1,1,Я
,,,,,,,,,программирование робототехники,101,004,1,8,1,1,Я
,,,,,,,,,программирование систем информационной безопасности,101,005,1,8,1,1,Я
121,Спортивный туризм,084,000,5,4,1,1,Я,маршрут - водный (1-6 категория),084,002,1,8,1,1,Я
,,,,,,,,,маршрут - горный (1-6 категория),084,003,1,8,1,1,Я
,,,,,,,,,маршрут - комбинированный (1-6 категория),084,008,1,8,1,1,Я
,,,,,,,,,маршрут - лыжный (1-6 категория),084,004,1,8,1,1,Я
,,,,,,,,,маршрут - на средствах передвижения (1-6 категория),084,006,1,8,1,1,Я
,,,,,,,,,маршрут - парусный (1-6 категория),084,005,1,8,1,1,Я
,,,,,,,,,маршрут - пешеходный (1-6 категория),084,001,1,8,1,1,Я
,,,,,,,,,маршрут - спелео (1-6 категория),084,007,1,8,1,1,Я
,,,,,,,,,дистанция - водная -  каяк,084,015,1,8,1,1,Я
,,,,,,,,,дистанция - водная - байдарка,084,017,1,8,1,1,Я
,,,,,,,,,дистанция - водная - катамаран 2,084,018,1,8,1,1,Я
,,,,,,,,,дистанция - водная - катамаран 4,084,019,1,8,1,1,Я
,,,,,,,,,дистанция - водная - командная гонка,084,020,1,8,1,1,Я
,,,,,,,,,дистанция - горная - группа,084,021,1,8,1,1,Я
,,,,,,,,,дистанция - горная - связка,084,010,1,8,1,1,Я
,,,,,,,,,дистанция - комбинированная,084,016,1,8,1,1,Я
,,,,,,,,,дистанция - лыжная - группа,084,023,3,8,1,1,Я
,,,,,,,,,дистанция - лыжная - связка,084,022,3,8,1,1,Я
,,,,,,,,,дистанция - лыжная,084,011,3,8,1,1,Я
,,,,,,,,,дистанция - на средствах передвижения - группа,084,028,1,8,1,1,Я
,,,,,,,,,дистанция - на средствах передвижения,084,014,1,8,1,1,Я
,,,,,,,,,дистанция - парусная,084,012,1,8,1,1,Я
,,,,,,,,,дистанция - пешеходная - группа,084,025,1,8,1,1,Я
,,,,,,,,,дистанция - пешеходная - связка,084,024,1,8,1,1,Я
,,,,,,,,,дистанция - пешеходная,084,009,1,8,1,1,Я
,,,,,,,,,дистанция - спелео - группа,084,027,1,8,1,1,Я
,,,,,,,,,дистанция - спелео - связка,084,026,1,8,1,1,Я
,,,,,,,,,дистанция - спелео,084,013,1,8,1,1,Я
,,,,,,,,,северная ходьба,084,029,1,8,1,1,Л
122,Стендовая стрельба,046,000,1,6,1,1,Я,"Т-25, трап 25 мишеней",046,001,1,8,1,1,Я
,,,,,,,,,"Т-50, трап 50 мишеней",046,002,1,8,1,1,Я
,,,,,,,,,"Т-100, трап 100 мишеней",046,003,1,8,1,1,Я
,,,,,,,,,"Т-125, трап 125 мишеней",046,004,1,6,1,1,Я
,,,,,,,,,"Т-75+75, трап - пара смешанная 150 мишеней",046,005,1,6,1,1,Я
,,,,,,,,,"Т-225, трап - командные соревнования (3 человека х 75 мишеней)",046,006,1,8,1,1,Я
,,,,,,,,,"ДТ-60, дубль-трап 60 мишеней",046,007,1,8,1,1,Я
,,,,,,,,,"ДТ-120, дубль-трап 120 мишеней",046,008,1,8,1,1,Я
,,,,,,,,,"ДТ-150, дубль-трап 150 мишеней",046,009,1,8,1,1,Я
,,,,,,,,,"ДТ-360, дубль-трап - командные соревнования (3 человека х 120 мишеней)",046,010,1,8,1,1,Я
,,,,,,,,,"ДТ-450, дубль-трап - командные соревнования (3 человека х 150 мишеней)",046,011,1,8,1,1,Я
,,,,,,,,,"С-25, скит 25 мишеней",046,012,1,8,1,1,Я
,,,,,,,,,"С-50, скит 50 мишеней",046,013,1,8,1,1,Я
,,,,,,,,,"С-100, скит 100 мишеней",046,014,1,8,1,1,Я
,,,,,,,,,"С-125, скит 125 мишеней",046,015,1,6,1,1,Я
,,,,,,,,,"С-75+75, скит - пара смешанная 150 мишеней",046,016,1,8,1,1,Я
,,,,,,,,,"С-225, скит - командные соревнования (3 человека х 75 мишеней)",046,017,1,8,1,1,Я
,,,,,,,,,"СП-100, спортинг 100 мишеней",046,018,1,8,1,1,Я
,,,,,,,,,"СП-200, спортинг 200 мишеней",046,019,1,8,1,1,Я
,,,,,,,,,"СП, спортинг - командные соревнования",046,020,1,8,1,1,Я
,,,,,,,,,"СПД-100, спортинг - дуплетная стрельба 100 мишеней",046,021,1,8,1,1,Я
,,,,,,,,,"СПД-200, спортинг - дуплетная стрельба 200 мишеней",046,022,1,8,1,1,Я
,,,,,,,,,"СПД, спортинг - дуплетная  стрельба - командные соревнования",046,023,1,8,1,1,Я
,,,,,,,,,"СПК-100, спортинг-компакт 100 мишеней",046,024,1,8,1,1,Я
,,,,,,,,,"СПК-200, спортинг-компакт 200 мишеней",046,025,1,8,1,1,Я
,,,,,,,,,"СПК, спортинг-компакт - командные соревнования",046,026,1,8,1,1,Я
123,Страйкбол,034,000,2,3,1,1,Г,игра 1х1 человек,034,001,2,8,1,1,Г
,,,,,,,,,игра 2х2 человека,034,002,2,8,1,1,Г
,,,,,,,,,игра 4х4 человека,034,003,2,8,1,1,Г
124,Стрельба из арбалета,085,000,1,4,1,1,Я,"АП - 10 м, 10 выстрелов или 40 выстрелов",085,001,1,8,1,1,Я
,,,,,,,,,"АП - 18 м, 30 выстрелов или 60 выстрелов",085,002,1,8,1,1,Я
,,,,,,,,,"АП - 18 м, 60 выстрелов - командные соревнования",085,003,1,8,1,1,Л
,,,,,,,,,"АП - 18 м, 120 выстрелов + финал",085,004,1,8,1,1,Я
,,,,,,,,,"АП - 25 м, 60 выстрелов",085,005,1,8,1,1,Я
,,,,,,,,,"АП - 35 м, 30 выстрелов",085,006,1,8,1,1,Я
,,,,,,,,,"АП - 50 м, 30 выстрелов",085,007,1,8,1,1,Я
,,,,,,,,,"АП - 65 м, 30 выстрелов",085,008,1,8,1,1,Я
,,,,,,,,,"АП - 65 м, 50 м, 35 м, 90 выстрелов (30+30+30)",085,009,1,8,1,1,Я
,,,,,,,,,"АП - 65 м, 50 м, 35 м, 180 выстрелов (60+60+60) + финал 50 м",085,010,1,8,1,1,Я
,,,,,,,,,"АМ - 10 м, 10 выстрелов или 40 выстрелов + финал",085,011,1,8,1,1,Я
,,,,,,,,,"АМ - 30 м, 30 выстрелов стоя",085,013,1,8,1,1,Я
,,,,,,,,,"АМ - 30 м, 30 выстрелов с колена",085,014,1,8,1,1,Я
,,,,,,,,,"АМ - 30 м, 30 выстрелов стоя + 30 выстрелов с колена + финал",085,015,1,8,1,1,Я
125,Стрельба из лука,022,000,5,6,1,1,Я,КЛ - 12 м (30+30 выстрелов),022,016,1,8,1,1,Н
,,,,,,,,,КЛ - 18 м (30+30 выстрелов) + финал,022,005,1,8,1,1,Я
,,,,,,,,,"КЛ - 50 м, 30 м (72 выстрелов)",022,040,1,8,1,1,Н
,,,,,,,,,КЛ - 60 м (36+36 выстрелов) + финал,022,013,1,8,1,1,Н
,,,,,,,,,"КЛ - 60 м, 50 м, 40 м, 30 м (144 выстрелов) +60 м финал",022,012,1,8,1,1,Д
,,,,,,,,,КЛ - 70 м (36+36 выстрелов) + финал,022,006,1,6,1,1,Я
,,,,,,,,,КЛ - 70 м (72 выстрелов),022,038,1,8,1,1,Б
,,,,,,,,,"КЛ - 70 м, 60 м, 50 м, 30 м (144 выстрелов) + 60 м финал",022,042,1,8,1,1,Ю
,,,,,,,,,"КЛ - 70 м, 60 м, 50 м, 30 м (144 выстрелов) + 70 м финал",022,011,1,8,1,1,Б
,,,,,,,,,КЛ - 90 м (72 выстрелов),022,036,1,8,1,1,А
,,,,,,,,,"КЛ - 90 м, 70 м, 50 м, 30 м (144 выстрелов) + 70 м финал",022,007,1,8,1,1,А
,,,,,,,,,КЛ - бесприцельный - 18 м (30+30 выстрелов) + финал,022,034,1,8,1,1,Л
,,,,,,,,,КЛ - командные соревнования (квалификация + финал 60 м),022,001,1,8,1,1,Н
,,,,,,,,,КЛ - командные соревнования - смешанные (квалификация + финал 60 м),022,045,1,8,1,1,Н
,,,,,,,,,КЛ - командные соревнования (квалификация + финал 70 м),022,015,1,6,1,1,Я
,,,,,,,,,КЛ - командные соревнования - смешанные (квалификация + финал 70 м),022,044,1,6,1,1,Я
,,,,,,,,,КЛ - командные соревнования 18 м (квалицикация + финал),022,014,1,8,1,1,Я
,,,,,,,,,БЛ - 12 м (30+30 выстрелов),022,025,1,8,1,1,Н
,,,,,,,,,БЛ - 18 м (30+30 выстрелов) + финал,022,008,1,8,1,1,Я
,,,,,,,,,БЛ - 50 м (36+36 выстрелов) + финал,022,046,1,8,1,1,Я
,,,,,,,,,"БЛ - 50 м, 30 м (72 выстрелов)",022,041,1,8,1,1,Н
,,,,,,,,,БЛ - 60 м (36+36 выстрелов) + финал,022,020,1,8,1,1,Н
,,,,,,,,,"БЛ - 60 м, 50 м, 40 м, 30 м (144 выстрелов) + 60 м финал",022,021,1,8,1,1,Д
,,,,,,,,,БЛ - 70 м (36+36 выстрелов) + финал,022,017,1,8,1,1,Я
,,,,,,,,,БЛ - 70 м (72 выстрелов),022,039,1,8,1,1,Б
,,,,,,,,,"БЛ - 70 м, 60 м, 50 м, 30 м (144 выстрелов) + 60 м финал",022,043,1,8,1,1,Ю
,,,,,,,,,"БЛ - 70 м, 60 м, 50 м, 30 м (144 выстрелов) + 70 м финал",022,019,1,8,1,1,Б
,,,,,,,,,БЛ - 90 м (72 выстрелов),022,037,1,8,1,1,А
,,,,,,,,,"БЛ - 90 м, 70 м, 50 м, 30 м (144 выстрелов) + 70 м финал",022,018,1,8,1,1,А
,,,,,,,,,БЛ - командные соревнования (квалификация + финал 50 м),022,047,1,8,1,1,Я
,,,,,,,,,БЛ - командные соревнования (квалификация + финал 60 м),022,024,1,8,1,1,Н
,,,,,,,,,БЛ - командные соревнования (квалификация + финал 70 м),022,023,1,8,1,1,Я
,,,,,,,,,БЛ - командные соревнования 18 м (квалификация + финал),022,022,1,8,1,1,Я
,,,,,,,,,БЛ - командные соревнования – смешанные (квалификация + финал 50 м),022,048,1,8,1,1,Я
,,,,,,,,,3Д - КЛ - 3-30 м (квалификация + финал),022,049,1,8,1,1,Л
,,,,,,,,,3Д - БЛ - 5-45 м (квалификация + финал),022,052,1,8,1,1,Л
,,,,,,,,,3Д - составной лук - 3-30 м (квалификация + финал),022,053,1,8,1,1,Л
,,,,,,,,,3Д - длинный лук - 3-30 м (квалификация + финал),022,054,1,8,1,1,Л
,,,,,,,,,3Д - командные соревнования (квалификация + финал),022,055,1,8,1,1,Л
,,,,,,,,,асимметричный лук - 28 м (квалификация + финал),022,050,1,8,1,1,Л
,,,,,,,,,асимметричный лук - 28 м (квалификация + финал) - командные соревнования,022,051,1,8,1,1,Л
,,,,,,,,,ачери-гонка 10 км,022,002,3,8,1,1,Э
,,,,,,,,,"ачери-гонка 12,5 км",022,003,3,8,1,1,М
,,,,,,,,,ачери-гонка 8 км,022,004,3,8,1,1,Д
,,,,,,,,,"ачери-кросс  2,5 - 7,5 км",022,009,1,8,1,1,Л
,,,,,,,,,ачери-масстарт 10 км,022,010,3,8,1,1,М
,,,,,,,,,ачери-масстарт 6 км,022,026,3,8,1,1,Д
,,,,,,,,,"ачери-масстарт 7,5 км",022,027,3,8,1,1,Э
,,,,,,,,,ачери-персьют 10 км,022,028,3,8,1,1,М
,,,,,,,,,ачери-персьют 6 км,022,029,3,8,1,1,Д
,,,,,,,,,ачери-персьют 8 км,022,030,3,8,1,1,Э
,,,,,,,,,ачери-спринт 4 км,022,031,3,8,1,1,Д
,,,,,,,,,ачери-спринт 6 км,022,032,3,8,1,1,Э
,,,,,,,,,"ачери-спринт 7,5 км",022,035,3,8,1,1,М
,,,,,,,,,ачери-эстафета  (3чел. х 6 км),022,033,3,8,1,1,Я
126,Стрельба на дальние дистанции,189,000,1,4,1,1,М,"винтовка с ручным перезаряжанием, 100-1200 м ",189,001,1,8,1,1,М
,,,,,,,,,"винтовка с ручным перезаряжанием, 100-1200 м - пара",189,002,1,8,1,1,М
,,,,,,,,,"винтовка с ручным перезаряжанием, 100-1200 м - группа",189,003,1,8,1,1,М
,,,,,,,,,"винтовка полуавтоматическая, 100-1200 м",189,004,1,8,1,1,М
,,,,,,,,,"винтовка полуавтоматическая, 100-1200 м - пара",189,005,1,8,1,1,М
,,,,,,,,,"винтовка полуавтоматическая, 100-1200 м - группа",189,006,1,8,1,1,М
,,,,,,,,,винтовка - корректировка - 1000-1600 м,189,007,1,8,1,1,М
,,,,,,,,,винтовка - корректировка - 1000-1600 м - пара,189,008,1,8,1,1,М
,,,,,,,,,винтовка - корректировка - 1000-1600 м - группа,189,009,1,8,1,1,М
,,,,,,,,,винтовка - корректировка - свыше 1600 м,189,010,1,8,1,1,М
,,,,,,,,,винтовка - корректировка - свыше 1600 м - пара,189,011,1,8,1,1,М
,,,,,,,,,винтовка - корректировка - свыше 1600 м - группа,189,012,1,8,1,1,М
,,,,,,,,,"малокалиберная винтовка, 100-300 м ",189,013,1,8,1,1,М
,,,,,,,,,"малокалиберная винтовка, 100-300 м - пара",189,014,1,8,1,1,М
,,,,,,,,,"малокалиберная винтовка, 100-300 м - группа",189,015,1,8,1,1,М
,,,,,,,,,многоборье - винтовка с ручным перезаряжанием ,189,016,1,8,1,1,М
,,,,,,,,,многоборье - винтовка с ручным перезаряжанием - пара,189,017,1,8,1,1,М
,,,,,,,,,многоборье - винтовка с ручным перезаряжанием - группа,189,018,1,8,1,1,М
,,,,,,,,,многоборье - винтовка полуавтоматическая ,189,019,1,8,1,1,М
,,,,,,,,,многоборье - винтовка полуавтоматическая - пара ,189,020,1,8,1,1,М
,,,,,,,,,многоборье - винтовка полуавтоматическая - группа,189,021,1,8,1,1,М
,,,,,,,,,многоборье - карабин,189,022,1,8,1,1,М
,,,,,,,,,многоборье - карабин - пара,189,023,1,8,1,1,М
,,,,,,,,,многоборье - карабин - группа,189,024,1,8,1,1,М
127,Судомодельный спорт,151,000,1,4,1,1,Я,класс - копийный  ЕК -  600,151,001,1,8,1,1,Н
,,,,,,,,,класс - копийный  ЕК - 1250,151,002,1,8,1,1,Н
,,,,,,,,,класс - копийный  ЕЛ -  600,151,003,1,8,1,1,Н
,,,,,,,,,класс - копийный  ЕЛ - 1250,151,004,1,8,1,1,Н
,,,,,,,,,класс - копийный  ЕН -  600,151,005,1,8,1,1,Н
,,,,,,,,,класс - копийный  ЕН - 1250,151,006,1,8,1,1,Н
,,,,,,,,,класс - копийный  F-DS,151,007,1,8,1,1,Я
,,,,,,,,,класс - копийный  F2 - А,151,008,1,8,1,1,Я
,,,,,,,,,класс - копийный  F2 - В,151,009,1,8,1,1,Я
,,,,,,,,,класс - копийный  F2 - С,151,010,1,8,1,1,Я
,,,,,,,,,класс - копийный  F2 - S,151,026,1,8,1,1,Я
,,,,,,,,,класс - копийный  F4 - А,151,011,1,8,1,1,Я
,,,,,,,,,класс - копийный  F4 - В,151,012,1,8,1,1,Я
,,,,,,,,,класс - копийный  F4 - С,151,013,1,8,1,1,Я
,,,,,,,,,класс - копийный  F6,151,014,1,8,1,1,Я
,,,,,,,,,класс - копийный  F7,151,015,1,8,1,1,Я
,,,,,,,,,класс - копийный  Ф2 - Ю,151,016,1,8,1,1,Я
,,,,,,,,,класс - копийный  F-NSS-A,151,017,1,8,1,1,Я
,,,,,,,,,класс - копийный  F-NSS-B,151,018,1,8,1,1,Я
,,,,,,,,,класс - копийный  F-NSS-C,151,019,1,8,1,1,Я
,,,,,,,,,класс - копийный  F-NSS-D,151,020,1,8,1,1,Я
,,,,,,,,,класс - кордовая   A1,151,021,1,8,1,1,Я
,,,,,,,,,класс - кордовая A1Е,151,060,1,8,1,1,Л
,,,,,,,,,класс - кордовая   A2,151,022,1,8,1,1,Я
,,,,,,,,,класс - кордовая   A3,151,023,1,8,1,1,Я
,,,,,,,,,класс - кордовая   B1,151,024,1,8,1,1,Я
,,,,,,,,,класс - кордовая В1Е,151,061,1,8,1,1,Л
,,,,,,,,,"класс - скоростная  F1-V  3,5",151,025,1,8,1,1,Я
,,,,,,,,,класс - скоростная F1-V 15,151,027,1,8,1,1,Я
,,,,,,,,,класс – скоростная F1-E,151,029,1,8,1,1,Я
,,,,,,,,,класс - скоростная  F3-E,151,030,1,8,1,1,Я
,,,,,,,,,класс - скоростная  F3-V,151,031,1,8,1,1,Я
,,,,,,,,,класс - ECO эксперт,151,032,1,8,1,1,Я
,,,,,,,,,класс - ECO эксперт - мини,151,033,1,8,1,1,Я
,,,,,,,,,"класс - ECO ""TEAM""",151,034,1,8,1,1,Я
,,,,,,,,,класс - ECO стандарт,151,035,1,8,1,1,Я
,,,,,,,,,"класс - ECO ""TEAM"" - мини",151,036,1,8,1,1,Я
,,,,,,,,,класс - FSR-E,151,037,1,8,1,1,Я
,,,,,,,,,класс - гидро - H1,151,038,1,8,1,1,Я
,,,,,,,,,класс - гидро - H2,151,039,1,8,1,1,Я
,,,,,,,,,класс - гидро - мини,151,028,1,8,1,1,Я
,,,,,,,,,класс - моно - M1,151,040,1,8,1,1,Я
,,,,,,,,,класс - моно - M2,151,041,1,8,1,1,Я
,,,,,,,,,класс - моно - мини,151,056,1,8,1,1,Л
,,,,,,,,,"класс - гоночная FSR-H  3,5",151,042,1,8,1,1,Я
,,,,,,,,,"класс - гоночная FSR-H  7,5",151,043,1,8,1,1,Я
,,,,,,,,,класс - гоночная FSR-H 15,151,044,1,8,1,1,Я
,,,,,,,,,класс - гоночная FSR-H 27,151,062,1,8,1,1,Л
,,,,,,,,,"класс - гоночная FSR-O  3,5",151,045,1,8,1,1,Я
,,,,,,,,,"класс - гоночная FSR-O  7,5",151,046,1,8,1,1,Я
,,,,,,,,,класс - гоночная FSR-O 15,151,047,1,8,1,1,Я
,,,,,,,,,класс - гоночная FSR-O 27,151,057,1,8,1,1,Л
,,,,,,,,,класс - гоночная FSR-O 35,151,048,1,8,1,1,Я
,,,,,,,,,"класс - гоночная FSR-V  3,5",151,049,1,8,1,1,Я
,,,,,,,,,"класс - гоночная FSR-V  7,5",151,050,1,8,1,1,Я
,,,,,,,,,класс - гоночная FSR-V 15,151,051,1,8,1,1,Я
,,,,,,,,,класс - гоночная FSR-V 27,151,058,1,8,1,1,Л
,,,,,,,,,класс - гоночная FSR-V 35,151,052,1,8,1,1,Я
,,,,,,,,,класс - гоночная управ. яхта  F5 - М,151,053,1,8,1,1,Я
,,,,,,,,,класс - гоночная управ. яхта  F5 - 10,151,054,1,8,1,1,Я
,,,,,,,,,класс - гоночная управ. яхта  F5 - Е,151,055,1,8,1,1,Я
,,,,,,,,,класс - гоночная управляемая яхта F5 - моно,151,059,1,8,1,1,Я
128,Сумо,170,000,1,5,1,1,Я,весовая категория  30 кг,170,006,1,8,1,1,Н
,,,,,,,,,весовая категория 33 кг,170,021,1,8,1,1,Д
,,,,,,,,,весовая категория  35 кг,170,007,1,8,1,1,Н
,,,,,,,,,весовая категория 36 кг,170,022,1,8,1,1,Д
,,,,,,,,,весовая категория  40 кг,170,008,1,8,1,1,Н
,,,,,,,,,весовая категория  45 кг,170,009,1,8,1,1,Н
,,,,,,,,,весовая категория  50 кг,170,001,1,8,1,1,С
,,,,,,,,,весовая категория  55 кг,170,011,1,8,1,1,С
,,,,,,,,,весовая категория  60 кг,170,002,1,8,1,1,С
,,,,,,,,,весовая категория  60+ кг,170,012,1,8,1,1,Д
,,,,,,,,,весовая категория  65 кг,170,010,1,8,1,1,С
,,,,,,,,,весовая категория  65+ кг,170,013,1,8,1,1,Н
,,,,,,,,,весовая категория  70 кг,170,003,1,8,1,1,Ф
,,,,,,,,,весовая категория  70+ кг,170,004,1,8,1,1,Н
,,,,,,,,,весовая категория  72 кг,170,014,1,8,1,1,Ж
,,,,,,,,,весовая категория 73 кг,170,023,1,8,1,1,Б
,,,,,,,,,весовая категория  75 кг,170,015,1,8,1,1,Н
,,,,,,,,,весовая категория  75+ кг,170,016,1,8,1,1,Д
,,,,,,,,,весовая категория 77 кг,170,024,1,8,1,1,А
,,,,,,,,,весовая категория   80 кг,170,025,1,8,1,1,С
,,,,,,,,,весовая категория   80+ кг,170,030,1,8,1,1,Б
,,,,,,,,,весовая категория   85 кг,170,035,1,8,1,1,А
,,,,,,,,,весовая категория  90 кг,170,017,1,8,1,1,Ю
,,,,,,,,,весовая категория  92 кг,170,018,1,8,1,1,А
,,,,,,,,,весовая категория  95 кг,170,019,1,8,1,1,С
,,,,,,,,,весовая категория  95+ кг,170,020,1,8,1,1,С
,,,,,,,,,весовая категория   100 кг,170,040,1,8,1,1,А
,,,,,,,,,весовая категория   100+ кг,170,045,1,8,1,1,Ю
,,,,,,,,,весовая категория   115 кг,170,050,1,8,1,1,А
,,,,,,,,,весовая категория   115+ кг,170,055,1,8,1,1,А
,,,,,,,,,абсолютная категория,170,060,1,8,1,1,Я
,,,,,,,,,командные соревнования,170,005,1,8,1,1,Я
129,Танцевальный спорт,086,000,1,5,1,1,Я,европейская программа,086,001,1,8,1,1,Я
,,,,,,,,,латиноамериканская программа,086,002,1,8,1,1,Я
,,,,,,,,,двоеборье,086,003,1,8,1,1,Я
,,,,,,,,,секвей - европейская программа,086,004,1,8,1,1,Л
,,,,,,,,,секвей - латиноамериканская программа,086,005,1,8,1,1,Л
,,,,,,,,,ансамбли - европейская программа,086,006,1,8,1,1,Я
,,,,,,,,,ансамбли - латиноамериканская программа,086,007,1,8,1,1,Я
130,Теннис,013,000,2,6,1,1,Я,одиночный разряд,013,001,2,6,1,1,Я
,,,,,,,,,парный разряд,013,002,2,6,1,1,Я
,,,,,,,,,смешанный парный разряд,013,003,2,6,1,1,Я
,,,,,,,,,командные соревнования,013,004,2,8,1,1,Я
,,,,,,,,,малый теннис (пиклбол) - одиночный разряд,013,008,2,8,1,1,Я
,,,,,,,,,малый теннис (пиклбол) - парный разряд,013,009,2,8,1,1,Я
,,,,,,,,,малый теннис (пиклбол) - парный разряд - смешанный,013,010,2,8,1,1,Я
,,,,,,,,,малый теннис (пиклбол) - командные соревнования,013,011,2,8,1,1,Я
,,,,,,,,,пляжный теннис - парный разряд,013,005,2,8,1,1,Я
,,,,,,,,,пляжный теннис - смешанный парный разряд,013,006,2,8,1,1,Я
,,,,,,,,,пляжный теннис - командные соревнования,013,007,2,8,1,1,Л
131,Триатлон,030,000,5,6,1,1,Я,триатлон,030,001,1,6,1,1,Я
,,,,,,,,,триатлон - спринт,030,002,1,8,1,1,Я
,,,,,,,,,триатлон - эстафета (3 чел.),030,003,1,8,1,1,Я
,,,,,,,,,триатлон - эстафета (2 м + 2 ж),030,004,1,6,1,1,Я
,,,,,,,,,триатлон - длинная дистанция (велогонка 100-200 км),030,005,1,8,1,1,Л
,,,,,,,,,триатлон - средняя дистанция (велогонка 80-90 км),030,014,1,8,1,1,Л
,,,,,,,,,триатлон - кросс,030,012,1,8,1,1,Я
,,,,,,,,,триатлон - зимний,030,006,3,8,1,1,Я
,,,,,,,,,триатлон - лыжная гонка - эстафета - смешанная (2 человека х 2 дистанции),030,015,3,8,1,1,Л
,,,,,,,,,триатлон - зимний - эстафета (3 чел.),030,007,3,8,1,1,Я
,,,,,,,,,дуатлон,030,008,1,8,1,1,Я
,,,,,,,,,дуатлон - спринт,030,009,1,8,1,1,Я
,,,,,,,,,дуатлон - кросс,030,013,1,8,1,1,Я
,,,,,,,,,дуатлон - эстафета (3 чел.),030,010,1,8,1,1,Я
,,,,,,,,,дуатлон - лыжная гонка,030,016,3,8,1,1,Л
,,,,,,,,,акватлон,030,011,1,8,1,1,Я
,,,,,,,,,ПОДА - триатлон (РTWC),030,017,1,7,1,1,М
,,,,,,,,,"ПОДА - триатлон (РTS2, РTS3)",030,018,1,7,1,1,М
,,,,,,,,,ПОДА - триатлон (РTS4),030,019,1,7,1,1,М
,,,,,,,,,ПОДА - триатлон (РTS5),030,020,1,7,1,1,Л
,,,,,,,,,"ПОДА - триатлон (РTWС, РTS2, РTS3, РTS4)",030,021,1,7,1,1,Ж
,,,,,,,,,Сл - триатлон,030,022,1,7,1,1,Л
132,Тхэквондо,047,000,1,6,1,1,Я,ВТФ - весовая категория   29 кг,047,001,1,8,1,1,Д
,,,,,,,,,ВТФ - весовая категория   33 кг,047,003,1,8,1,1,Н
,,,,,,,,,ВТФ - весовая категория   37 кг,047,004,1,8,1,1,Н
,,,,,,,,,ВТФ - весовая категория   41 кг,047,005,1,8,1,1,Н
,,,,,,,,,ВТФ - весовая категория   42 кг,047,006,1,8,1,1,Д
,,,,,,,,,ВТФ - весовая категория   44 кг,047,008,1,8,1,1,Д
,,,,,,,,,ВТФ - весовая категория   45 кг,047,009,1,8,1,1,Ю
,,,,,,,,,ВТФ - весовая категория   46 кг,047,010,1,8,1,1,Б
,,,,,,,,,ВТФ - весовая категория   47 кг,047,011,1,8,1,1,Д
,,,,,,,,,ВТФ - весовая категория   48 кг,047,012,1,8,1,1,Ю
,,,,,,,,,ВТФ - весовая категория   49 кг,047,013,1,6,1,1,С
,,,,,,,,,ВТФ - весовая категория   51 кг,047,015,1,8,1,1,Н
,,,,,,,,,ВТФ - весовая категория   52 кг,047,016,1,8,1,1,Д
,,,,,,,,,ВТФ - весовая категория   53 кг,047,017,1,8,1,1,С
,,,,,,,,,ВТФ - весовая категория   54 кг,047,018,1,8,1,1,А
,,,,,,,,,ВТФ - весовая категория   55 кг,047,019,1,8,1,1,Н
,,,,,,,,,ВТФ - весовая категория   57 кг,047,020,1,6,1,1,С
,,,,,,,,,ВТФ - весовая категория   58 кг,047,021,1,6,1,1,А
,,,,,,,,,ВТФ - весовая категория   59 кг,047,022,1,8,1,1,Н
,,,,,,,,,ВТФ - весовая категория   59+ кг,047,023,1,8,1,1,Д
,,,,,,,,,ВТФ - весовая категория   61 кг,047,024,1,8,1,1,Ю
,,,,,,,,,ВТФ - весовая категория   62 кг,047,025,1,8,1,1,Б
,,,,,,,,,ВТФ - весовая категория   63 кг,047,026,1,8,1,1,Ф
,,,,,,,,,ВТФ - весовая категория   63+ кг,047,027,1,8,1,1,Д
,,,,,,,,,ВТФ - весовая категория   65 кг,047,028,1,8,1,1,Ю
,,,,,,,,,ВТФ - весовая категория   65+ кг,047,029,1,8,1,1,Ю
,,,,,,,,,ВТФ - весовая категория   67 кг,047,030,1,6,1,1,Б
,,,,,,,,,ВТФ - весовая категория   67+ кг,047,031,1,6,1,1,Ж
,,,,,,,,,ВТФ - весовая категория   68 кг,047,032,1,6,1,1,Ф
,,,,,,,,,ВТФ - весовая категория   68+ кг,047,033,1,8,1,1,Д
,,,,,,,,,ВТФ - весовая категория   73 кг,047,036,1,8,1,1,С
,,,,,,,,,ВТФ - весовая категория   73+ кг,047,037,1,8,1,1,С
,,,,,,,,,ВТФ - весовая категория   74 кг,047,038,1,8,1,1,А
,,,,,,,,,ВТФ - весовая категория   78 кг,047,039,1,8,1,1,Ю
,,,,,,,,,ВТФ - весовая категория   78+ кг,047,040,1,8,1,1,Ю
,,,,,,,,,ВТФ - весовая категория   80 кг,047,041,1,6,1,1,А
,,,,,,,,,ВТФ - весовая категория   80+ кг,047,042,1,6,1,1,М
,,,,,,,,,ВТФ - весовая категория   87 кг,047,045,1,8,1,1,А
,,,,,,,,,ВТФ - весовая категория   87+ кг,047,046,1,8,1,1,А
,,,,,,,,,ВТФ - командные соревнования,047,047,1,8,1,1,Л
,,,,,,,,,ВТФ - пхумсэ - индивидуальная программа,047,048,1,8,1,1,Я
,,,,,,,,,ВТФ - пхумсэ - двойки смешанные,047,049,1,8,1,1,Я
,,,,,,,,,ВТФ - пхумсэ- тройки,047,050,1,8,1,1,Я
,,,,,,,,,ВТФ - пхумсэ - пятерки смешанные,047,051,1,8,1,1,Я
,,,,,,,,,ВТФ - пхумсэ - фристайл - индивидуальная программа,047,067,1,8,1,1,Я
,,,,,,,,,ВТФ - пхумсэ - фристайл – двойки смешанные,047,068,1,8,1,1,Я
,,,,,,,,,ВТФ - пхумсэ - фристайл – пятерки смешанные,047,069,1,8,1,1,Н
,,,,,,,,,"ВТФ - ПОДА - весовая категория 47 кг (К41, К44)",047,002,1,7,1,1,Ж
,,,,,,,,,"ВТФ - ПОДА - весовая категория 52 кг (К41, К44)",047,007,1,7,1,1,Ж
,,,,,,,,,"ВТФ - ПОДА - весовая категория 57 кг (К41, К44)",047,014,1,7,1,1,Ж
,,,,,,,,,"ВТФ - ПОДА - весовая категория 65 кг (К41, К44)",047,034,1,7,1,1,Ж
,,,,,,,,,"ВТФ - ПОДА - весовая категория 65+ кг (К41, К44)",047,035,1,7,1,1,Ж
,,,,,,,,,"ВТФ - ПОДА - весовая категория 58 кг (К41, К44)",047,043,1,7,1,1,М
,,,,,,,,,"ВТФ - ПОДА - весовая категория 63 кг (К41, К44)",047,044,1,7,1,1,М
,,,,,,,,,"ВТФ - ПОДА - весовая категория 70 кг (К41, К44)",047,052,1,7,1,1,М
,,,,,,,,,"ВТФ - ПОДА - весовая категория 80 кг (К41, К44)",047,053,1,7,1,1,М
,,,,,,,,,"ВТФ - ПОДА - весовая категория 80+ кг (К41, К44)",047,054,1,7,1,1,М
,,,,,,,,,ВТФ - ПОДА - пхумсэ (Р31-Р34),047,070,1,7,1,1,Л
133,Тхэквондо ГТФ,182,000,1,4,1,1,Я,весовая категория 26 кг,182,001,1,8,1,1,Н
,,,,,,,,,весовая категория 30 кг,182,002,1,8,1,1,Н
,,,,,,,,,весовая категория 34 кг,182,003,1,8,1,1,Н
,,,,,,,,,весовая категория 35 кг,182,004,1,8,1,1,Н
,,,,,,,,,весовая категория 38 кг,182,005,1,8,1,1,Н
,,,,,,,,,весовая категория 40 кг,182,006,1,8,1,1,Н
,,,,,,,,,весовая категория 43 кг,182,007,1,8,1,1,Н
,,,,,,,,,весовая категория 45 кг,182,008,1,8,1,1,Н
,,,,,,,,,весовая категория 46 кг,182,009,1,8,1,1,Н
,,,,,,,,,весовая категория 48 кг,182,010,1,8,1,1,Н
,,,,,,,,,весовая категория 50 кг,182,011,1,8,1,1,Н
,,,,,,,,,весовая категория 52 кг,182,012,1,8,1,1,С
,,,,,,,,,весовая категория 53 кг,182,013,1,8,1,1,Н
,,,,,,,,,весовая категория 53+ кг,182,014,1,8,1,1,Н
,,,,,,,,,весовая категория 55 кг,182,015,1,8,1,1,Н
,,,,,,,,,весовая категория 58 кг,182,016,1,8,1,1,Я
,,,,,,,,,весовая категория 60 кг,182,017,1,8,1,1,Н
,,,,,,,,,весовая категория 64 кг,182,018,1,8,1,1,Я
,,,,,,,,,весовая категория 65 кг,182,019,1,8,1,1,Н
,,,,,,,,,весовая категория 65+ кг,182,020,1,8,1,1,Н
,,,,,,,,,весовая категория 70 кг,182,021,1,8,1,1,Я
,,,,,,,,,весовая категория 70+ кг,182,022,1,8,1,1,Д
,,,,,,,,,весовая категория 76 кг,182,023,1,8,1,1,Г
,,,,,,,,,весовая категория 76+ кг,182,024,1,8,1,1,Э
,,,,,,,,,весовая категория 82 кг,182,025,1,8,1,1,М
,,,,,,,,,весовая категория 82+ кг,182,026,1,8,1,1,М
,,,,,,,,,поединок - командные соревнования,182,027,1,8,1,1,Я
,,,,,,,,,стоп-балл - весовая категория 26 кг,182,028,1,8,1,1,Н
,,,,,,,,,стоп-балл - весовая категория 30 кг,182,029,1,8,1,1,Н
,,,,,,,,,стоп-балл - весовая категория 34 кг,182,030,1,8,1,1,Н
,,,,,,,,,стоп-балл - весовая категория 35 кг,182,031,1,8,1,1,Н
,,,,,,,,,стоп-балл - весовая категория 38 кг,182,032,1,8,1,1,Н
,,,,,,,,,стоп-балл - весовая категория 40 кг,182,033,1,8,1,1,Н
,,,,,,,,,стоп-балл - весовая категория 43 кг,182,034,1,8,1,1,Н
,,,,,,,,,стоп-балл - весовая категория 45 кг,182,035,1,8,1,1,Н
,,,,,,,,,стоп-балл - весовая категория 46 кг,182,036,1,8,1,1,Н
,,,,,,,,,стоп-балл - весовая категория 48 кг,182,037,1,8,1,1,Н
,,,,,,,,,стоп-балл - весовая категория 50 кг,182,038,1,8,1,1,Н
,,,,,,,,,стоп-балл - весовая категория 52 кг,182,039,1,8,1,1,С
,,,,,,,,,стоп-балл - весовая категория 53 кг,182,040,1,8,1,1,Н
,,,,,,,,,стоп-балл - весовая категория 53+ кг,182,041,1,8,1,1,Н
,,,,,,,,,стоп-балл - весовая категория 55 кг,182,042,1,8,1,1,Н
,,,,,,,,,стоп-балл - весовая категория 58 кг,182,043,1,8,1,1,Я
,,,,,,,,,стоп-балл - весовая категория 60 кг,182,044,1,8,1,1,Н
,,,,,,,,,стоп-балл - весовая категория 64 кг,182,045,1,8,1,1,Я
,,,,,,,,,стоп-балл - весовая категория 65 кг,182,046,1,8,1,1,Н
,,,,,,,,,стоп-балл - весовая категория 65+ кг,182,047,1,8,1,1,Н
,,,,,,,,,стоп-балл - весовая категория 70 кг,182,048,1,8,1,1,Я
,,,,,,,,,стоп-балл - весовая категория 70+ кг,182,049,1,8,1,1,Д
,,,,,,,,,стоп-балл - весовая категория 76 кг,182,050,1,8,1,1,Г
,,,,,,,,,стоп-балл - весовая категория 76+ кг,182,051,1,8,1,1,Э
,,,,,,,,,стоп-балл - весовая категория 82 кг,182,052,1,8,1,1,М
,,,,,,,,,стоп-балл - весовая категория 82+ кг,182,053,1,8,1,1,М
,,,,,,,,,стоп-балл - командные соревнования,182,054,1,8,1,1,Я
,,,,,,,,,хъёнг - 9 упражнений,182,055,1,8,1,1,Н
,,,,,,,,,хъёнг - 11 упражнений,182,056,1,8,1,1,Н
,,,,,,,,,хъёнг - 15 упражнений,182,057,1,8,1,1,Я
,,,,,,,,,хъёнг - 19 упражнений,182,058,1,8,1,1,Я
,,,,,,,,,хъёнг - 23 упражнения,182,059,1,8,1,1,Я
,,,,,,,,,хъёнг - 30 упражнений,182,060,1,8,1,1,Л
,,,,,,,,,хъёнг - пара,182,061,1,8,1,1,Я
,,,,,,,,,хъёнг - командные соревнования,182,062,1,8,1,1,Я
,,,,,,,,,разбивание досок - удар кулаком,182,063,1,8,1,1,М
,,,,,,,,,разбивание досок - удар ребром ладони,182,064,1,8,1,1,Л
,,,,,,,,,разбивание досок - удар ногой боковой ,182,065,1,8,1,1,Л
,,,,,,,,,разбивание досок - удар ногой круговой ,182,066,1,8,1,1,Л
,,,,,,,,,разбивание досок - удар ногой с разворотом,182,067,1,8,1,1,М
,,,,,,,,,разбивание досок - командные соревнования,182,068,1,8,1,1,Л
,,,,,,,,,специальная техника - удар в длину боковой ,182,069,1,8,1,1,Л
,,,,,,,,,специальная техника - удар в высоту прямой ,182,070,1,8,1,1,Л
,,,,,,,,,специальная техника - удар в высоту круговой,182,071,1,8,1,1,Л
,,,,,,,,,специальная техника - удар в высоту круговой с разворотом ,182,072,1,8,1,1,М
,,,,,,,,,специальная техника - удар в высоту боковой с разворотом ,182,073,1,8,1,1,М
,,,,,,,,,специальная техника - командные соревнования,182,074,1,8,1,1,Л
,,,,,,,,,ИН - имитация техники,182,075,1,8,1,1,Я
,,,,,,,,,ИН - хъёнг,182,076,1,8,1,1,Я
,,,,,,,,,ИН - хъёнг - командные соревнования,182,077,1,8,1,1,Я
134,Тхэквондо ИТФ,102,000,1,4,1,1,Я,весовая категория 30 кг,102,001,1,8,1,1,Д
,,,,,,,,,весовая категория 35 кг,102,002,1,8,1,1,Н
,,,,,,,,,весовая категория 40 кг,102,003,1,8,1,1,Н
,,,,,,,,,весовая категория 45 кг,102,004,1,8,1,1,Н
,,,,,,,,,весовая категория 46 кг,102,005,1,8,1,1,Д
,,,,,,,,,весовая категория 47 кг,102,006,1,8,1,1,Ж
,,,,,,,,,весовая категория 50 кг,102,007,1,8,1,1,Н
,,,,,,,,,весовая категория 51 кг,102,008,1,8,1,1,Ю
,,,,,,,,,весовая категория 52 кг,102,009,1,8,1,1,К
,,,,,,,,,весовая категория 55 кг,102,010,1,8,1,1,Н
,,,,,,,,,весовая категория 55+ кг,102,011,1,8,1,1,Д
,,,,,,,,,весовая категория 57 кг,102,012,1,8,1,1,Э
,,,,,,,,,весовая категория 58 кг,102,013,1,8,1,1,Е
,,,,,,,,,весовая категория 60 кг,102,014,1,8,1,1,Н
,,,,,,,,,весовая категория 60+ кг,102,015,1,8,1,1,Ю
,,,,,,,,,весовая категория 62 кг,102,016,1,8,1,1,Ж
,,,,,,,,,весовая категория 63 кг,102,017,1,8,1,1,Ю
,,,,,,,,,весовая категория 64 кг,102,018,1,8,1,1,Е
,,,,,,,,,весовая категория 65 кг,102,019,1,8,1,1,Н
,,,,,,,,,весовая категория 65+ кг,102,020,1,8,1,1,Д
,,,,,,,,,весовая категория 67 кг,102,021,1,8,1,1,Ж
,,,,,,,,,весовая категория 69 кг,102,022,1,8,1,1,Ю
,,,,,,,,,весовая категория 70 кг,102,023,1,8,1,1,Н
,,,,,,,,,весовая категория 70+ кг,102,024,1,8,1,1,Н
,,,,,,,,,весовая категория 71 кг,102,025,1,8,1,1,М
,,,,,,,,,весовая категория 72 кг,102,026,1,8,1,1,Ж
,,,,,,,,,весовая категория 75 кг,102,027,1,8,1,1,Ю
,,,,,,,,,весовая категория 75+ кг,102,028,1,8,1,1,Ю
,,,,,,,,,весовая категория 77 кг,102,029,1,8,1,1,Ж
,,,,,,,,,весовая категория 77+ кг,102,030,1,8,1,1,Ж
,,,,,,,,,весовая категория 78 кг,102,031,1,8,1,1,М
,,,,,,,,,весовая категория 85 кг,102,032,1,8,1,1,М
,,,,,,,,,весовая категория 92 кг,102,033,1,8,1,1,М
,,,,,,,,,весовая категория 92+ кг,102,034,1,8,1,1,М
,,,,,,,,,спарринг - командные соревнования,102,035,1,8,1,1,Я
,,,,,,,,,спарринг постановочный - самооборона,102,036,1,8,1,1,Я
,,,,,,,,,формальный комплекс - 9 упражнений,102,037,1,8,1,1,Н
,,,,,,,,,формальный комплекс - 12 упражнений,102,038,1,8,1,1,Я
,,,,,,,,,формальный комплекс - 15 упражнений,102,039,1,8,1,1,Я
,,,,,,,,,формальный комплекс - 18 упражнений,102,040,1,8,1,1,Я
,,,,,,,,,формальный комплекс - 21 упражнение,102,041,1,8,1,1,Л
,,,,,,,,,формальный комплекс - 23 упражнения,102,042,1,8,1,1,Л
,,,,,,,,,формальный комплекс - 24 упражнения,102,043,1,8,1,1,Л
,,,,,,,,,формальный комплекс - группа,102,044,1,8,1,1,Я
,,,,,,,,,разбивание досок,102,045,1,8,1,1,Л
,,,,,,,,,разбивание досок - группа,102,046,1,8,1,1,Л
,,,,,,,,,специальная техника,102,047,1,8,1,1,Я
,,,,,,,,,специальная техника - группа,102,048,1,8,1,1,Я
135,Тхэквондо МФТ,183,000,1,4,1,1,Я,весовая категория 30 кг,183,001,1,8,1,1,Н
,,,,,,,,,весовая категория 36 кг,183,002,1,8,1,1,Н
,,,,,,,,,весовая категория 38 кг,183,003,1,8,1,1,Д
,,,,,,,,,весовая категория 42 кг,183,004,1,8,1,1,Н
,,,,,,,,,весовая категория 45 кг,183,005,1,8,1,1,Н
,,,,,,,,,весовая категория 48 кг,183,006,1,8,1,1,Н
,,,,,,,,,весовая категория 48+ кг,183,007,1,8,1,1,Д
,,,,,,,,,весовая категория 50 кг,183,008,1,8,1,1,С
,,,,,,,,,весовая категория 52 кг,183,009,1,8,1,1,Ю
,,,,,,,,,весовая категория 54 кг,183,010,1,8,1,1,Н
,,,,,,,,,весовая категория 54+ кг,183,011,1,8,1,1,Н
,,,,,,,,,весовая категория 55 кг,183,012,1,8,1,1,Д
,,,,,,,,,весовая категория 56 кг,183,013,1,8,1,1,Э
,,,,,,,,,весовая категория 57 кг,183,014,1,8,1,1,М
,,,,,,,,,весовая категория 60 кг,183,015,1,8,1,1,Н
,,,,,,,,,весовая категория 60+ кг,183,016,1,8,1,1,Ю
,,,,,,,,,весовая категория 62 кг,183,017,1,8,1,1,Э
,,,,,,,,,весовая категория 63 кг,183,018,1,8,1,1,М
,,,,,,,,,весовая категория 65 кг,183,019,1,8,1,1,Д
,,,,,,,,,весовая категория 65+ кг,183,020,1,8,1,1,Д
,,,,,,,,,весовая категория 68 кг,183,021,1,8,1,1,Э
,,,,,,,,,весовая категория 70 кг,183,022,1,8,1,1,М
,,,,,,,,,весовая категория 75 кг,183,023,1,8,1,1,Э
,,,,,,,,,весовая категория 75+ кг,183,024,1,8,1,1,Э
,,,,,,,,,весовая категория 78 кг,183,025,1,8,1,1,М
,,,,,,,,,весовая категория 85 кг,183,026,1,8,1,1,М
,,,,,,,,,весовая категория 85+ кг,183,027,1,8,1,1,М
,,,,,,,,,спарринг - командные соревнования ,183,028,1,8,1,1,Я
,,,,,,,,,спарринг - постановочный,183,029,1,8,1,1,Я
,,,,,,,,,туль - 12 упражнений,183,030,1,8,1,1,Я
,,,,,,,,,туль - 15 упражнений,183,031,1,8,1,1,Я
,,,,,,,,,туль - 18 упражнений,183,032,1,8,1,1,Я
,,,,,,,,,туль - 21 упражнение,183,033,1,8,1,1,Л
,,,,,,,,,туль - группа,183,034,1,8,1,1,Я
,,,,,,,,,разбивание досок,183,035,1,8,1,1,Я
,,,,,,,,,разбивание досок - группа,183,036,1,8,1,1,Я
,,,,,,,,,специальная техника  ,183,037,1,8,1,1,Я
,,,,,,,,,специальная техника - группа,183,038,1,8,1,1,Я
,,,,,,,,,специальная техника - командные соревнования ,183,039,1,8,1,1,Я
136,Тяжелая атлетика,048,000,1,6,1,1,Я,весовая категория 29 кг - двоеборье,048,001,1,8,1,1,Д
,,,,,,,,,весовая категория 31 кг - двоеборье,048,002,1,8,1,1,Д
,,,,,,,,,весовая категория 33 кг - двоеборье,048,003,1,8,1,1,Н
,,,,,,,,,весовая категория 35 кг - двоеборье,048,004,1,8,1,1,Н
,,,,,,,,,весовая категория 37 кг - двоеборье,048,005,1,8,1,1,Н
,,,,,,,,,весовая категория 40 кг - двоеборье,048,006,1,8,1,1,Д
,,,,,,,,,весовая категория 40 кг - рывок,048,007,1,8,1,1,Д
,,,,,,,,,весовая категория 40 кг - толчок,048,008,1,8,1,1,Д
,,,,,,,,,весовая категория 41 кг - двоеборье,048,009,1,8,1,1,Ю
,,,,,,,,,весовая категория 45 кг - двоеборье,048,010,1,8,1,1,С
,,,,,,,,,весовая категория 45 кг - рывок,048,011,1,8,1,1,С
,,,,,,,,,весовая категория 45 кг - толчок,048,012,1,8,1,1,С
,,,,,,,,,весовая категория 49 кг - двоеборье,048,013,1,6,1,1,С
,,,,,,,,,весовая категория 49 кг - рывок,048,014,1,6,1,1,С
,,,,,,,,,весовая категория 49 кг - толчок,048,015,1,6,1,1,С
,,,,,,,,,весовая категория 55 кг - двоеборье,048,016,1,8,1,1,Я
,,,,,,,,,весовая категория 55 кг - рывок,048,017,1,8,1,1,Я
,,,,,,,,,весовая категория 55 кг - толчок,048,018,1,8,1,1,Я
,,,,,,,,,весовая категория 59 кг - двоеборье,048,019,1,6,1,1,Б
,,,,,,,,,весовая категория 59 кг - рывок,048,020,1,6,1,1,Б
,,,,,,,,,весовая категория 59 кг - толчок,048,021,1,6,1,1,Б
,,,,,,,,,весовая категория 61 кг - двоеборье,048,022,1,6,1,1,А
,,,,,,,,,весовая категория 61 кг - рывок,048,023,1,6,1,1,А
,,,,,,,,,весовая категория 61 кг - толчок,048,024,1,6,1,1,А
,,,,,,,,,весовая категория 64 кг - двоеборье,048,025,1,8,1,1,Б
,,,,,,,,,весовая категория 64 кг - рывок,048,026,1,8,1,1,Б
,,,,,,,,,весовая категория 64 кг - толчок,048,027,1,8,1,1,Б
,,,,,,,,,весовая категория 67 кг - двоеборье,048,028,1,8,1,1,А
,,,,,,,,,весовая категория 67 кг - рывок,048,029,1,8,1,1,А
,,,,,,,,,весовая категория 67 кг - толчок,048,030,1,8,1,1,А
,,,,,,,,,весовая категория 71 кг - двоеборье,048,031,1,6,1,1,Б
,,,,,,,,,весовая категория 71 кг - рывок,048,032,1,6,1,1,Б
,,,,,,,,,весовая категория 71 кг - толчок,048,033,1,6,1,1,Б
,,,,,,,,,весовая категория 73 кг - двоеборье,048,034,1,6,1,1,А
,,,,,,,,,весовая категория 73 кг - рывок,048,035,1,6,1,1,А
,,,,,,,,,весовая категория 73 кг - толчок,048,036,1,6,1,1,А
,,,,,,,,,весовая категория 76 кг - двоеборье,048,037,1,8,1,1,Б
,,,,,,,,,весовая категория 76 кг - рывок,048,038,1,8,1,1,Б
,,,,,,,,,весовая категория 76 кг - толчок,048,039,1,8,1,1,Б
,,,,,,,,,весовая категория 81 кг - двоеборье,048,040,1,6,1,1,Я
,,,,,,,,,весовая категория 81 кг - рывок,048,041,1,6,1,1,Я
,,,,,,,,,весовая категория 81 кг - толчок,048,042,1,6,1,1,Я
,,,,,,,,,весовая категория 81+ кг - двоеборье,048,043,1,6,1,1,Б
,,,,,,,,,весовая категория 81+ кг - рывок,048,044,1,6,1,1,Б
,,,,,,,,,весовая категория 81+ кг - толчок,048,045,1,6,1,1,Б
,,,,,,,,,весовая категория 87 кг - двоеборье,048,046,1,8,1,1,Б
,,,,,,,,,весовая категория 87 кг - рывок,048,047,1,8,1,1,Б
,,,,,,,,,весовая категория 87 кг - толчок,048,048,1,8,1,1,Б
,,,,,,,,,весовая категория 87+ кг - двоеборье,048,049,1,8,1,1,Б
,,,,,,,,,весовая категория 87+ кг - рывок,048,050,1,8,1,1,Б
,,,,,,,,,весовая категория 87+ кг - толчок,048,051,1,8,1,1,Б
,,,,,,,,,весовая категория 89 кг - двоеборье,048,052,1,6,1,1,А
,,,,,,,,,весовая категория 89 кг - рывок,048,053,1,6,1,1,А
,,,,,,,,,весовая категория 89 кг - толчок,048,054,1,6,1,1,А
,,,,,,,,,весовая категория 96 кг - двоеборье,048,055,1,8,1,1,А
,,,,,,,,,весовая категория 96 кг - рывок,048,056,1,8,1,1,А
,,,,,,,,,весовая категория 96 кг - толчок,048,057,1,8,1,1,А
,,,,,,,,,весовая категория 102 кг - двоеборье,048,058,1,6,1,1,А
,,,,,,,,,весовая категория 102 кг - рывок,048,059,1,6,1,1,А
,,,,,,,,,весовая категория 102 кг - толчок,048,060,1,6,1,1,А
,,,,,,,,,весовая категория 102+ кг - двоеборье,048,061,1,6,1,1,А
,,,,,,,,,весовая категория 102+ кг - рывок,048,062,1,6,1,1,А
,,,,,,,,,весовая категория 102+ кг - толчок,048,063,1,6,1,1,А
,,,,,,,,,весовая категория 109 кг - двоеборье,048,064,1,8,1,1,А
,,,,,,,,,весовая категория 109 кг - рывок,048,065,1,8,1,1,А
,,,,,,,,,весовая категория 109 кг - толчок,048,066,1,8,1,1,А
,,,,,,,,,весовая категория 109+ кг - двоеборье,048,067,1,8,1,1,А
,,,,,,,,,весовая категория 109+ кг - рывок,048,068,1,8,1,1,А
,,,,,,,,,весовая категория 109+ кг - толчок,048,069,1,8,1,1,А
137,Универсальный бой,165,000,5,4,1,1,Я,весовая категория 28 кг,165,001,1,8,1,1,Д
,,,,,,,,,весовая категория 32 кг,165,002,1,8,1,1,Д
,,,,,,,,,весовая категория 35 кг,165,003,1,8,1,1,Ю
,,,,,,,,,весовая категория 37 кг,165,004,1,8,1,1,Д
,,,,,,,,,весовая категория 40 кг,165,005,1,8,1,1,Ю
,,,,,,,,,весовая категория 42 кг,165,006,1,8,1,1,Д
,,,,,,,,,весовая категория 45 кг,165,007,1,8,1,1,Н
,,,,,,,,,весовая категория 47 кг,165,008,1,8,1,1,Д
,,,,,,,,,весовая категория 47+ кг,165,009,1,8,1,1,Д
,,,,,,,,,весовая категория 48 кг,165,010,1,8,1,1,Б
,,,,,,,,,весовая категория 50 кг,165,011,1,8,1,1,Ю
,,,,,,,,,весовая категория 52 кг,165,012,1,8,1,1,Б
,,,,,,,,,весовая категория 52+ кг,165,013,1,8,1,1,Д
,,,,,,,,,весовая категория 55 кг,165,014,1,8,1,1,Ю
,,,,,,,,,весовая категория 55+ кг,165,015,1,8,1,1,Ю
,,,,,,,,,весовая категория 57 кг,165,016,1,8,1,1,Б
,,,,,,,,,весовая категория 60 кг,165,017,1,8,1,1,А
,,,,,,,,,весовая категория 62 кг,165,018,1,8,1,1,Д
,,,,,,,,,весовая категория 62+ кг,165,019,1,8,1,1,Д
,,,,,,,,,весовая категория 63 кг,165,020,1,8,1,1,Ж
,,,,,,,,,весовая категория 65 кг,165,021,1,8,1,1,А
,,,,,,,,,весовая категория 70 кг,165,022,1,8,1,1,Я
,,,,,,,,,весовая категория 70+ кг,165,023,1,8,1,1,Н
,,,,,,,,,весовая категория 75 кг,165,024,1,8,1,1,А
,,,,,,,,,весовая категория 78 кг,165,025,1,8,1,1,Ж
,,,,,,,,,весовая категория 78+ кг,165,026,1,8,1,1,Ж
,,,,,,,,,весовая категория 80 кг,165,027,1,8,1,1,А
,,,,,,,,,весовая категория 80+ кг,165,028,1,8,1,1,Ю
,,,,,,,,,весовая категория 85 кг,165,029,1,8,1,1,А
,,,,,,,,,весовая категория 90 кг,165,030,1,8,1,1,А
,,,,,,,,,весовая категория 95 кг,165,031,1,8,1,1,А
,,,,,,,,,весовая категория 95+ кг,165,032,1,8,1,1,А
,,,,,,,,,ЗМ весовая категория 62 кг,165,060,3,8,1,1,Ж
,,,,,,,,,ЗМ весовая категория 80 кг,165,061,3,8,1,1,М
,,,,,,,,,лайт-весовая категория 32 кг,165,033,1,8,1,1,Д
,,,,,,,,,лайт-весовая категория 37 кг,165,034,1,8,1,1,Д
,,,,,,,,,лайт-весовая категория 42 кг,165,035,1,8,1,1,Д
,,,,,,,,,лайт-весовая категория 45 кг,165,036,1,8,1,1,Н
,,,,,,,,,лайт-весовая категория 47 кг,165,037,1,8,1,1,Д
,,,,,,,,,лайт-весовая категория 48 кг,165,038,1,8,1,1,Б
,,,,,,,,,лайт-весовая категория 50 кг,165,039,1,8,1,1,Ю
,,,,,,,,,лайт-весовая категория 52 кг,165,040,1,8,1,1,Б
,,,,,,,,,лайт-весовая категория 52+ кг,165,041,1,8,1,1,Д
,,,,,,,,,лайт-весовая категория 55 кг,165,042,1,8,1,1,Ю
,,,,,,,,,лайт-весовая категория 57 кг,165,043,1,8,1,1,Б
,,,,,,,,,лайт-весовая категория 60 кг,165,044,1,8,1,1,А
,,,,,,,,,лайт-весовая категория 62 кг,165,045,1,8,1,1,Д
,,,,,,,,,лайт-весовая категория 62+ кг,165,046,1,8,1,1,Д
,,,,,,,,,лайт-весовая категория 63 кг,165,047,1,8,1,1,Ж
,,,,,,,,,лайт-весовая категория 65 кг,165,048,1,8,1,1,А
,,,,,,,,,лайт-весовая категория 70 кг,165,049,1,8,1,1,Я
,,,,,,,,,лайт-весовая категория 70+ кг,165,050,1,8,1,1,Н
,,,,,,,,,лайт-весовая категория 75 кг,165,051,1,8,1,1,А
,,,,,,,,,лайт-весовая категория 78 кг,165,052,1,8,1,1,Ж
,,,,,,,,,лайт-весовая категория 78+ кг,165,053,1,8,1,1,Ж
,,,,,,,,,лайт-весовая категория 80 кг,165,054,1,8,1,1,А
,,,,,,,,,лайт-весовая категория 80+ кг,165,055,1,8,1,1,Ю
,,,,,,,,,лайт-весовая категория 85 кг,165,056,1,8,1,1,А
,,,,,,,,,лайт-весовая категория 90 кг,165,057,1,8,1,1,А
,,,,,,,,,лайт-весовая категория 95 кг,165,058,1,8,1,1,А
,,,,,,,,,лайт-весовая категория 95+ кг,165,059,1,8,1,1,А
,,,,,,,,,средства защиты - весовая категория 32 кг,165,062,1,8,1,1,Д
,,,,,,,,,средства защиты - весовая категория 33 кг,165,063,1,8,1,1,Ю
,,,,,,,,,средства защиты - весовая категория 36 кг,165,064,1,8,1,1,Ю
,,,,,,,,,средства защиты - весовая категория 39 кг,165,065,1,8,1,1,Ю
,,,,,,,,,средства защиты - весовая категория 40 кг,165,066,1,8,1,1,Д
,,,,,,,,,средства защиты - весовая категория 42 кг,165,067,1,8,1,1,Ю
,,,,,,,,,средства защиты - весовая категория 44 кг,165,068,1,8,1,1,Д
,,,,,,,,,средства защиты - весовая категория 45 кг,165,069,1,8,1,1,Ю
,,,,,,,,,средства защиты - весовая категория 48 кг,165,070,1,8,1,1,Д
,,,,,,,,,средства защиты - весовая категория 50 кг,165,071,1,8,1,1,Ю
,,,,,,,,,средства защиты - весовая категория 52 кг,165,072,1,8,1,1,Н
,,,,,,,,,средства защиты - весовая категория 55 кг,165,073,1,8,1,1,Ю
,,,,,,,,,средства защиты - весовая категория 57 кг,165,074,1,8,1,1,Б
,,,,,,,,,средства защиты - весовая категория 57+ кг,165,075,1,8,1,1,Д
,,,,,,,,,средства защиты - весовая категория 60 кг,165,076,1,8,1,1,А
,,,,,,,,,средства защиты - весовая категория 60+ кг,165,077,1,8,1,1,Ю
,,,,,,,,,средства защиты - весовая категория 62 кг,165,078,1,8,1,1,Б
,,,,,,,,,средства защиты - весовая категория 65 кг,165,079,1,8,1,1,А
,,,,,,,,,средства защиты - весовая категория 68 кг,165,080,1,8,1,1,Б
,,,,,,,,,средства защиты - весовая категория 68+ кг,165,081,1,8,1,1,Д
,,,,,,,,,средства защиты - весовая категория 70 кг,165,082,1,8,1,1,А
,,,,,,,,,средства защиты - весовая категория 70+ кг,165,083,1,8,1,1,Ю
,,,,,,,,,средства защиты - весовая категория 74 кг,165,084,1,8,1,1,Б
,,,,,,,,,средства защиты - весовая категория 75 кг,165,085,1,8,1,1,А
,,,,,,,,,средства защиты - весовая категория 80 кг,165,086,1,8,1,1,Я
,,,,,,,,,средства защиты - весовая категория 80+ кг,165,087,1,8,1,1,С
,,,,,,,,,средства защиты - весовая категория 85 кг,165,088,1,8,1,1,М
,,,,,,,,,средства защиты - весовая категория 85+ кг,165,089,1,8,1,1,М
138,Ушу,087,000,1,5,1,1,Я,таолу - гунь шу,087,001,1,8,1,1,Я
,,,,,,,,,таолу - дао шу,087,002,1,8,1,1,Я
,,,,,,,,,таолу - дуйлянь,087,003,1,8,1,1,Я
,,,,,,,,,таолу - дуйлянь цисе,087,025,1,8,1,1,Я
,,,,,,,,,таолу - наньгунь,087,004,1,8,1,1,Я
,,,,,,,,,таолу - наньдао,087,005,1,8,1,1,Я
,,,,,,,,,таолу - наньцюань,087,006,1,8,1,1,Я
,,,,,,,,,таолу - тайцзи цзянь,087,007,1,8,1,1,Я
,,,,,,,,,таолу - тайцзицюань,087,008,1,8,1,1,Я
,,,,,,,,,таолу - цзитисянму,087,026,1,8,1,1,Я
,,,,,,,,,таолу - цзяньшу,087,009,1,8,1,1,Я
,,,,,,,,,таолу - цяншу,087,010,1,8,1,1,Я
,,,,,,,,,таолу - чанцюань,087,011,1,8,1,1,Я
,,,,,,,,,кунгфу - традиционное ушу бинци,087,012,1,8,1,1,Я
,,,,,,,,,кунгфу - традиционное ушу гуньшу,087,037,1,8,1,1,Я
,,,,,,,,,кунгфу - традиционное ушу дуаньбин,087,033,1,8,1,1,Я
,,,,,,,,,кунгфу - традиционное ушу дуйлянь,087,038,1,8,1,1,Я
,,,,,,,,,кунгфу - традиционное ушу дуйлянь цисе,087,039,1,8,1,1,Я
,,,,,,,,,кунгфу - традиционное ушу жуаньбин,087,035,1,8,1,1,Я
,,,,,,,,,кунгфу - традиционное ушу - многоборье,087,040,1,8,1,1,Я
,,,,,,,,,кунгфу - традиционное ушу цюаньшу - 1 группа,087,013,1,8,1,1,Я
,,,,,,,,,кунгфу - традиционное ушу цюаньшу - 2 группа,087,028,1,8,1,1,Я
,,,,,,,,,кунгфу - традиционное ушу цюаньшу - 3 группа,087,029,1,8,1,1,Я
,,,,,,,,,кунгфу - традиционное ушу цюаньшу - 4 группа,087,030,1,8,1,1,Я
,,,,,,,,,кунгфу - традиционное ушу цюаньшу - 5 группа,087,031,1,8,1,1,Я
,,,,,,,,,кунгфу - традиционное ушу цюаньшу - 6 группа,087,032,1,8,1,1,Я
,,,,,,,,,кунгфу - традиционное ушу чанбин,087,034,1,8,1,1,Я
,,,,,,,,,кунгфу - традиционное ушу шуанбин,087,036,1,8,1,1,Я
,,,,,,,,,таолу - многоборье,087,027,1,8,1,1,Я
,,,,,,,,,юнчуньцюань - весовая категория 48 кг,087,041,1,8,1,1,Я
,,,,,,,,,юнчуньцюань - весовая категория 52 кг,087,042,1,8,1,1,Я
,,,,,,,,,юнчуньцюань - весовая категория 56 кг,087,043,1,8,1,1,Я
,,,,,,,,,юнчуньцюань - весовая категория 60 кг,087,044,1,8,1,1,Я
,,,,,,,,,юнчуньцюань - весовая категория 65 кг,087,045,1,8,1,1,Я
,,,,,,,,,юнчуньцюань - весовая категория 70 кг,087,046,1,8,1,1,Я
,,,,,,,,,юнчуньцюань - весовая категория 75 кг,087,047,1,8,1,1,Я
,,,,,,,,,юнчуньцюань - весовая категория 80 кг,087,048,1,8,1,1,Я
,,,,,,,,,юнчуньцюань - весовая категория 85 кг,087,049,1,8,1,1,А
,,,,,,,,,юнчуньцюань - весовая категория 90 кг,087,050,1,8,1,1,А
,,,,,,,,,юнчуньцюань - весовая категория 90+ кг,087,051,1,8,1,1,А
,,,,,,,,,юнчуньцюань - гуйдин,087,052,1,8,1,1,Я
,,,,,,,,,юнчуньцюань - гуйдин дуйда,087,053,1,8,1,1,Я
,,,,,,,,,юнчуньцюань - гунь,087,054,1,8,1,1,Я
,,,,,,,,,юнчуньцюань - мужэньчжуан,087,055,1,8,1,1,Я
,,,,,,,,,юнчуньцюань - традиционные формы,087,056,1,8,1,1,Я
,,,,,,,,,юнчуньцюань - шуандао,087,057,1,8,1,1,Я
,,,,,,,,,саньда - весовая категория 48 кг,087,014,1,8,1,1,Я
,,,,,,,,,саньда - весовая категория 52 кг,087,015,1,8,1,1,Я
,,,,,,,,,саньда - весовая категория 56 кг,087,016,1,8,1,1,Я
,,,,,,,,,саньда - весовая категория 60 кг,087,017,1,8,1,1,Я
,,,,,,,,,саньда - весовая категория 65 кг,087,018,1,8,1,1,Я
,,,,,,,,,саньда - весовая категория 70 кг,087,019,1,8,1,1,Г
,,,,,,,,,саньда - весовая категория 75 кг,087,020,1,8,1,1,Г
,,,,,,,,,саньда - весовая категория 80 кг,087,021,1,8,1,1,А
,,,,,,,,,саньда - весовая категория 85 кг,087,022,1,8,1,1,М
,,,,,,,,,саньда - весовая категория 90 кг,087,023,1,8,1,1,М
,,,,,,,,,саньда - весовая категория 90+ кг,087,024,1,8,1,1,М
139,Фехтование,020,000,1,6,1,1,Я,рапира,020,001,1,6,1,1,Я
,,,,,,,,,рапира - командные соревнования,020,002,1,6,1,1,Я
,,,,,,,,,сабля,020,003,1,6,1,1,Я
,,,,,,,,,сабля - командные соревнования,020,004,1,6,1,1,Я
,,,,,,,,,шпага,020,005,1,6,1,1,Я
,,,,,,,,,шпага - командные соревнования,020,006,1,6,1,1,Я
,,,,,,,,,арт-фехтование -   упражнение группа,020,008,1,8,1,1,Л
,,,,,,,,,арт-фехтование -   упражнение соло,020,007,1,8,1,1,Л
,,,,,,,,,арт-фехтование -дуэт - античность,020,009,1,8,1,1,Л
,,,,,,,,,арт-фехтование -дуэт - от XVI века,020,010,1,8,1,1,Л
,,,,,,,,,арт-фехтование -  дуэт- свободный стиль,020,011,1,8,1,1,Л
,,,,,,,,,арт-фехтование - группа - античность,020,012,1,8,1,1,Л
,,,,,,,,,арт-фехтование - группа - от XVI века,020,013,1,8,1,1,Л
,,,,,,,,,арт-фехтование - группа - свободный стиль,020,014,1,8,1,1,Л
140,Фигурное катание на коньках ,050,000,3,6,1,1,Я,одиночное катание,050,001,3,6,1,1,Я
,,,,,,,,,парное катание,050,002,3,6,1,1,Я
,,,,,,,,,танцы на льду,050,003,3,6,1,1,Я
,,,,,,,,,синхронное катание,050,004,3,8,1,1,Я
,,,,,,,,,командные соревнования,050,005,3,6,1,1,Л
141,Фиджитал спорт (функционально-цифровой спорт),191,000,8,3,1,1,Л,двоеборье - автомодель,191,003,2,8,1,1,Л
,,,,,,,,,двоеборье - единоборство,191,004,2,8,1,1,М
,,,,,,,,,двоеборье - тактическая стрельба,191,001,2,8,1,1,Л
,,,,,,,,,преследование с препятствиями,191,005,2,8,1,1,Л
,,,,,,,,,ритм - симулятор,191,002,1,8,1,1,Л
142,Фитнес-аэробика,125,000,1,3,1,1,Я,аэробика,125,001,1,8,1,1,Я
,,,,,,,,,аэробика (5 человек),125,004,1,8,1,1,Я
,,,,,,,,,степ - аэробика,125,002,1,8,1,1,Я
,,,,,,,,,хип - хоп,125,003,1,8,1,1,Я
,,,,,,,,,хип - хоп - большая группа,125,006,1,8,1,1,Л
143,Флорбол,138,000,2,4,1,1,Я,флорбол,138,001,2,8,1,1,Я
144,Фристайл,051,000,3,6,1,1,Я,акробатика,051,001,3,6,1,1,Я
,,,,,,,,,акробатика - группа - смешанная,051,008,3,6,1,1,Я
,,,,,,,,,биг-эйр,051,007,3,6,1,1,Я
,,,,,,,,,могул,051,002,3,6,1,1,Я
,,,,,,,,,парный могул,051,003,3,6,1,1,Я
,,,,,,,,,ски-кросс,051,004,3,6,1,1,Я
,,,,,,,,,хаф-пайп,051,005,3,6,1,1,Я
,,,,,,,,,слоуп-стайл,051,006,3,6,1,1,Я
145,Функциональное многоборье,134,000,1,3,1,1,Я,весовая категория 53 кг,134,001,1,3,1,1,Д
,,,,,,,,,весовая категория 53+ кг,134,002,1,3,1,1,Д
,,,,,,,,,весовая категория 58 кг,134,003,1,3,1,1,Д
,,,,,,,,,весовая категория 58+ кг,134,004,1,3,1,1,Д
,,,,,,,,,весовая категория 60 кг,134,005,1,3,1,1,Ю
,,,,,,,,,весовая категория 60+ кг,134,006,1,3,1,1,Ю
,,,,,,,,,весовая категория 63 кг,134,007,1,3,1,1,Б
,,,,,,,,,весовая категория 63+ кг,134,008,1,3,1,1,Б
,,,,,,,,,весовая категория 70 кг,134,009,1,3,1,1,Ю
,,,,,,,,,весовая категория 70+ кг,134,010,1,3,1,1,Ю
,,,,,,,,,весовая категория 85 кг,134,011,1,3,1,1,А
,,,,,,,,,весовая категория 85+ кг,134,012,1,3,1,1,А
,,,,,,,,,абсолютная категория,134,013,1,3,1,1,Л
,,,,,,,,,группа,134,014,1,3,1,1,Л
146,Футбол,001,000,2,6,1,1,Я,футбол,001,001,2,6,1,1,Я
,,,,,,,,,футзал,001,002,2,8,1,1,Я
,,,,,,,,,пляжный футбол,001,003,2,8,1,1,Я
,,,,,,,,,мини - футбол,001,005,2,8,1,1,Я
,,,,,,,,,футбольное двоеборье,001,006,2,8,1,1,Л
,,,,,,,,,интерактивный футбол,001,004,2,8,1,1,Л
,,,,,,,,,ПОДА - футбол на электроколясках,001,007,2,7,1,1,Л
147,Футбол лиц с заболеванием ЦП,120,000,2,7,1,1,А,футбол лиц с заболеванием ЦП,120,001,2,7,1,1,А
148,Хапкидо,177,000,1,4,1,1,А,весовая категория 29 кг,177,001,1,8,1,1,Д
,,,,,,,,,весовая категория 33 кг,177,002,1,8,1,1,Н
,,,,,,,,,весовая категория 37 кг,177,003,1,8,1,1,Н
,,,,,,,,,весовая категория 41 кг,177,004,1,8,1,1,Н
,,,,,,,,,весовая категория 42 кг,177,005,1,8,1,1,Д
,,,,,,,,,весовая категория 44 кг,177,006,1,8,1,1,Д
,,,,,,,,,весовая категория 45 кг,177,007,1,8,1,1,Ю
,,,,,,,,,весовая категория 46 кг,177,008,1,8,1,1,Б
,,,,,,,,,весовая категория 47 кг,177,009,1,8,1,1,Д
,,,,,,,,,весовая категория 48 кг,177,010,1,8,1,1,Ю
,,,,,,,,,весовая категория 49 кг,177,011,1,8,1,1,С
,,,,,,,,,весовая категория 51 кг,177,012,1,8,1,1,Н
,,,,,,,,,весовая категория 52 кг,177,013,1,8,1,1,Д
,,,,,,,,,весовая категория 53 кг,177,014,1,8,1,1,С
,,,,,,,,,весовая категория 54 кг,177,015,1,8,1,1,А
,,,,,,,,,весовая категория 55 кг,177,016,1,8,1,1,Н
,,,,,,,,,весовая категория 57 кг,177,017,1,8,1,1,С
,,,,,,,,,весовая категория 58 кг,177,018,1,8,1,1,А
,,,,,,,,,весовая категория 59 кг,177,019,1,8,1,1,Н
,,,,,,,,,весовая категория 59+ кг,177,020,1,8,1,1,Д
,,,,,,,,,весовая категория 61 кг,177,021,1,8,1,1,Ю
,,,,,,,,,весовая категория 62 кг,177,022,1,8,1,1,Б
,,,,,,,,,весовая категория 63 кг,177,023,1,8,1,1,Ф
,,,,,,,,,весовая категория 65 кг,177,024,1,8,1,1,Ю
,,,,,,,,,весовая категория 65+ кг,177,025,1,8,1,1,Ю
,,,,,,,,,весовая категория 67 кг,177,026,1,8,1,1,Б
,,,,,,,,,весовая категория 68 кг,177,027,1,8,1,1,Ф
,,,,,,,,,весовая категория 68+ кг,177,028,1,8,1,1,Д
,,,,,,,,,весовая категория 73 кг,177,029,1,8,1,1,С
,,,,,,,,,весовая категория 73+ кг,177,030,1,8,1,1,Б
,,,,,,,,,весовая категория 74 кг,177,031,1,8,1,1,А
,,,,,,,,,весовая категория 78 кг,177,032,1,8,1,1,Ю
,,,,,,,,,весовая категория 78+ кг,177,033,1,8,1,1,Ю
,,,,,,,,,весовая категория 80 кг,177,034,1,8,1,1,А
,,,,,,,,,весовая категория 87 кг,177,035,1,8,1,1,А
,,,,,,,,,весовая категория 87+ кг,177,036,1,8,1,1,А
,,,,,,,,,приемы самообороны,177,037,1,8,1,1,Я
,,,,,,,,,поединок постановочный - пара,177,038,1,8,1,1,Я
,,,,,,,,,поединок постановочный - группа,177,039,1,8,1,1,Я
,,,,,,,,,комплекс свободный - меч,177,040,1,8,1,1,Я
,,,,,,,,,комплекс свободный - шест,177,041,1,8,1,1,Я
,,,,,,,,,комплекс свободный - парные двойные цепы,177,042,1,8,1,1,Я
,,,,,,,,,комплекс свободный - парные веера,177,043,1,8,1,1,Я
149,Хоккей,003,000,6,6,1,1,Я,хоккей,003,001,4,6,1,1,Я
,,,,,,,,,"хоккей 2х2, 3х3, 4х4",003,002,4,8,1,1,Я
,,,,,,,,,хоккейное двоеборье,003,004,4,8,1,1,М
,,,,,,,,,интерактивный хоккей,003,003,2,8,1,1,Л
150,Хоккей на траве,032,000,2,6,1,1,Я,хоккей на траве,032,001,2,6,1,1,Я
,,,,,,,,,хоккей на траве 5х5,032,003,2,8,1,1,Я
,,,,,,,,,индорхоккей,032,002,2,8,1,1,Я
151,Хоккей с мячом,140,000,4,5,1,1,Я, хоккей с мячом,140,001,4,8,1,1,Я
,,,,,,,,,мини хоккей с мячом,140,002,4,8,1,1,Я
152,Художественная гимнастика,052,000,1,6,1,1,Я,булавы,052,001,1,8,1,1,Я
,,,,,,,,,гимнастическая палка,052,007,1,8,1,1,А
,,,,,,,,,гимнастические кольца,052,008,1,8,1,1,А
,,,,,,,,,групповое упражнение,052,009,1,8,1,1,А
,,,,,,,,,лента,052,010,1,8,1,1,Б
,,,,,,,,,мяч,052,002,1,8,1,1,Б
,,,,,,,,,обруч,052,003,1,8,1,1,Б
,,,,,,,,,скакалка,052,004,1,8,1,1,Я
,,,,,,,,,многоборье - командные соревнования,052,011,1,8,1,1,Б
,,,,,,,,,многоборье,052,005,1,6,1,1,Б
,,,,,,,,,без предмета упражнение,052,015,1,8,1,1,Б
,,,,,,,,,двойки - многоборье,052,016,1,8,1,1,Б
,,,,,,,,,тройки - многоборье,052,017,1,8,1,1,Б
,,,,,,,,,групповое упражнение - многоборье,052,006,1,6,1,1,Б
,,,,,,,,,групповое упражнение -два предмета,052,013,1,8,1,1,Ж
,,,,,,,,,групповое упражнение -один предмет,052,012,1,8,1,1,Б
,,,,,,,,,командные соревнования (многоборье - командные соревнования + групповое упражнение - многоборье),052,014,1,8,1,1,Б
153,Чир спорт,104,000,1,5,1,1,Я,чир - джаз - двойка,104,001,1,8,1,1,Я
,,,,,,,,,чир - джаз - группа,104,002,1,8,1,1,Я
,,,,,,,,,чир - фристайл - двойка,104,003,1,8,1,1,Я
,,,,,,,,,чир - фристайл - группа,104,004,1,8,1,1,Я
,,,,,,,,,чир - хип-хоп - двойка,104,005,1,8,1,1,Я
,,,,,,,,,чир - хип-хоп - группа,104,006,1,8,1,1,Я
,,,,,,,,,чирлидинг - группа,104,007,1,8,1,1,Б
,,,,,,,,,чирлидинг - группа - смешанная,104,008,1,8,1,1,Я
,,,,,,,,,чирлидинг - стант,104,009,1,8,1,1,Б
,,,,,,,,,чирлидинг - стант - смешанный,104,010,1,8,1,1,Я
,,,,,,,,,чирлидинг - стант - партнерский,104,011,1,8,1,1,Л
,,,,,,,,,батон - твирлинг - произвольная программа,104,012,1,8,1,1,Я
,,,,,,,,,батон - твирлинг - произвольная программа - двойка,104,013,1,8,1,1,Я
,,,,,,,,,батон - твирлинг - произвольная программа - группа (6-8 человек),104,014,1,8,1,1,Я
,,,,,,,,,батон - твирлинг - произвольная программа - группа (8-10 человек),104,015,1,8,1,1,Я
154,Шахматы,088,000,2,5,1,1,Я,шахматы - командные соревнования,088,006,2,8,1,1,Я
,,,,,,,,,шахматы,088,001,2,8,1,1,Я
,,,,,,,,,блиц,088,002,2,8,1,1,Я
,,,,,,,,,быстрые шахматы,088,003,2,8,1,1,Я
,,,,,,,,,шахматная композиция,088,004,2,8,1,1,Я
,,,,,,,,,заочные шахматы,088,005,2,8,1,1,Л
155,Шашки,089,000,2,4,1,1,Я,русские шашки-быстрая игра,089,010,2,8,1,1,Я
,,,,,,,,,русские шашки - быстрая игра - командные соревнования,089,014,2,8,1,1,Л
,,,,,,,,,русские шашки-командные соревнования,089,006,2,8,1,1,Я
,,,,,,,,,русские шашки-молниеносная игра,089,011,2,8,1,1,Я
,,,,,,,,,русские шашки - молниеносная игра - командные соревнования,089,001,2,8,1,1,Л
,,,,,,,,,русские шашки,089,012,2,8,1,1,Я
,,,,,,,,,стоклеточные шашки-быстрая игра,089,008,2,8,1,1,Я
,,,,,,,,,стоклеточные шашки - быстрая игра - командные соревнования,089,016,2,8,1,1,Л
,,,,,,,,,стоклеточные шашки-командные соревнования,089,007,2,8,1,1,Я
,,,,,,,,,стоклеточные шашки-молниеносная игра,089,009,2,8,1,1,Я
,,,,,,,,,стоклеточные шашки - молниеносная игра - командные соревнования,089,015,2,8,1,1,Л
,,,,,,,,,стоклеточные шашки,089,002,2,8,1,1,Я
,,,,,,,,,игра по переписке,089,003,2,8,1,1,Я
,,,,,,,,,обратная игра в шашки (поддавки),089,004,2,8,1,1,Я
,,,,,,,,,шашечная композиция,089,005,2,8,1,1,Я
,,,,,,,,,рэндзю,089,013,2,8,1,1,Я
156,Эстетическая гимнастика ,058,000,1,4,1,1,Б,эстетическая гимнастика ,058,001,1,8,1,1,Б
